register_id,origin,origin_ref,publisher,publisher_type,publisher_tier,url,publish_date,date_basis,action_date,title_original,title_basis,medium,medium_basis,in_scope,scope_reason,unit,component_of,countries_named,countries_executing,orgs_named,stratum,stratum_basis,coalition_only,state_executed,private_named,private_named_basis,modality,in_census,census_exclusion,needs_review,notes
REG-2014-0001,walk-2026-08-17,CC2-38,Policja.pl - Portal polskiej Policji (KWP Olsztyn),le,1,"https://policja.pl/pol/aktualnosci/96542,Zamkneli-serwis-dla-kinomaniakow-Straty-szacuje-sie-na-26-mln-zlotych.html",2014-03-18,,2013-12,Zamknęli serwis dla kinomaniaków. Straty szacuje się na 26 mln złotych,,streaming-site,,true,"paid film/series streaming and download site (~100k videograms, 1.5 M users) -- illegal streaming site, not IPTV/pay-TV channels; in scope as illegal-streaming service",independent,,poland; hong-kong; seychelles; france; netherlands; romania; hungary; estonia; united-kingdom,poland,Policja; Prokuratura Okręgowa w Olsztynie,domestic,,false,,false,none,arrest-search; asset-seizure; hosting-takedown,true,,false,"date_source: 'Data publikacji 18.03.2014'. Searches December 2013 (action_date 2013-12); the service ceased 10 January 2014. Title as shown on the page ('Zamknęli serwis dla kinomaniaków. Straty szacuje się na 26 mln złotych'). Foreign states listed in countries_named are named only as locations of shell owners, banks and business contacts -- no foreign authority acted -> executing = poland. Prokuratura Okręgowa w Olsztynie named (opened the money-laundering investigation, issued seizure decisions) -> 2 orgs -> cooperative under the REGISTER rule; single-state on the DE rule. indictments n=4 = 'zarzuty usłyszały 4 osoby' (charges presented; PL preparatory-proceeding charging -- re-map to pending if the coordinator treats zarzuty as pre-charge); one remanded (tymczasowo aresztowana) = arrest stage. asset-seizure: PLN 700,000 + EUR 30,000 proceeds secured from payment intermediaries under prosecutor decisions (plus PLN 35,000 cash in searches). hosting-takedown is borderline: the release says the police 'zakończyli działalność' of the service; no server seizure verb. Reconstitution: the release, published >2 months after the searches, states the service ended on 10 Jan 2014 -- coded as an affirmative down-status; downgrade to not-reported if the coordinator reads it as a closure date rather than a status. Complainant = 'pełnomocnik dystrybutorów filmowych' (unnamed). Olsztyn grep hit (operation-fever) is unrelated. [STRATUM RECOMPUTED 2026-08-17: REGISTER.md was revised mid-slice to the states-only rule (organisation counts play no part); this row was first coded cooperative on the org-count reading described above and is now domestic because countries_executing=1.]"
REG-2014-0002,de,DOM-2014-1001,Hong Kong Customs and Excise Department,le,1,https://www.customs.gov.hk/en/customs-announcement/press-release/index_id_2750.html,2014-06-18,,2014-06-17,Customs detects suspected infringing case involving circumvention of paid TV channels (with photo),,hybrid,,true,syndicate uploading paid TV channels to overseas servers for set-top boxes it also sold (Ap Liu Street stall and warehouse),independent,,hong-kong,hong-kong,Hong Kong Customs,domestic,,false,,false,none,arrest-search,true,,false,"Agrees with DE domestic: 'overseas servers' is where the syndicate uploaded, no foreign authority named. arrests n=9 (6 uploaders in three residences + 3 sellers in Sham Shui Po). Servers abroad not stated seized — no hosting-takedown; the uploading equipment seized locally is evidence. Copyright owner unnamed. DISPOSITION: DOM-2017-1001 (28 Dec 2017 sentencing of three syndicate members) is this case's judicial follow-on per the DE capture notes and should be merged onto this row (indictments n=3, convictions n=3, imprisonments n=3). URL taken from the queue's sources[0].url. HKD figures. Word count includes capture frontmatter and DE extraction notes; quotes from Extracted Text only."
REG-2014-0003,walk-2026-08-17,CC2-37,policja.pl (KWP w Krakowie),le,1,"https://policja.pl/pol/aktualnosci/100031,Rozpracowali-wirtualnego-oszusta-i-zlikwidowali-centrale-sharingowaquot.html",2014-06-18,,2014-06,"Rozpracowali wirtualnego oszusta i zlikwidowali „centralę sharingową""",,cardsharing,,true,"a hidden 'sharing centre' redistributing pay-TV signal of leading digital platforms, found in the flat of an auction fraudster; the release is primarily about the auction fraud (101 counts)",independent,,poland,poland,Komendy Wojewódzkiej Policji w Krakowie; Prokuratury Rejonowej w Krakowie – Podgórzu,domestic,,false,,false,coder,arrest-search; asset-seizure,true,,false,"[orgs-rule-only] action_date 2014-06 = 'Kilka dni temu' relative to 2014-06-18. 'tymczasowo aresztowany' = pre-trial remand (arrest stage), not imprisonment. Charges presented (przedstawiono zarzuty) -> indictments n=1. Mixed case: auction fraud is the main thread; the cardsharing hub is the in-scope element. Stratum cooperative on the orgs rule only (KWP Kraków + Prokuratura Rejonowa Kraków-Podgórze, one state). [2026-08-17 coordinator: stratum cooperative->domestic by the states-only rule (DE CODEBOOK s.3 v1.11+); coder's value kept as stratum_as_coded]"
REG-2014-0004,walk-2026-08-17,DJP-19,株式会社ビーエス・コンディショナルアクセスシステムズ (B-CAS),other,2,https://www.b-cas.co.jp/info/news/20140813.html,2014-08-13,,,2014.08.13,,other,,true,"'BLACKCAS' tampered conditional-access cards enabling free viewing of Japanese pay broadcasts, sold from Taiwan to Japan — pirate CAS cards (pay-TV piracy), medium coded 'other'",independent,,taiwan; japan,taiwan,台湾警察,domestic,,true,,false,none,arrest-search,false,coalition-only,true,"fetch_text reports 40 'words' because its count splits on whitespace — meaningless for Japanese; the fetched text IS the complete (short) notice, so text_status is set to partial rather than shell (the details are in a linked PDF '発表の概要と当社の見解' not fetched). Publisher is B-CAS Co., the private CAS-card issuer relaying a Taiwan police announcement -> publisher_type other, tier 2, coalition_only true (no state release for the Taiwan action is held; the Taiwan police release was not located). Not census-eligible. Stratum domestic: only Taiwan police executed (Japan is the market). Page has no title beyond the date; title_original set to the notice's own heading '2014.08.13'. Coordinator may prefer to drop this row or treat it as shell. [2026-08-17 coordinator: text_status partial->full. The coder followed the checker's whitespace word count, which undercounts Japanese; the size rule is now CJK-aware and this complete notice is a full document.]"
REG-2014-0005,walk-2026-08-17,CC2-36,Policja (KWP w Krakowie),le,1,"https://policja.pl/pol/aktualnosci/102112,Odpowie-za-nielegalne-udostepnianie-w-sieci-materialow-telewizyjnych.html",2014-08-14,,,Odpowie za nielegalne udostępnianie w sieci materiałów telewizyjnych,,streaming-site,,true,,independent,,poland,poland,Komendy Wojewódzkiej Policji w Krakowie; Prokuratury Rejonowej w Wadowicach,domestic,,false,,false,coder,hosting-takedown; asset-seizure,true,,false,"date_source: 'Data publikacji 14.08.2014'. action_date not stated. Two named organisations with a role (KWP Kraków cyber team executes; Prokuratura Rejonowa w Wadowicach supervises the investigation) -> cooperative under the REGISTER clause; Poland only. Target: a website streaming a TV station's live martial-arts programme (and archive material) for a fee below the broadcaster's, monetised by ads (loss > PLN 110k for one broadcast); the TV station is unnamed (victim). Modality: 'zlikwidowali portal' (police shut the portal down) coded hosting-takedown -- the release does not say how (server seizure vs other), so domain-seizure/content-delisting are alternatives; car and cash secured against future penalties -> asset-seizure. Arrests: not stated ('dotarli do osoby') -> not-reported. Charged (n=1). Polish 'usłyszał zarzuty' = the suspect was formally presented with charges (postanowienie o przedstawieniu zarzutów, a charging act in the preparatory proceedings) -> counted under indictments as a filed charge; readers can re-map (CODING Column 2 non-common-law note).  [2026-08-17 coordinator: stratum cooperative->domestic by the states-only rule (DE CODEBOOK s.3 v1.11+); coder's value kept as stratum_as_coded]"
REG-2014-0006,walk-2026-08-17,CC2-35,Policja (policja.pl) — Komenda Wojewódzka Policji w Lublinie,le,1,"https://policja.pl/pol/aktualnosci/104661,Policjanci-zlikwidowali-nielegalna-siec-telewizyjna.html",2014-10-17,,2014-10,Policjanci zlikwidowali nielegalną sieć telewizyjną,,cardsharing,,true,a local ISP near Biłgoraj resold pay-TV packages of two digital platforms to its internet subscribers via cardsharing servers,independent,,poland,poland,Komenda Wojewódzka Policji w Lublinie (Zespół dw. z Przestępczością Komputerową Wydziału dw. z PG + Sekcja dw. z Cyberprzestępczością),domestic,,false,,false,none,arrest-search; hosting-takedown; end-user-action,true,,false,"publish_date 'Data publikacji 17.10.2014'; action 'W środę' -> 2014-10. Domestic: Poland; the two named units are sections of the same command (KWP Lublin) and are collapsed to one organisation (rule used across the policja.pl rows: distinct commands KWP/KPP/KMP count separately, sections of one command collapse). 27-year-old ISP owner resold 'maximum' encoded-TV packages for PLN 30 to internet subscribers since at least 2011; 'kilkadziesiąt osób' involved. No detention or charge stated ('może grozić' only) -> arrests/indictments not-reported. Modality: 6 searches incl. the ISP's premises and at recipients ('biorców') -> arrest-search + end-user-action (searches applied to identified end users); sharing servers seized ('zlikwidowali') -> hosting-takedown. Preliminary losses >PLN 100,000. No conviction/durability statement."
REG-2014-0007,walk-2026-08-17,CC2-34,Policja.pl - Portal polskiej Policji (KWP Lublin),le,1,"https://policja.pl/pol/aktualnosci/104935,Nielegalna-telewizja-przyniosla-15-mln-strat.html",2014-10-23,,2014-10-21,"Nielegalna telewizja przyniosła 1,5 mln strat",,streaming-site,,true,free websites restreaming >140 pay-TV channels (incl. encrypted volleyball world championship broadcasts),independent,,poland,poland,Policja,domestic,,false,,false,none,arrest-search,true,,false,"date_source: 'Data publikacji 23.10.2014' (Thursday); action 'w miniony wtorek' -> 2014-10-21 inferred from weekday. Title on the page reads 'Nielegalna telewizja przyniosła 1,5 mln strat' (URL slug drops the comma). The 20-year-old organiser was questioned ('przesłuchany') and gave testimony -- no arrest or charge stated -> not-reported. Free-domain owners had been blocking his sites before the action (history, not enforcement). Victim companies unnamed. Two KWP Lublin units = one org."
REG-2015-0001,walk-2026-08-17,CC2-33,policja.pl (KWP w Olsztynie),le,1,"https://policja.pl/pol/aktualnosci/111979,Zamkniecie-kolejnych-nieuczciwych-portali-filmowych-Zabezpieczono-majatek-podejr.html",2015-05-08,,2015-05-06,Zamknięcie kolejnych nieuczciwych portali filmowych. Zabezpieczono majątek podejrzanych wart około 10 mln złotych,,streaming-site,,true,"BORDERLINE: film/series streaming (VOD) portals with money laundering — illegal streaming, not IPTV/pay-TV; kept in scope under the streaming-site medium",independent,,poland; liechtenstein; united-states,poland,KWP w Olsztynie; Prokuratura Okręgowa w Olsztynie; Główny Inspektor Informacji Finansowych,domestic,,false,,false,coder,arrest-search; asset-seizure,true,,false,"[orgs-rule-only] n=4 derived-from-enumeration: main suspect Jarosław K. + 'troje wspólników' (36-year-old from Elbląg, Joanna W., Marek R.); a 'Radosław O.' is also mentioned as previously convicted — probably the Elbląg accomplice, unresolved, so 4 not 5. 'usłyszeli zarzuty' = charges presented -> indictments n=4. Police custody after arrest ('osadzeni w policyjnym areszcie') is arrest-stage. Title says the portals were closed ('Zamknięcie ... portali') but the body gives no seizure/shutdown verb for servers -> hosting-takedown NOT coded (borderline). Liechtenstein (companies/accounts) and USA (settlement company) named without any authority role; 'partnerami zagranicznymi' unnamed. Stratum cooperative on the orgs rule only (police + prosecutor + GIIF, one state). [2026-08-17 coordinator: stratum cooperative->domestic by the states-only rule (DE CODEBOOK s.3 v1.11+); coder's value kept as stratum_as_coded]"
REG-2015-0002,walk-2026-08-17,CC2-32,Policja (KWP/KMP w Szczecinie),le,1,"https://policja.pl/pol/aktualnosci/113891,Odpowiedza-za-streaming.html",2015-06-29,,,Odpowiedzą za streaming,,iptv-service,,true,,independent,,poland,poland,Wydziału dw. z Cyberprzestępczością Komendy Wojewódzkiej Policji; Komendy Miejskiej Policji w Szczecinie,domestic,,false,,false,none,arrest-search; hosting-takedown,true,,false,"date_source: 'Data publikacji 29.06.2015'. action_date not stated. Domestic: two Szczecin police units (one force); victims unnamed; 'Prokurator' generic. Two men (24, 23) restreamed pay-TV channels to the internet for a fee from three rented flats (4 PCs + cable decoder); equipment seized at all three (hosting-takedown); both detained (arrests n=2, derived-from-enumeration: 24-latek then 23-latek) and charged (n=2). Polish 'usłyszał zarzuty' = the suspect was formally presented with charges (postanowienie o przedstawieniu zarzutów, a charging act in the preparatory proceedings) -> counted under indictments as a filed charge; readers can re-map (CODING Column 2 non-common-law note). Prosecutor imposed police supervision and PLN 3k bail on one. Identification of all recipients 'trwają czynności' -- intent, not a measure -> no end-user-action."
REG-2015-0003,walk-2026-08-17,DKR-9,문화체육관광부,ministry-regulator,1,https://www.mcst.go.kr/kor/s_notice/press/pressView.jsp?pSeq=14763,2015-12-03,,,토렌트사이트에 이어 스트리밍 링크사이트까지 접속 차단,,streaming-site,,true,"BORDERLINE: 5 overseas 'streaming link sites' (link directories to works illegally posted on YouTube/Dailymotion/Tudou, up to ~90,000 links) blocked domestically — linking sites, kept under streaming-site",independent,,south-korea,south-korea,문화체육관광부; 방송통신심의위원회,domestic,,false,,false,coder,blocking-order,true,,false,"[orgs-rule-only] First MCST-requested KCSC access block of overseas streaming link sites ('최초로 차단'). Stratum cooperative on the orgs rule only (MCST requested, 방송통신심의위원회 executed; one state). Blocking date not stated. Page body carries the release text (the candidate table said .hwp-only — the HTML body is present). [2026-08-17 coordinator: stratum cooperative->domestic by the states-only rule (DE CODEBOOK s.3 v1.11+); coder's value kept as stratum_as_coded]"
REG-2016-0001,walk-2026-08-17,CC2-31,Policja (policja.pl) — Komenda Wojewódzka Policji w Olsztynie,le,1,"https://policja.pl/pol/aktualnosci/123649,W-Sieci-nielegalnie-rozpowszechniali-platne-kanaly-TV-i-programy-na-zywo.html",2016-03-13,,2016-03,W Sieci nielegalnie rozpowszechniali płatne kanały TV i programy „na żywo”,,streaming-site,,true,"linked free, ad-funded websites re-streaming live TV channels and paid live (sports) broadcasts by embedding links found online in a player",independent,,poland,poland,KWP w Olsztynie (Wydział dw. z Przestępczością Gospodarczą + Wydział dw. z Cyberprzestępczością); KWP Katowice (Wydział dw. z Cyberprzestępczością); policja Działdowo,domestic,,false,,false,none,arrest-search,true,,false,"publish_date 'Data publikacji 13.03.2016'; action 'Na początku tygodnia' -> 2016-03. Poland only. STRATUM flag 'same-force-units': three named police commands (KWP Olsztyn - two of its sections, collapsed to one command; KWP Katowice cyber unit; Działdowo police) of one force -> cooperative under the rule as written; collapse -> domestic. Free ad-funded linked streaming sites (one specialising in sports, owner from Działdowo) re-streaming live TV/paid sports; owners in southern Poland. 8 persons questioned ('przesłuchanych'); no detention, no charge stated ('grozi kara do 5 lat'; 'Sprawa ma charakter rozwojowy') -> arrests/indictments not-reported (police 'dochodzenie', no prosecutor-led language, so no pending). Search and seizure of data carriers and bank payment cards (evidence) -> arrest-search only; no site takedown/blocking verb. Losses for one channel's paid sports broadcasts ~PLN 300,000. No conviction/durability statement. [STRATUM recomputed under REGISTER.md as revised 2026-08-17 (states only; organisation counts play no part): countries_executing=['poland'] -> domestic; first-pass value under the old orgs clause was 'cooperative' - the org-count/'complainant-counted'/'same-force-units' remarks above are now descriptive only (private_named covariate).]"
REG-2016-0002,walk-2026-08-17,B21,Policía Nacional,le,1,https://www.policia.es/_es/comunicacion_prensa_detalle.php?ID=5479,2016-04-04,,,La Policía Nacional detiene a siete personas por la venta de decodificadores manipulados para el acceso ilegal a televisión de pago,,cardsharing,,true,sale of manipulated decoders on cardsharing lines giving access to pay-TV,independent,,spain,spain,"Policía Nacional; Liga de Fútbol Profesional; Brigadas de Policía Local de Tarrasa (Barcelona), Antequera (Málaga), Toledo y Córdoba",domestic,,false,,true,coder,arrest-search,true,,true,"Stratum cooperative ONLY on the orgs rule: Policía Nacional (Grupo de Fraudes en el Uso de las Telecomunicaciones) + named complainant Liga de Fútbol Profesional + named local police brigades; a single state. If the coordinator decides a complainant-only rights-holder is not 'operational', this row is domestic — flagging because it decides the stratum for most Spanish rows. No searches/seizures stated, only arrests. [promoted 2026-08-17: coded against the cookie-unlocked policia.es text; fetch rung curl_cffi+cookies_set] [2026-08-17 coordinator: stratum cooperative->domestic by the states-only rule (DE CODEBOOK s.3 v1.11+); coder's value kept as stratum_as_coded]"
REG-2016-0003,walk-2026-08-17,CC2-30,Policja.pl - Portal polskiej Policji (KWP Rzeszów),le,1,"https://policja.pl/pol/aktualnosci/125156,Policjanci-przerwali-proceder-sharingu.html",2016-04-15,,2016-04-12,Policjanci przerwali proceder sharingu,,cardsharing,,true,,independent,,poland,poland,Policja,domestic,,false,,false,none,arrest-search,true,,false,"date_source: 'Data publikacji 15.04.2016' (a Friday); searches 'we wtorek' (Tuesday) -> action_date 2016-04-12 inferred from the weekday relative to the publication date. Cardsharing server operator (46) identified from online adverts; two addresses searched, modified decoders/computers/cards seized (evidence). 'Będzie odpowiadał za sharing' is a statement of future liability, not a charge or arrest -> all judicial cells not-reported. KWP Rzeszów cyber unit + KPP Brzozów = one org."
REG-2016-0004,walk-2026-08-17,AE14,Europol,igo,1,https://www.europol.europa.eu/media-press/newsroom/news/spanish-network-behind-illegal-distribution-of-pay-tv-channels-dismantled,2016-05-25,,2016-05-18,Spanish network behind the illegal distribution of pay-TV channels dismantled,,hybrid,,true,"cardsharing via pirated decoders plus IPTV offering of >1,600 channels (Operation FAKE)",independent,,spain; germany; china,spain; germany,Spanish National Police; Tax Authorities; German local police Hanau; Europol; Eurojust,cooperative,,false,,false,none,arrest-search; hosting-takedown; asset-seizure,true,,false,"date_source: release PUBLISHED line (2016-05-25); action_date = joint action day 18 May 2016. 'Operation FAKE' is mentioned by name only in europol-ios-vii-4500-domains-counterfeit-piracy-takedown-2016 (which says it is not ingested) and the EUIPO foul-play source refers to the unrelated 'Operation Fake Star' -- not the same action. China named only as import origin of decoders (not executing). Asset-seizure coded on cash/vehicles/plane/bitcoin seized; the release does not distinguish evidence seizure from forfeiture, so this is a borderline call. Complainant 'a Spanish legitimate provider of decoders' is unnamed and not counted as an org. Cooperative on both counts (2 states executing; 5 orgs). [2026-08-18 coordinator, re-read (4 verifiers, CODING v4): asset-seizure KEPT under CODING v4 (a)+(c): the bitcoin span ('So far, 78, 3 bitcoins ... have been seized' after 'launder the illicit profits into virtual currency') carries the code; the cash/vehicles/plane inventory quote is dropped from modality_quotes as a search-list item that does not. The notes' 'Cooperative on both counts (2 states executing; 5 orgs)' predates the states-only rule; the states clause alone carries the row]"
REG-2016-0005,walk-2026-08-17,CC2-29,Policja (KWP we Wrocławiu),le,1,"https://policja.pl/pol/aktualnosci/128181,Zatrzymany-za-nielegalne-udostepnianie-sygnalu-telewizyjnego-platform-cyfrowych.html",2016-06-22,,,Zatrzymany za nielegalne udostępnianie sygnału telewizyjnego platform cyfrowych,,cardsharing,,true,,independent,,poland,poland,Wydziału dw. z Przestępczością Gospodarczą Komendy Wojewódzkiej Policji we Wrocławiu; Komendy Powiatowej Policji w Górze,domestic,,false,,false,none,arrest-search; hosting-takedown,true,,false,"date_source: 'Data publikacji 22.06.2016'. action_date not stated. Domestic: two named police units (KWP Wrocław economic-crime unit and KPP Góra) -- both are units of the single Polish Policja, so counted as ONE organisation for the stratum rule (coordinator may treat them as two, which would flip to cooperative under the REGISTER clause); victims unnamed. 38-year-old built a paid sharing server (incl. Euro 2016 matches; loss >= PLN 800k); detained; server hardware and cards seized (hosting-takedown); charged. Polish 'usłyszał zarzuty' = the suspect was formally presented with charges (postanowienie o przedstawieniu zarzutów, a charging act in the preparatory proceedings) -> counted under indictments as a filed charge; readers can re-map (CODING Column 2 non-common-law note). Court may order forfeiture of the devices -- future, not coded."
REG-2016-0006,walk-2026-08-17,DKR-10,문화체육관광부,ministry-regulator,1,https://www.mcst.go.kr/kor/s_notice/press/pressView.jsp?pSeq=15537,2016-09-08,,2016-08-25,서버를 해외에 둔 저작권 침해사이트 운영자 최초 검거,,other,,false,"download site for scanned novels/manga (어문저작물, 15,514 works) with a US-hosted server — literary/text piracy, not IPTV or streaming",independent,,south-korea; united-states,south-korea,문화체육관광부; 저작권특별사법경찰,domestic,,false,,false,none,arrest-search; hosting-takedown,false,"out-of-scope: download site for scanned novels/manga (어문저작물, 15,514 works)",false,"Out of scope (text/manga download site). Coded for completeness: operator 검거 (apprehended) at home 2016-08-25 by MCST copyright special judicial police, site closed ('사이트를 폐쇄시켰다' — mechanism unstated, coded hosting-takedown loosely); four accomplices + two scan-shop owners identified, no charges stated. US = server location only. The MCST special judicial police is a unit of the ministry, so one organisation -> domestic. Page body is the release text (본문); an .hwp attachment also exists."
REG-2016-0007,walk-2026-08-17,CC2-28,Policja (policja.pl) — Komenda Wojewódzka Policji w Rzeszowie,le,1,"https://policja.pl/pol/aktualnosci/131576,29-latek-odpowie-za-sharing.html",2016-09-09,,2016-09-07,29-latek odpowie za sharing,,cardsharing,,true,,independent,,poland,poland,Wydział do Walki z Cyberprzestępczością Komendy Wojewódzkiej Policji w Rzeszowie; komenda powiatowa w Lubaczowie,domestic,,false,,false,none,arrest-search,true,,false,"publish_date 'Data publikacji 09.09.2016'; action 'W środę (7 września 2016 r.)'. Poland only. STRATUM flag 'same-force-units': KWP Rzeszów cyber unit supported by the Lubaczów county command - two named units of one police force -> cooperative under the rule as written; collapse -> domestic. Cardsharing test-server offered via an online ad; the 29-year-old was questioned ('przesłuchany'), not stated as detained -> arrests not-reported; indictments=pending on 'odpowie' (will answer under the copyright act, up to 2 years; weak floor). Modality: address checked and equipment (computers, disks, phones, digital-TV chip cards, readers) seized -> arrest-search; the seized items are described as equipment for sharing, not as a server 'liquidated', so no hosting-takedown. Earlier stage of CC2-17? No - CC2-17 (2018) concerns a 33-year-old in Horyniec-Zdrój; different person, different year. No conviction/durability statement. [STRATUM recomputed under REGISTER.md as revised 2026-08-17 (states only; organisation counts play no part): countries_executing=['poland'] -> domestic; first-pass value under the old orgs clause was 'cooperative' - the org-count/'complainant-counted'/'same-force-units' remarks above are now descriptive only (private_named covariate).] [2026-08-18 coordinator, codex IC reg2: indictments pending -> not-reported: 'Za „sharing” odpowie 29-letni' is a police statement of future liability, not a charge presented (PL usłyszał zarzuty) nor a proceeding stated as underway/referred/awaited (CODING v4); CC2-24 'usłyszy również zarzut' (a charge WILL be presented) keeps pending]"
REG-2016-0008,walk-2026-08-17,B20,Policía Nacional,le,1,https://www.policia.es/_es/comunicacion_prensa_detalle.php?ID=5300,2016-10-31,,,La Policía Nacional detiene al responsable y a cinco “partners” de una conocida web que ofrecía sin autorización eventos deportivos en streaming,,live-sports-stream,,true,,independent,,spain,spain,"Policía Nacional; Juzgado de Instrucción Número Uno de A Coruña; Grupo de Delitos Tecnológicos de la U.D.E.F. de la Jefatura Superior de Galicia; Brigadas Provinciales de Policía Judicial de Barcelona, Girona, Madrid, Algeciras y Málaga",domestic,,false,,false,coder,arrest-search; asset-seizure,true,,false,"fetch: tools/fetch_text.py alone returns the 78-word policia.es cookie-consent shell (L57; wayback and jina failed); re-fetched in a curl_cffi session after POST /cookies_set.php (rung curl_cffi+cookies_set), text coded from that. date_source: dateline '31/10/16'. action_date not stated (arrests/searches undated; investigation began 2015). The site is not named in the release ('una conocida web' whose administrator's company is domiciled in Arteixo, A Coruña) -- this matches the public profile of Rojadirecta/Puerto 80, but the release does not say so and neither repository holds a rojadirecta/Arteixo record (grep 0), so verdict new; coordinator may want to link. Stratum: Spain only; named orgs with a role: Policía Nacional units (UDEF Galicia + provincial brigades = one organisation) and the investigating court Juzgado de Instrucción No. 1 de A Coruña which DIRECTED the investigation and ORDERED the account freeze and cessation ('La investigación, dirigida por el Juzgado'; 'La autoridad judicial ha acordado el bloqueo') -> operational role -> two named organisations -> cooperative under the REGISTER clause. Complainant 'una distribuidora de televisión digital' is unnamed -> not counted. Judicial: 6 detained (1 principal + 5 'partners', derived-from-enumeration: 'al responsable y a cinco colaboradores'). Court also ordered 'el cese de la actividad delictiva' of the six -- no site seizure/blocking verb stated, so no infrastructure code; 15 bank accounts frozen = asset-seizure. Free site monetised (no subscription); medium live-sports-stream (link guide to live sports events). [2026-08-17 coordinator: stratum cooperative->domestic by the states-only rule (DE CODEBOOK s.3 v1.11+); coder's value kept as stratum_as_coded] [2026-08-18 coordinator, re-read (4 verifiers, CODING v4): indictments not-reported -> pending (referral-inferred; prosecutor/court-led investigation stated): investigating court directs the investigation; the six are 'los investigados' and the principal had given a statement at the court (CODING v4: prosecutor/court-led investigation stated)]"
REG-2016-0009,walk-2026-08-17,CC2-27,Policja.pl - Portal polskiej Policji (KWP Gdańsk),le,1,"https://policja.pl/pol/aktualnosci/135782,Zatrzymany-za-nielegalne-udostepnianie-sygnalu-telewizyjnego.html",2016-11-30,,,Zatrzymany za nielegalne udostępnianie sygnału telewizyjnego,,cardsharing,,true,,independent,,poland,poland,Policja,domestic,,false,,false,none,arrest-search,true,,false,"date_source: 'Data publikacji 30.11.2016'. Arrest date not stated. Suspect described as member of an 'international criminal group' with servers abroad, but no foreign authority or country is named -> countries_executing = poland only, domestic. indictments n=1: 'usłyszał ... zarzuty' (charges presented) -- the quoted sentence attaches the charge to illegal-software possession ('również' = also, implying charges for the signal sharing too); coded as filed charge by analogy with the VN mapping, re-map to pending if zarzuty are treated as pre-charge. Police say they are working to switch off the foreign servers ('czynności mające na celu wyłączenie tych urządzeń') -- intent, not a completed hosting-takedown -> not coded."
REG-2016-0010,walk-2026-08-17,CC2-26,policja.pl (KWP w Rzeszowie),le,1,"https://policja.pl/pol/aktualnosci/136351,31-letni-mielczanin-odpowie-za-quotcardsharingquot.html",2016-12-12,,,"31-letni mielczanin odpowie za ""cardsharing""",,cardsharing,,true,"home cardsharing of pay-TV signal via the internet; modified decoders, subscriber cards, card readers seized",independent,,poland,poland,Komendy Wojewódzkiej Policji w  Rzeszowie,domestic,,false,,false,none,arrest-search,true,,false,Single suspect; no detention verb -> arrests not-reported; 'usłyszał zarzut' = charge presented -> indictments n=1. Search date not stated. Note the org string carries a double space ('w  Rzeszowie') as in the source. Domestic (one police unit; local Mielec officers unnamed as an organisation).
REG-2017-0001,de,DOM-2017-1002,Generalstaatsanwaltschaft Bamberg — Zentralstelle Cybercrime Bayern (Bayerisches Staatsministerium der Justiz),prosecutor,1,https://www.justiz.bayern.de/gerichte-und-behoerden/generalstaatsanwaltschaft/bamberg/presse/2017/1.php,2017-01-25,,2017-01-23,ZCB sperrt Streaming-Plattformen,,iptv-service,,true,"streaming platforms stream4k.net / mystreamz.cc redistributing a pay-TV signal over the internet for monthly fees, ~3,000 users",independent,,germany,germany,Zentralstelle Cybercrime Bayern; Generalstaatsanwaltschaft Bamberg; Bayerischen Landeskriminalamt,domestic,,false,,false,none,arrest-search; hosting-takedown; asset-seizure,true,,false,"Agrees with DE domestic (Cologne arrest/searches; ZCB + Bayerisches LKA). arrests n=3 derived-from-enumeration: the 25-year-old arrested 23.01.2017 ('Festnahme eines 25-jährigen Informatikers') plus 'zwei Unterstützer festgenommen' in 2016 (quote carries the second span; both spans are in the release). Platform 'ab-geschaltet' (hyphenated in the release) coded hosting-takedown; the release does not say how (server vs domain). Cash and Bitcoins in five-figure amount 'sichergestellt' coded asset-seizure — borderline: could be evidence seizure, but Bitcoins here are proceeds of the service. indictments=pending referral-inferred from ongoing prosecutor-led Ermittlungen. Vorkasse loss statement is announcement-time, not durability. Word count includes capture frontmatter/extraction notes; quotes from Extracted Text only. [2026-08-18 coordinator, re-read (4 verifiers, CODING v4): asset-seizure KEPT under CODING v4 (c): 'Bargeld und Bitcoins in fünfstelliger Höhe konnte sichergestellt werden' -- cryptocurrency holdings taken; the cash alone would not carry the code (verifier proposed removal on the verb reading)]"
REG-2017-0002,walk-2026-08-17,B18,Policía Nacional,le,1,https://www.policia.es/_es/comunicacion_prensa_detalle.php?ID=4960,2017-02-24,,,Cuatro detenidos y cuatro investigados por la emisión y distribución de televisión de pago de manera fraudulenta,,hybrid,,true,satellite decoders + CCCAM lines by subscription (Canarias) and pay-TV channel resale via a server farm (Torrent),umbrella,,spain; netherlands,spain; netherlands,Policía Nacional; Europol; Liga de Fútbol Profesional,cooperative,,false,,true,keywords,arrest-search; hosting-takedown,false,unit=umbrella,true,"ONE RELEASE, TWO OPERATIONS ('dos operaciones'): (a) Canarias/Netherlands cardsharing organisation — 3 detained + 4 imputados, 3 searches (2 ES + 1 NL), server in Doesbourg deactivated with Dutch cooperation and Europol support = cooperative; (b) Torrent (Valencia) — 1 detained after LaLiga complaint, server farm found at search = domestic. Coded as unit=umbrella pending the coordinator's split decision (arrests n=4 = 3+1 across both). 'imputó a otras cuatro' = Spanish investigado/imputado status (pre-charge suspect) mapped to indictments:pending, referral-inferred, per the CODING non-common-law rule; the count 4 refers to the Canarias component. Dutch authorities unnamed but 'autoridades holandesas' cooperated -> netherlands executing. [promoted 2026-08-17: coded against the cookie-unlocked policia.es text; fetch rung curl_cffi+cookies_set]"
REG-2017-0003,walk-2026-08-17,B19,Policía Nacional,le,1,https://www.policia.es/_es/comunicacion_prensa_detalle.php?ID=4978,2017-03-08,,,La Policía Nacional detiene a tres personas por la distribución ilícita de contenidos de televisión de pago mediante listas M3U,,iptv-service,,true,media-centre addon distributing M3U playlists of pay-TV channels (IPTV playlist distribution) plus a download/forum website,independent,,spain,spain,Policía Nacional,domestic,,false,,false,none,arrest-search,true,,false,"date_source: dateline 08/03/17. Arrest date not stated (investigation began October 2016). Complainant is 'una operadora nacional de televisión de acceso condicionado a pago' -- unnamed, not counted as an org. No website seizure or takedown stated (the web/forum is described, not acted on) -> only arrest-search. Grep hits for 'Valladolid'/'addon' are unrelated operations (SIM-swap, phishing kits, VPN)."
REG-2017-0004,walk-2026-08-17,CC2-25,Policja (KWP w Lublinie),le,1,"https://policja.pl/pol/aktualnosci/141155,Policjanci-przerwali-nielegalny-proceder-quotsharinguquot.html",2017-04-02,,,"Policjanci przerwali nielegalny proceder ""sharingu""",,cardsharing,,true,,independent,,poland,poland,Wydziału dw. z Cyberprzestępczością KWP w Lublinie,domestic,,false,,false,none,arrest-search; hosting-takedown; end-user-action,true,,false,"date_source: 'Data publikacji 02.04.2017'. action 'W piątek' (Friday before 2 April 2017 = 31 March 2017 most likely, but the release does not give the date) -> action_date null. Domestic: KWP Lublin cyber unit + Włodawa officers (same police); victim platforms unnamed. An internet-service company (unnamed legal person) redistributed the signal of two pay platforms via sharing servers; searches at the company HQ AND at recipients ('odbiorców nielegalnego sygnału') -> end-user-action coded because searches were applied to identified end users (coordinator may drop if searches at recipients are treated as evidence-gathering only); sharing servers and decoders seized -> hosting-takedown; two men detained and charged. Polish 'usłyszał zarzuty' = the suspect was formally presented with charges (postanowienie o przedstawieniu zarzutów, a charging act in the preparatory proceedings) -> counted under indictments as a filed charge; readers can re-map (CODING Column 2 non-common-law note). Dozens of persons possibly involved; case ongoing."
REG-2017-0005,ic,spain-bulgaria-operation-casper-iptv-network-takedown-2017,Europol,igo,1,https://www.europol.europa.eu/media-press/newsroom/news/one-of-europe%E2%80%99s-biggest-illegal-iptv-distributors-dismantled,2017-04-06,,,One of Europe's biggest illegal IPTV distributors dismantled,capture,iptv-service,pool-default,true,IC census row: pool tag illegal-iptv-ic; medium defaults to iptv-service (re-read as found),independent,,spain; bulgaria,spain; bulgaria,(wiki participating_agencies #1); (wiki participating_agencies #2); (wiki participating_agencies #3); (wiki participating_agencies #4),cooperative,wiki-fields,false,,true,wiki-flag,arrest-search; hosting-takedown,true,,false,"converted from paper2/coding/spain-bulgaria-operation-casper-iptv-network-takedown-2017.json (coder agent-w2-4, 2026-08-13); date_source=raw-frontmatter; source_of_record=raw/press-releases/2017-04-06_europol_one-of-europes-biggest-illegal-iptv-distributors-dismantled.md; tier_basis=raw-dir:press-releases; other_cited_captures=2; quotes are the cited lines as of the coding date; stratum from wiki fields (participating_countries=2, participating_agencies=4); official_release_sourced=True. Seven cited sources. CAPTURE TIERS: USABLE but awkward -- three of the captures are stored as RAW HTML/PDF-TEXT dumps rather than extracted prose, so the document text sits inside very long lines. (a) raw/press-releases/2017-04-06_europol_one-of-europes-biggest-illegal-iptv-distributors-dismantled.md is the complete Europol SPA page including the JSON payload; the entire release body is inside the `window.SERVER_DATA ... ""body""` string on ONE line -- raw:16 -- which is why every Europol cite below resolves to that single line. It is the document (fetched direct with a browser user-agent, content_format: full HTML) and it carries the release verbatim. (b) raw/news/2017-04-11_aapa_premier-license... (AAPA) is the full Duda-rendered page; the press-release prose is at raw:982-1008, the operative paragraph at raw:994. (c) raw/policy-documents/2017-07-21_wipo_ace-12-10-ip-enforcement-operation-casper.md is pdftotext of WIPO/ACE/12/10 Rev. (Spanish); the Europol contribution's Casper section is at raw:1725-1742. The three tier-2 news captures (Advanced Television raw:501, Infosecurity raw:325-327, Euro Weekly, Recordere raw:935-940) are USABLE and add nothing beyond the same figures -- not cited, since tier-1 records carry every coded fact.
MODALITY: arrest-search -- ""In a coordinated action, eight suspects were arrested and 12 searches carried out simultaneously in Spain and Bulgaria."" (a raw:16); ""se detuvo a ocho sospechosos y se realizaron 12 allanamientos simultáneamente en España y Bulgaria"" (c raw:1734); ""12 locations were raided in Spain and Bulgaria. Dubbed &ldquo;Operation Casper,&rdquo; eight individuals were arrested"" (b raw:994 -- the AAPA capture is HTML, so the quotation marks appear as entities in the file). hosting-takedown -- ""Investigators seized the servers used to provide illegal access to the channels, alongside numerous documents."" and ""the servers used to provide illegal access to the channels shut down"" (a raw:16); ""Los investigadores incautaron los servidores utilizados para proveer acceso ilegal a los canales, así como numerosos documentos."" (c raw:1735-1736). NOT coded asset-seizure: the only other seizure is ""numerous documents incriminating the individuals under investigation"" (b raw:994) -- evidence, which v2 excludes; no cash, no crypto, no forfeiture is stated anywhere, and the page agrees (""financial proceeds not disclosed"", op page:82). NOT coded domain-seizure or content-delisting: NO record mentions domains, websites, apps or social accounts at all -- this network ran on two licensed ISPs, and the frontmatter agrees (results.domains_seized: 0). NOT coded intermediary-process, blocking-order, payment-disruption, end-user-action, voluntary-transfer.
JUDICIAL: arrests n=8, stated identically by all three tier-1 records. The Danish leader is inside the 8 (""'Operation Casper', som den blev kaldt, endte med 8 anholdte, deriblandt en dansker."", raw/news/2017-04-11_recordere_dansker-styrede-europas-stoerste-pirat-tv.md:935 -- not cited, tier-2 restatement). indictments not-reported -- no cited record states a charge, a referral to a prosecutor, or an open proceeding; the language is accusation-and-investigation only (""The network is accused of illicitly distributing pay-TV channels"", a raw:16; ""the individuals under investigation"", b raw:994). `pending` was deliberately NOT used, unlike the two Italian rows in this batch (Impero, Taken Down) where the record itself describes a procedimento penale at a named stage, and unlike Aphrodite where the record states ""37 others were reported to the judicial authorities"": Casper has no equivalent sentence. Spanish specialised computer-crime prosecutors are named as participants in the ACTION (b raw:992), which is not a statement about proceedings. convictions/imprisonments not-reported; the page confirms the gap (""Public sources reviewed for this ingest do not disclose subsequent indictments, convictions, appeals, or asset-recovery outcomes."", op page:162). latest_record_date 2017-07-21 = the WIPO ACE/12/10 Rev. contribution, the latest cited record; every fact it carries is a restatement of the April action, so the row is effectively censored at three months after the action day.
RECONSTITUTION: not-reported. No cited record speaks to what happened to the two ISPs or the service after April 2017; the WIPO contribution three months later repeats the action-day facts and adds no status. The page's forward-looking language is about judicial follow-through (""The operation should be revisited if Spanish or Bulgarian court records become available"", op page:162), not about succession or effectiveness, so open-question was not used.
⚠ CORPUS DEFECT (linkage gap + near-duplicate source pages): wiki/sources/2017-04-06_europol_operation-casper-spain-bulgaria-iptv-pay-tv-1000-channels.md is a SECOND source page in the corpus for the same 6 April 2017 Europol material about this operation, and the operation page cites only the other one (op page:97-104) (corpus-search). It is NOT cited here for two reasons: it duplicates the cited Europol release, and its capture is RECONSTRUCTION-tier by its own admission -- ""Europol Operations pages SPA-rendered. Content reconstructed from multiple corroborating tier-2 outlets (TorrentFreak, Broadband TV News, Infosecurity Magazine, Trademarks & Brands Online, Advanced Television) all dated 2017-04-07 to 2017-04-11 and citing the Europol press release verbatim."" (that raw:18). Its blockquotes are therefore reconstructed prose, not Europol's own wording, and they differ verbatim from the real release (e.g. ""In a coordinated action, 12 searches were carried out simultaneously in Spain and Bulgaria, with investigators seizing the servers."", that raw:32) while carrying the same facts. Two source pages, two different source_urls (newsroom news item vs. Operations page), one underlying operation -- an L54-class canonicalisation question for the coordinator. Its extra claim that ""Operation Casper benefited from private-sector cooperation with the English Premier League and Irdeto"" (that raw:38) is true but is properly sourced from the AAPA release, which is cited.
CORPUS SEARCH (""Casper"" over wiki/sources/): 10 hits. Six are the operation's own cited sources; one is the duplicate above; two mention Casper only as a comparative exemplar in other documents (2020-11-25 EC IP Action Plan, 2020-02-05 Europol Huge Hit); one (2026-01-09 boston.com) is an unrelated homonym. No other uncited source about this operation.
OTHER FIGURES (no column): more than 1,000 pay-TV channels across two legally established ISPs in Málaga (Spain) and Silistra (Bulgaria); ""thousands of consumers and businesses across Europe"" as the customer base (b raw:999); ""The crime group also used a network of shell companies, which relied technically on the ISPs, and were in charge of distributing the illicit TV signals to the end clients."" (a raw:16) -- the AAPA version says ""The disbanded criminal organization also controlled three other entities that provided the content to its customers."" (b raw:1005), a specific count (three) the Europol release leaves as ""a network of shell companies""; no shell-company action is coded because neither record states one. Europol deployed two IPC3 and two EC3 experts with mobile offices to Spain and Bulgaria (a raw:16)."
REG-2017-0006,walk-2026-08-17,B34,Polícia Judiciária,le,1,https://www.policiajudiciaria.pt/operacao-sinal-aberto/,2017-06-02,,,Operação “Sinal Aberto”,,cardsharing,,true,,independent,,portugal,portugal,Polícia Judiciária,domestic,,false,,false,none,arrest-search; hosting-takedown,true,,false,"publish_date from the dateline 'Diretoria do Centro, 2 de junho de 2017'. Subtitle: 'Detenções por “cardsharing”, posse de armas e munições proibidas e recetação'. Domestic (Portugal; PJ Diretoria do Centro only). arrests n=2 (detained in flagrante, aged 40 and 46; released under reporting obligations - 'apresentações trissemanais e bissemanais' - which is a coercive measure, not custody). indictments=pending on the PT 'constituição como arguidos' of six further suspects (formal suspect status in an inquérito, pre-charge; local term 'arguido'; referral-inferred - flag for the coordinator, since REGISTER's pending floor keys on prosecutor-led investigation language). hosting-takedown coded on the seizure of the operating sharing equipment ('em pleno funcionamento, a aceder e a partilhar conteúdos de televisão') - >30 boxes, antennas, switches, routers; if the coordinator treats seized receivers as evidence only, drop it. Weapons and a stolen car also found (out of scope). No conviction/durability statements. [2026-08-19 reverse pending screen] indictments quote re-anchored. The recorded quote was 'constituicao como arguidos', which under art. 58 CPP the criminal police may do themselves -- the Portuguese analogue of ES investigado, which the manual refuses on its own. The deciding sentence is the release's last: the detainees were brought before the competent judicial authority for first questioning and the application of coercive measures (CPP arts. 141, 194), which is an act of the autoridade judiciaria and a proceeding underway. Previous quote: tendo procedido ainda à constituição como arguidos de mais seis suspeitos."
REG-2017-0007,walk-2026-08-17,CC2-24,Policja (policja.pl) — KWP w Olsztynie (Elbląg police),le,1,"https://policja.pl/pol/aktualnosci/145857,Mial-nielegalnie-podlaczony-prad-bo-rozsylal-sygnal-telewizji.html",2017-07-13,,,Miał nielegalnie podłączony prąd bo… rozsyłał sygnał telewizji,,other,,true,borderline: a 43-year-old in Pasłęk redistributed pay-TV signal to other residents via routers powered by an illegal electricity hook-up (local pay-TV signal redistribution for gain; conditional-access Act); not an IPTV service or cardsharing server as such,independent,,poland,poland,elbląscy policjanci (Policja),domestic,,false,,false,none,arrest-search,true,,false,"publish_date 'Data publikacji 13.07.2017'; no action date. Domestic: Poland, only the Elbląg police named (generic 'elbląskich policjantów'; byline 'KWP w Olsztynie / kp'). arrests n=1 (detained, initially for electricity theft). indictments=pending: 'usłyszy również zarzut' (he WILL hear a charge under the conditional-access Act, up to 3 years) - future tense, weak floor. Medium 'other': redistribution of paid TV signal to neighbours through routers, no server/IPTV/cardsharing terminology - in_scope borderline (pay-TV signal piracy for gain). No infrastructure verb beyond the detention (no seizure of the routers stated). No conviction/durability statement."
REG-2017-0008,walk-2026-08-17,CC2-23,Policja.pl - Portal polskiej Policji (KWP Lublin),le,1,"https://policja.pl/pol/aktualnosci/145931,KWP-Nielegalny-streaming-w-Internecie-platnych-kanalow-telewizyjnych.html",2017-07-16,,,KWP: Nielegalny streaming w Internecie płatnych kanałów telewizyjnych,,live-sports-stream,,true,"operator of websites streaming Polish pay-TV sports channels and PPV events free of charge, advertised on a sports-links portal",independent,,poland,poland,Policja,domestic,,false,,false,none,arrest-search,true,,false,date_source: 'Data publikacji 16.07.2017'. Search 'w minionym tygodniu' -> action_date null. Title taken from the page header ('KWP: Nielegalny streaming...' as in the URL slug; the visible page title text is the same wording). Search of the 30-year-old operator's home in Końskowola; computer equipment secured for expert analysis. No arrest or charge stated -> not-reported. KWP Lublin cyber unit + Puławy police = one org. Victim platforms unnamed.
REG-2017-0009,walk-2026-08-17,B17,Policía Nacional,le,1,https://www.policia.es/_es/comunicacion_prensa_detalle.php?ID=4839,2017-11-07,,,Detenidas siete personas por la retransmisión ilegal de partidos de fútbol,,live-sports-stream,,true,,independent,,spain; france; united-states; canada,spain,Policía Nacional; La Liga Nacional de Fútbol Profesional,domestic,,false,,true,coder,arrest-search; blocking-order; asset-seizure,true,,false,"fetch: tools/fetch_text.py alone returns the 78-word policia.es cookie-consent shell (L57; wayback and jina failed); re-fetched in a curl_cffi session after POST /cookies_set.php (rung curl_cffi+cookies_set), text coded from that. date_source: dateline '07/11/17'. action_date not stated (investigation began 2016; arrests/8 searches undated). countries_named includes France, United States and Canada ONLY as server-hosting locations ('servidores ubicados en Francia, España, Estados Unidos y Canadá'); no foreign authority is named, so countries_executing=[spain]. Stratum cooperative via two named organisations (Policía Nacional; La Liga Nacional de Fútbol Profesional as denunciante whose complaint opened the case). Medium: 13 websites listing links to live football (streaming, direct download, P2P) with ads and pay subscription -> live-sports-stream (streaming-site defensible). Modality: 'bloqueado el acceso a siete dominios web' coded blocking-order (the verb is bloquear, not incautar/seizure); 'bloqueado ... tres cuentas bancarias' = account freeze -> asset-seizure. Judicial: 7 detenidos; 'La investigación continúa ... no se descartan nuevas detenciones' is not a referral -> indictments not-reported. The release mentions a well-known site closed in October 2016 by an earlier Policía Nacional operation whose name these sites reused -- unnamed, history only. [2026-08-17 coordinator: stratum cooperative->domestic by the states-only rule (DE CODEBOOK s.3 v1.11+); coder's value kept as stratum_as_coded]"
REG-2017-0010,walk-2026-08-17,DJP-21,"B-CAS（ビーキャス） (BS Conditional Access Systems Co., Ltd.)",other,2,https://www.b-cas.co.jp/info/news/20171129.html,2017-11-29,,,インターネットオークションにおける改ざんプログラム販売事件の概要と当社見解について,,other,,true,borderline: sale via internet auction of a program that tampers with B-CAS cards to watch pay broadcasting without paying (pay-TV conditional-access circumvention tool seller; not IPTV/streaming/cardsharing),independent,,japan,japan,佐賀県警察本部,domestic,,true,,false,none,arrest-search,false,coalition-only,false,"publish_date from the page dateline '2017.11.29'; the release relays a Saga Prefectural Police announcement of the same day ('佐賀県警察本部 11月29日発表'). text_status 'partial' is used ONLY because the whitespace word count is 50 (<80) - the Japanese document is complete (title, case summary, company view); the checker forbids 'full' under 80 words. PUBLISHER: B-CAS Co. is the conditional-access card vendor (private) -> publisher_type other, tier 2, coalition_only true (no police.hu-equivalent state release located: 佐賀県警 has no linked release here) - NOT in the main census; kept as the privately announced stratum unless a Saga police release is found. Domestic Japan; the only named body with a role is 佐賀県警察本部 (arrested the man). arrests n=1 (a man from Aichi arrested on suspicion of Unfair Competition Prevention Act violation); police also questioning the buyers ('プログラムを買った者についても事情を聞いています' - questioning, not a measure -> no end-user-action). Medium 'other' (B-CAS card-tampering program sales), in_scope borderline. No court stage/durability statement. [2026-08-17 coordinator: text_status partial->full. The coder followed the checker's whitespace word count, which undercounts Japanese; the size rule is now CJK-aware and this complete notice is a full document.]"
REG-2017-0011,ic,germany-zcb-europe-wide-cardsharing-takedown-luxtv-worldtv-2017,Generalstaatsanwaltschaft Bamberg — Zentralstelle Cybercrime Bayern (ZCB) (Bavarian State Ministry of Justice),prosecutor,1,https://www.justiz.bayern.de/gerichte-und-behoerden/generalstaatsanwaltschaft/bamberg/presse/2017/12.php,2017-12-05,,,Ermittlungsverfahren der Zentralstelle Cybercrime Bayern (ZCB) und des Polizeipräsidiums München führt zur Festnahme von sechs Beschuldigten und zur Abschaltung mehrerer illegaler Card-Sharing-Server,capture,iptv-service,pool-default,true,IC census row: pool tag illegal-iptv-ic; medium defaults to iptv-service (re-read as found),independent,,germany; netherlands; latvia; austria,germany; netherlands; latvia; austria,(wiki participating_agencies #1),cooperative,wiki-fields,false,,false,none,arrest-search; hosting-takedown; asset-seizure,true,,false,"converted from paper2/coding/germany-zcb-europe-wide-cardsharing-takedown-luxtv-worldtv-2017.json (coder agent-w2-2, 2026-08-13); date_source=raw-frontmatter; source_of_record=raw/press-releases/2017-12-05_justiz-bayern_zcb-europaweit-koordinierte-massnahme-luxtv-worldtv.md; tier_basis=raw-dir:press-releases; other_cited_captures=1; quotes are the cited lines as of the coding date; stratum from wiki fields (participating_countries=4, participating_agencies=1); official_release_sourced=True. CAPTURE TIERS — both ZCB captures are USABLE, contrary to the batch warning that German ZCB captures are often reconstruction-tier digests. Each holds the publisher's full German release text under ""## Extracted Text"" (word_count 519 and 644, curl_cffi chrome124, http 200, storage_mode fulltext), preserves the publisher's own soft-hyphen line breaks (durch-sucht, fest-genommen, Zentral-stelle, Land-kreis) rather than normalising them, and records a cross-extraction agreement check against the Cyber-crime-DE archive walk (2017 raw:63-66, 2018 raw:61-64). I cite only German sentences from those bodies. The 2017 capture's extraction note warns that one sentence is split mid-clause by a source <br> (raw:39/41) and that a quotation must not span the break — I have not quoted across it. MODALITY. arrest-search: ""Im Rahmen eines Ermittlungsverfahrens der Zentralstelle Cybercrime Bayern bei der Generalstaatsanwaltschaft Bamberg wurden im Rahmen einer europaweit koordinierten Maßnahme in den Abendstunden des 28.11.2017 insgesamt 15 Geschäfts- und Privaträume in Deutschland und dem europäischen Ausland (Niederlande, Lettland und Österreich) durch-sucht und umfangreiche Beweismittel sichergestellt."" (2017 raw:31) and ""Gegen sechs der Beschuldigten im In- und Ausland wurden Haftbefehle vollstreckt."" (2017 raw:33). hosting-takedown: ""Es gelang zudem, mehrere Server, über welche die kriminellen Dienstleistungen angeboten wurden, abzuschalten."" plus ""Zudem wurden unmittelbar bei deutschen und ausländischen Hosting-Providern, bei denen die Beschuldigten die für ihre Angebote notwendige Infrastruktur unterhielten, die inkriminierten Inhalte gesichert."" (both 2017 raw:31). asset-seizure: ""Im Auftrag der Zentralstelle Cybercrime Bayern wurden bei den Durchsuchungen erhebliche Vermögenswerte sichergestellt."" (2017 raw:49) — Vermögenswerte is the publisher's own word for assets, distinct from the Beweismittel secured in the searches, so this one is unambiguous even under the strict reading I applied elsewhere in this batch; no figure is given. NOT coded domain-seizure, and the operation page reaches the same conclusion for the same reason (op:81, op:151): the release says the domains ""sind im Internet nicht mehr erreichbar"" — unreachable, which is the downstream effect of the servers being switched off — and the only Beschlagnahme it names is of content, not of a domain: ""Bei Aufruf der ebenfalls genutzten Seite simsonclub.xobor.de erscheint nunmehr ein Hinweis auf die Beschlagnahme der illegalen Inhalte."" (2017 raw:31). Coding a domain seizure here would put a word in the publisher's mouth that it did not use. I also did not code content-delisting for that seizure notice: simsonclub.xobor.de is a third-party forum page, but the act described is a criminal Beschlagnahme of content executed alongside the securing of content at the hosting providers, which hosting-takedown already carries — not a notice-and-takedown or platform delisting. NOT coded intermediary-process: content was secured directly at German and foreign hosting providers, but no subpoena, order or disclosure channel is named, and the operation page notes it is not stated whether that was voluntary or compelled (op:163). JUDICIAL. arrests n=6: six arrest warrants executed at home and abroad, followed by pre-trial detention — ""Die Beschuldigten befinden sich seitdem in Untersuchungshaft."" (2017 raw:33); the 2018 release confirms the same action date for the later defendants, ""Zwei der Angeklagten, die allesamt am 28.11.2017 festgenommen worden waren, befinden sich nach wie vor in Untersuchungshaft."" (2018 raw:43). The drop from six arrested to five indicted is attrition, not a count conflict. indictments n=5: ""Am 15.11.2018 beginnt vor der Wirtschaftsstrafkammer des Landgerichts Regensburg die Hauptverhandlung gegen fünf Männer"" (2018 raw:31) and ""hat bereits im Sommer gegen fünf Männer Anklage wegen einer Vielzahl von Fällen der Bildung einer kriminellen Vereinigung, des gewerbsmäßigen Computerbetrugs, Verstößen gegen das Urhebergesetz und anderer Delikte erhoben"" (2018 raw:33). convictions pending: the record states the main hearing opens on a named date before a named court — proceedings underway, not silence. imprisonments not-reported and this is the cell the v2 custodial rule decides: the only custody in the record is Untersuchungshaft (pre-trial detention) for two defendants with the remaining warrants ""gegen Auflagen außer Vollzug gesetzt"" (2018 raw:43), which is neither a conviction nor an imposed custodial term. The operation page is explicit that no judgment is in the corpus and that its results.convictions 0 means ""a stage not reached, not an acquittal"" (op:84, op:153) — I code that as pending/not-reported rather than as a zero. latest_record_date 2018-11-08. RECONSTITUTION not-reported: the only down-status in the record — the two domains unreachable — is dated 2017-12-05 for an action of 2017-11-28, a seven-day gap that the protocol's 14-day rule excludes from durability evidence, and the 2018 indictment release says nothing about the platforms' later status. No successor or relaunch is named anywhere in either record. COOPERATION (not a coded column, recorded because it is this row's distinguishing fact): the one named instrument is an extradition — ""Der 46-jährige Lette war in seinem Heimatland fest-genommen und Ende 2017 nach Deutschland ausgeliefert worden."" (2018 raw:43). CORPUS SEARCH (luxtv | worldtv | keytv | keyworld | simsonclub | Regensburg | cardsharing over wiki/sources/) returned seven files: the two cited pages, the sources index, three other Bavarian releases and one Brazilian STJ ruling. The nearest neighbour, wiki/sources/2018-05-14_justiz-bayern_zcb-eg-streams-rosenheim-rechtshilfe-server.md, is explicitly a DIFFERENT case on its own page (""this is a different case from the 28 November 2017 Europe-wide action, not a follow-on"", that page:51) — different accused, different police lead, different foreign set. No linkage gap found."
REG-2017-0012,de,DOM-2017-1001,Hong Kong Customs and Excise Department,le,1,https://www.customs.gov.hk/en/customs-announcement/press-release/index_id_2598.html,2017-12-28,,2017-12-28,Piracy syndicate members receive jail sentences for circumventing paid TV channels,,hybrid,,true,sentencing of the 2014 paid-TV circumvention syndicate (uploaders + stall owner),follow-on:DOM-2014-1001,,hong-kong,hong-kong,Hong Kong Customs; District Court,domestic,,false,,false,none,,false,unit=follow-on:DOM-2014-1001,false,"Agrees with DE domestic (District Court is a Hong Kong body). DISAGREES with DE on unit: this release is the sentencing disposition of the 2014 case captured as DOM-2014-1001 (the DE capture notes say so themselves; DE keeps them as two 'executed actions'); under REGISTER.md follow-on judicial stages are coded onto the parent, so unit=follow-on:DOM-2014-1001 and the judicial cells here (indictments/convictions/imprisonments n=3; 27, 21, 21 months) belong on that row. No infrastructure action stated (empty modality). Copyright owner credited with 'full support and close co-operation', unnamed. Word count includes capture frontmatter and DE extraction notes; quotes from Extracted Text only."
REG-2018-0001,ic,cyprus-greece-bulgaria-netherlands-iptv-streaming-takedown-2018,Europol,igo,1,https://www.europol.europa.eu/media-press/newsroom/news/law-enforcement-and-private-sector-join-forces-to-shut-down-illegal-streaming-network,2018-01-11,,,Law enforcement and private sector join forces to shut down illegal Streaming Network,capture,iptv-service,pool-default,true,IC census row: pool tag illegal-iptv-ic; medium defaults to iptv-service (re-read as found),independent,,cyprus; greece; bulgaria; netherlands,cyprus; greece; bulgaria; netherlands,(wiki participating_agencies #1); (wiki participating_agencies #2); (wiki participating_agencies #3),cooperative,wiki-fields,false,,true,wiki-flag,arrest-search; hosting-takedown,true,,false,"converted from paper2/coding/cyprus-greece-bulgaria-netherlands-iptv-streaming-takedown-2018.json (coder agent-w2-4, 2026-08-13); date_source=raw-frontmatter; source_of_record=raw/press-releases/2018-01-11_europol_cypriot-led-iptv-streaming-network-takedown.md; tier_basis=raw-dir:press-releases; other_cited_captures=0; quotes are the cited lines as of the coding date; stratum from wiki fields (participating_countries=4, participating_agencies=3); official_release_sourced=True. Single cited source: wiki/sources/2018-01-11_europol_cypriot-led-iptv-streaming-network-takedown.md -> raw/press-releases/2018-01-11_europol_cypriot-led-iptv-streaming-network-takedown.md. CAPTURE TIER: USABLE -- the raw file is the full verbatim Europol release body (raw:14-23, five paragraphs, no navigation or banner text), source_type press-release, text_status full on the source page.
MODALITY: arrest-search from ""In total, four individuals have been arrested and 17 houses searches have been carried out in Cyprus, Bulgaria and Greece."" (raw:16), ""In total, one individual was arrested in Bulgaria on the action day, alongside three others in Cyprus."" (raw:18), and the Bulgarian seizure paragraph ""In Bulgaria, 84 servers and 70 satellite receivers were seized, with decoders, computers and accounting documents. The raids involved cooperation with local police authorities"" (raw:20 -- explicit ""raids""). hosting-takedown from ""The servers used to distribute the channels were shut down, and IP addresses hosted by a Dutch company were also deactivated thanks to the cooperation of the authorities of The Netherlands."" (raw:18) plus the 84-server seizure (raw:20). The Dutch IP-address deactivation is coded as hosting-takedown, not blocking-order: the record has the HOST disabling the addresses it serves (infrastructure switched off), not an ISP/DNS access block leaving the site up; and ""thanks to the cooperation of the authorities of The Netherlands"" is state action, not a rights-holder settlement, so voluntary-transfer does not apply. NOT coded asset-seizure: ""decoders, computers and accounting documents"" (raw:20) are evidence/contraband, which CODING.md excludes. No domain, delisting, payment, intermediary-disclosure, or end-user action stated.
JUDICIAL: arrests n=4 -- the aggregate ""four individuals have been arrested"" (raw:16) and the breakdown ""one individual was arrested in Bulgaria ... alongside three others in Cyprus"" (raw:18) agree (1+3=4); both lines cited. indictments not-reported: the release uses accusation language only -- ""The network is accused of illicitly distributing Greek, Cypriot and foreign pay TV subscriber channels"" (raw:16) -- which is not a charging statement, and no prosecution or referral is asserted anywhere, so `pending` (which requires a stated referral or underway proceeding) was NOT used. convictions/imprisonments not-reported; the page agrees: ""No follow-up extraditions, indictments, prosecutorial outcomes or asset-recovery figures are reported in the available tier-1 source."" (op page:154). latest_record_date 2018-01-11 = the single cited record's byline (matches the announced action day).
RECONSTITUTION: open-question, page-only. No record postdates the action, so no evidence-bearing value is available; the value rests on the page's own flagged succession/effectiveness question (op page:143, 154), which CODING.md Column 3 admits (""the page OR the record flags an unresolved succession/effectiveness question""). as_of left empty -- open-question is not an evidence-bearing value.
CORPUS SEARCH (Cypriot / Cyprus / ""84 servers"" / ""70 satellite"" / ""Intellectual Property Crime Unit"" over wiki/sources/): 47 files mention Cyprus, none about this January 2018 IPTV action -- they are investment-fraud, crypto-laundering, and unrelated IPTV operations (e.g. 2018-09-12_europol_uk-ireland-iptv-streaming-six-arrests is the separate September 2018 UK/Ireland action). No uncited in-corpus source page covers this operation; no linkage gap.
OTHER FIGURES (no column): 17 house searches across three countries; 84 servers + 70 satellite receivers; subscription ""sold as a monthly illegal subscription for as little as 20 Euros"" (raw:16); ""machine sites that worked with the central server to relay subscriber channels"" (raw:16). Frontmatter results.servers_seized: 84 matches raw:20; frontmatter lead_agency is empty while the record names the Cypriot Police – Intellectual Property Crime Unit as lead (raw:14) -- a wiki-side gap, not a coding conflict."
REG-2018-0002,walk-2026-08-17,B12,Policía Nacional,le,1,https://www.policia.es/_es/comunicacion_prensa_detalle.php?ID=4505,2018-01-12,,,La Policía Nacional detiene a tres personas por distribuir en foros de Internet un firmware para piratear contenidos de TV de pago,,cardsharing,,true,distribution of decoder-piracy firmware and sale of CCAM/NewCAM/TIKS lines (cardsharing protocols) for pay-TV; an IPTV server feeding pay-TV signal was seized,independent,,spain,spain,Policía Nacional,domestic,,false,,false,none,arrest-search; hosting-takedown,true,,false,"FETCH: policia.es serves a cookie wall (78-word 'Aceptar las cookies' page) to fetch_text.py; the text was obtained by POSTing /cookies_set.php in the same curl_cffi session and re-GETting (script _policia_fetch.py in the output dir). register_check --refetch will report 'shell/blocked' for this URL. publish_date from the dateline '12/01/18' (dd/mm/yy). Release is the SECOND phase of 'operación Fake'; phase 1 (May 2016, >30 arrests, 40 searches, decoder manufacturing/import organisation) is not held in either repository (grep 'operación Fake' = 0 relevant) so this row is independent; the >30 arrests belong to phase 1 and are NOT counted here (arrests n=3 = this phase). hosting-takedown coded on the seizure ('intervenido') of an IPTV server that was serving pay-TV signal at the moment of the search. No indictment/conviction/durability statements. Stratum domestic (Spain only; Policía Nacional only named organisation)."
REG-2018-0003,walk-2026-08-17,CC2-22,policja.pl (KWP w Lublinie),le,1,"https://policja.pl/pol/aktualnosci/153627,KWP-Cios-w-piracki-serwis-streamingowy.html",2018-01-15,,2018-01,KWP: Cios w piracki serwis streamingowy,,iptv-service,,true,website streaming 160+ pay and public TV channels behind paid accounts,independent,,poland,poland,KWP w Lublinie; Prokuratury Okręgowej w Lublinie,domestic,,false,,false,coder,arrest-search; hosting-takedown,true,,false,"[orgs-rule-only] action_date 2018-01 = 'w minionym tygodniu' / 'W ubiegłym tygodniu' relative to 2018-01-15 (week of 8-12 Jan). hosting-takedown from the seizure of 9 servers at the searches (zabezpieczyliśmy ... 9 serwerów) — seizure of the streaming servers; coordinator may treat as evidence-only. 'usłyszeli zarzuty' = charges presented -> indictments n=3 (see CC2-19 note). Stratum cooperative on the orgs rule only (KWP Lublin + Prokuratura Okręgowa Lublin, one state). [2026-08-17 coordinator: stratum cooperative->domestic by the states-only rule (DE CODEBOOK s.3 v1.11+); coder's value kept as stratum_as_coded]"
REG-2018-0004,walk-2026-08-17,B13,Policía Nacional,le,1,https://www.policia.es/_es/comunicacion_prensa_detalle.php?ID=4542,2018-02-22,,,La Policía Nacional detiene a dos personas por la distribución ilícita de señal de televisión de pago,,other,,true,"Target is a company redistributing decoded pay-TV signal (incl. football) to ~3,000 subscribers over its own cabling/antenna installation -- a pay-TV piracy service and its operators; not IPTV/OTT as such, so medium=other (unlicensed local pay-TV redistribution). In scope under the pay-TV clause.",independent,,spain,spain,Policía Nacional; La Liga Nacional de Fútbol Profesional,domestic,,false,,true,coder,arrest-search,true,,false,"fetch: tools/fetch_text.py alone returns the 78-word policia.es cookie-consent shell (L57; wayback and jina failed); re-fetched in a curl_cffi session after POST /cookies_set.php (rung curl_cffi+cookies_set), text coded from that. date_source: dateline '22/02/18' in the release. action_date: the registro/detention date is not stated (investigation began October 2017). Location: Ciudad Real. Stratum: Spain only; two named organisations with a role (Policía Nacional executes; La Liga Nacional de Fútbol Profesional filed the denuncia) -> cooperative under the REGISTER clause. Judicial: 2 detained (brothers, company administrators); no charges/outcomes -> not-reported. Legal person: the unnamed company ('la mercantil') -- notes only. No infrastructure/domain/asset action stated (the installation was found in the search; no seizure of it is stated). Upstream 'otro operador nacional' unlicensed is mentioned but not acted upon. [2026-08-17 coordinator: stratum cooperative->domestic by the states-only rule (DE CODEBOOK s.3 v1.11+); coder's value kept as stratum_as_coded]"
REG-2018-0005,walk-2026-08-17,CC2-21,Policja (KWP w Lublinie),le,1,"https://policja.pl/pol/aktualnosci/wiadomosci-z-wojewodzt/155687,Nielegalny-streaming-kanalow-TV.html",2018-03-04,,,KWP: Nielegalny streaming kanałów TV,,streaming-site,,true,,independent,,poland,poland,Wydziału dw. z Cyberprzestępczością KWP w Lublinie,domestic,,false,,false,none,arrest-search; asset-seizure,true,,false,"date_source: 'Data publikacji 04.03.2018'. action 'W minionym tygodniu' (week before 4 March 2018) -> action_date null (week only). Domestic: KWP Lublin cyber unit with Biłgoraj officers (same police force); victims unnamed. Two websites streaming pay-TV channels free to viewers, monetised by ads. Arrests: the release says the home was searched, not that he was detained -> not-reported (silence). Charged (n=1). Polish 'usłyszał zarzuty' = the suspect was formally presented with charges (postanowienie o przedstawieniu zarzutów, a charging act in the preparatory proceedings) -> counted under indictments as a filed charge; readers can re-map (CODING Column 2 non-common-law note). He confessed and 'poddał się dobrowolnie karze' (PL voluntary submission to penalty, art. 335 k.p.k. -- an agreed sentence that a court must still approve): 8 months imprisonment SUSPENDED for 3 years + PLN 2,000 fine + restitution. Coded convictions=pending (agreed plea awaiting court; referral-inferred); imprisonments not-reported (not yet imposed; and the agreed term is suspended, so it would be none-stated once imposed). Property security PLN 15k -> asset-seizure; two computers and a disk seized as evidence."
REG-2018-0006,walk-2026-08-17,CC2-20,Policja (policja.pl) — Komenda Wojewódzka Policji zs. w Radomiu,le,1,"https://policja.pl/pol/aktualnosci/155768,Policjanci-przerwali-proceder-sharingu.html",2018-03-06,,2018-03,Policjanci przerwali proceder sharingu,,cardsharing,,true,,independent,,poland,poland,Komendy Wojewódzkiej Policji zs. w Radomiu; KPP w Ostrowi Mazowieckiej,domestic,,false,,false,none,arrest-search; hosting-takedown,true,,false,"publish_date 'Data publikacji 06.03.2018'; action 'Kilka dni temu' -> 2018-03. Poland only. STRATUM flag 'same-force-units': KWP Radom cyber unit + KPP Ostrów Mazowiecka (joint search) are units of one police force, counted as two named organisations under the rule as written -> cooperative; collapse -> domestic. Cardsharing server run by a resident of Ostrów county. No detention stated ('Będzie odpowiadał'; 'nie wykluczają dalszych zatrzymań' hints at detentions but states none) -> arrests not-reported; indictments=pending on 'Będzie odpowiadał za sharing' (weak floor; the man is to answer under the conditional-access Act, up to 3 years). hosting-takedown: the illegally built sharing network/server was found and secured during the search. No conviction/durability statement. [STRATUM recomputed under REGISTER.md as revised 2026-08-17 (states only; organisation counts play no part): countries_executing=['poland'] -> domestic; first-pass value under the old orgs clause was 'cooperative' - the org-count/'complainant-counted'/'same-force-units' remarks above are now descriptive only (private_named covariate).] [2026-08-18 coordinator, codex IC reg2: indictments pending -> not-reported: 'Będzie odpowiadał za sharing.' is a police statement of future liability, not a charge presented (PL usłyszał zarzuty) nor a proceeding stated as underway/referred/awaited (CODING v4); CC2-24 'usłyszy również zarzut' (a charge WILL be presented) keeps pending]"
REG-2018-0007,walk-2026-08-17,AE11,Europol,igo,1,https://www.europol.europa.eu/media-press/newsroom/news/europol-and-spanish-national-police-arrest-six-individuals-in-big-hit-to-illegal-tv-streaming-networks,2018-03-09,,2018-03,Europol and Spanish National Police arrest six individuals in a big hit to illegal TV streaming networks,,iptv-service,,true,pay-TV decoder + app streaming films/series/sport; sold via 14 000 points of sale,independent,,spain; france,spain,Europol’s Intellectual Property Crime Coordinated Coalition (IPC³); Spanish National Police; EGEDA; Mediapro; Spanish Football League,domestic,,false,,true,coder,arrest-search,true,,false,"[orgs-rule-only] Stratum cooperative on the orgs rule (Europol IPC3 + Spanish National Police + three named complainants EGEDA/Mediapro/Spanish Football League); only Spain executed. France named only as server host — no French authority action stated, so not executing. Server 'hosted in France' but no seizure verb, so no hosting-takedown. Same action as candidate B14 (Policía Nacional release ID=4562, 2018-03-09, six arrests, Web TV, 14.000 puntos) — B14 fetch is a cookie shell today, so this Europol row is the coded row and B14 is marked dup of AE11. Publish date from the SERVER_DATA 'published' field. Devices seized (4600 IT devices) is evidence, not asset-seizure. [2026-08-17 coordinator: stratum cooperative->domestic by the states-only rule (DE CODEBOOK s.3 v1.11+); coder's value kept as stratum_as_coded]"
REG-2018-0008,walk-2026-08-17,CC2-19,policja.pl (KWP w Bydgoszczy),le,1,"https://policja.pl/pol/aktualnosci/156027,Policjanci-przerwali-proceder-sharingu.html",2018-03-12,,2018-03-07,Policjanci przerwali proceder sharingu,,cardsharing,,true,server sharing entitlements to decode pay digital TV channels (cardsharing); 17 flats searched,independent,,poland; united-kingdom; germany; netherlands; france,poland,Komendy Wojewódzkiej Policji w Bydgoszczy; Prokuratury Rejonowej w Szubinie,domestic,,false,,false,coder,arrest-search; asset-seizure,true,,false,"[orgs-rule-only] Polish 'usłyszał zarzut' = presentation of charges to a suspect (postawienie zarzutów) — counted as indictments n=1 (a formal charging act, analogous to VN khởi tố bị can); the akt oskarżenia (indictment to court) is stated as future ('Sprawa znajdzie finał w sądzie, do którego trafi akt oskarżenia'). Police supervision + bail (dozór, poręczenie majątkowe) = pre-trial measures, not imprisonment. UK/Germany/Netherlands/France named only as residence of several hundred participants — no foreign authority role -> not executing. Stratum cooperative on the orgs rule only (KWP Bydgoszcz + Prokuratura Rejonowa Szubin, one state). 'Sprawa ma charakter rozwojowy, niewykluczone są dalsze zatrzymania.' [2026-08-17 coordinator: stratum cooperative->domestic by the states-only rule (DE CODEBOOK s.3 v1.11+); coder's value kept as stratum_as_coded]"
REG-2018-0009,walk-2026-08-17,CC2-18,Policja (KPP w Krakowie),le,1,"https://policja.pl/pol/aktualnosci/156430,Policjanci-z-Komendy-Powiatowej-Policji-w-Krakowie-przerwali-nielegalny-proceder.html",2018-03-14,lower-bound,2018-03-13,"Policjanci z Komendy Powiatowej Policji w Krakowie przerwali nielegalny proceder ""sharingu""",,cardsharing,,true,,independent,,poland,poland,Wydziału do walki z Przestępczością Gospodarczą Komendy Powiatowej Policji w Krakowie,domestic,,false,,false,none,arrest-search; hosting-takedown; asset-seizure,true,,true,"date_source: NONE ON PAGE -- this policja.pl page carries no 'Data publikacji' (checked stripped text and raw HTML). The body dates the search to 'We wtorek, 13 marca br.' (13 March, a Tuesday only in 2018 within the URL-id range 155687=04.03.2018 .. 180652=24.10.2019) and the charge to 'Następnego dnia', so publication is >= 2018-03-14; publish_date is entered as that LOWER BOUND, not a dateline (Wayback CDX was unreachable at coding time). needs_review for the date. Domestic: only the Kraków county police unit named; 'Prokurator' generic; victims 'pokrzywdzone firmy' unnamed. Cardsharing server with several dozen subscriber cards in a locked basement; equipment seized (hosting-takedown); cash ~PLN 180k found + bank funds, total > PLN 1m secured by law enforcement as suspected proceeds -> asset-seizure; 31-year-old detained and charged (n=1). Polish 'usłyszał zarzuty' = the suspect was formally presented with charges (postanowienie o przedstawieniu zarzutów, a charging act in the preparatory proceedings) -> counted under indictments as a filed charge; readers can re-map (CODING Column 2 non-common-law note). Prosecutor imposed police supervision. Several hundred recipients estimated; case 'rozwojowy' (ongoing). [2026-08-17 coordinator, codex IC reg1: date_basis=lower-bound: no dateline on the page; year 2018 established from the URL-id range and the weekday, day = the earliest the text allows. Kept in the census for year-level use only; a dateline or Wayback capture should replace it]"
REG-2018-0010,ic,germany-zcb-eg-streams-rosenheim-cardsharing-rechtshilfe-2018,Generalstaatsanwaltschaft Bamberg — Zentralstelle Cybercrime Bayern (ZCB) (Bavarian State Ministry of Justice),prosecutor,1,https://www.justiz.bayern.de/gerichte-und-behoerden/generalstaatsanwaltschaft/bamberg/presse/2018/9.php,2018-05-14,,,ZCB - Schlag gegen illegale Pay-TV-Hacker,capture,iptv-service,pool-default,true,IC census row: pool tag illegal-iptv-ic; medium defaults to iptv-service (re-read as found),independent,,germany; austria; france; netherlands,germany; austria; france; netherlands,(wiki participating_agencies #1),cooperative,wiki-fields,false,,false,none,arrest-search; hosting-takedown,true,,false,"converted from paper2/coding/germany-zcb-eg-streams-rosenheim-cardsharing-rechtshilfe-2018.json (coder agent-w2-1, 2026-08-13); date_source=raw-frontmatter; source_of_record=raw/press-releases/2018-05-14_justiz-bayern_zcb-eg-streams-rosenheim-rechtshilfe-server.md; tier_basis=raw-dir:press-releases; other_cited_captures=0; quotes are the cited lines as of the coding date; stratum from wiki fields (participating_countries=4, participating_agencies=1); official_release_sourced=True. CAPTURE TIER: USABLE — measured, not assumed. The coordinator's standing warning is that German ZCB captures are often reconstruction-tier digests; this one is not. It is a curl_cffi:chrome124 HTTP 200 fulltext of justiz.bayern.de Pressemitteilung 9/2018 with the complete German release body verbatim at raw:27-47, and its Extraction Notes record a second independent extraction of the same page by the Cyber-crime-DE archive walk that agrees word for word after whitespace normalisation (raw:59-62). The notes even preserve the publisher's own typography errors rather than repairing them (the spacing error 'D er Beschuldigte' at raw:33, noted raw:63; the U+201E/U+201C quotation marks around the EG Streams unit name, noted raw:65) — the opposite of a digest. Everything on this row is raw-level; no page_only cell. MODALITY: arrest-search — ""Bereits am 08.05.2018 fand unter Federführung der ZCB und der KPI Rosenheim eine groß angelegte Durchsuchungsaktion statt, über welche die Öffentlichkeit aus ermittlungstaktischen Gründen erst jetzt informiert werden kann. Dabei wurden drei Privatwohnungen und 13 Gewerbebetriebe im Bereich der Polizeipräsidien Oberbayern Süd, Oberbayern Nord, Schwaben Süd/West und in Baden-Württemberg durchsucht."" (raw:39) — sixteen premises searched; note the code covers searches of premises even where no arrest is stated, and none is. hosting-takedown — ""In Deutschland wurden fünf Server und im europäischen Ausland (Österreich, Frankreich, Niederlande) im Wege der Rechtshilfe vier Server beschlagnahmt."" (raw:41): nine cardsharing servers seized, five domestic and four in Austria, France and the Netherlands by way of mutual legal assistance. That single sentence is also the whole international-cooperation content of the record. Did NOT code asset-seizure: the release labels the rest of the haul evidence, not assets — ""Es wurden umfangreiches Beweismaterial (unter anderem 135 Receiver, zehn Computersysteme und 40 Mobiltelefone), sowie eine große Datenmenge von über 50 Terabytes sichergestellt."" (raw:43); the EUR 250,000 figure is the providers' established damage, not a seizure or forfeiture, and the operation page's audit note agrees the release mentions no asset recovery at all. Did NOT code intermediary-process: Rechtshilfe here is the channel through which foreign authorities executed SEIZURES, not a subpoena or disclosure order to a host, CDN or registrar to identify an operator — coding it would double-count the same sentence already carried by hosting-takedown. BORDERLINE CALL — end-user-action NOT coded: thirteen of the sixteen searched premises were Gewerbebetriebe (raw:39) and the customer base is described as ""Bisher konnten über 500 Kunden ermittelt werden, welche diese illegalen Dienste in Anspruch nahmen. Darunter befinden sich auch mehrere Gewerbebetriebe."" (raw:31), so it is tempting to read the day's searches as reaching customers. The release never joins the two statements, and the operation page itself only calls the overlap a suggestion (""which suggests the customer side was itself a target of the day's measures; the release does not say the customers were charged""). Customers were IDENTIFIED, not acted against, on the face of the record — not coded. No domain, portal or platform name appears anywhere in the release, so no domain-seizure, blocking-order or content-delisting is available (the operation page carries the same audit note for domains_seized). JUDICIAL: arrests not-reported — the release names one Beschuldigter, aged 27, and describes only searches and seizures; it never says whether he was detained. This is source silence, not a stated zero, which is exactly what the operation page's 2026-08-02 audit note records (""arrests is flagged missing, not verified zero""); empty cites per the protocol's silence rule, and the frontmatter seed results.arrests: 0 is NOT read as a source statement. indictments pending — DEFINITIONAL CALL, flagged for the audit: the record states a formal prosecutor-led criminal investigation is underway against an identified accused and has been for a year — ""Bereits seit Mai 2017 ermitteln die fünfköpfige Ermittlungsgruppe ... und die spezialisierten Staatsanwälte der bei der Generalstaatsanwaltschaft Bamberg eingerichteten Zentralstelle Cybercrime Bayern gegen einen 27-Jährigen aus dem südlichen Landkreis Rosenheim"" (raw:31) and ""Die umfangreichen und technisch komplexen Ermittlungen wegen gewerbsmäßigen Computerbetrugs werden seit rund einem Jahr von der Zentralstelle Cybercrime Bayern und dem K 11 der Kriminalpolizeiinspektion Rosenheim geführt."" (raw:37), with the data evaluation expected to run several more months (raw:43). A German Ermittlungsverfahren conducted by the Staatsanwaltschaft against a named Beschuldigter is the pre-charge phase of criminal proceedings, structurally the same object as the Bulgarian pre-trial proceedings coded pending on the bulgaria-gdbop-europol-huge-hit-iptv-distributors-2020 row — so pending, for consistency across the two. It is distinguished from the disney-star-dubai-police row, where the only forward-looking statement was police investigating whether OTHER unidentified individuals were linked, which is not proceedings against anyone. No count is coded: no charge has been filed, and the frontmatter seed indictments: 0 remains correct as a count. convictions and imprisonments not-reported — no charge, trial, judgment or sentence is in any record; the operation page states the Bavarian archive walk of 292 releases found no later release on this case, and the corpus's other ZCB indictment release (wiki/sources/2018-11-08_justiz-bayern_zcb-cardsharing-anklage-regensburg.md, five men charged to the Landgericht Regensburg) belongs to the SEPARATE 2017 LuxTV/WorldTV case — its own source page says so, its defendants were all arrested 28.11.2017 by the Polizeipräsidium München, and its foreign set is Latvia rather than Austria/France/Netherlands. It is NOT a follow-on to this row and is not coded here. Right-censored at 2018-05-14, six days after the action. latest_record_date 2018-05-14 = the release byline, the only record. RECONSTITUTION not-reported: no cited record speaks to what happened to the cardsharing service after 8 May 2018 — the release does not even name a platform or domain that could be observed up or down, and the archive walk found no later release on the case. CORPUS SEARCH ('Rosenheim', 'EG Streams', 'cardsharing'/'Card-Sharing' across wiki/sources/): five files hit — the cited release, the 2017-12-05 LuxTV/WorldTV Europe-wide action and its 2018-11-08 Regensburg indictment follow-on (both the OTHER ZCB case), a 2018 Brazilian STJ signal-sharing decision, and a 2019 Eurojust AAPA report. NO LINKAGE GAP for this row. Noted for the coordinator: the record's four foreign server seizures were each executed by an authority in Austria, France and the Netherlands and the release names none of them, so this row's cross-border modality is country- and instrument-level only."
REG-2018-0011,de,DOM-2018-1002,Hong Kong Customs and Excise Department,le,1,https://www.customs.gov.hk/en/customs-announcement/press-release/index_id_2873.html,2018-05-28,,2018-05-25,Hong Kong Customs strives to combat sale of suspected illicit TV set-top boxes (with photo),,isd-retail,,true,operation 'Trojan Horse' against four shops selling illicit TV set-top boxes; 354 boxes seized,independent,,hong-kong,hong-kong,Hong Kong Customs,domestic,,false,,false,none,arrest-search,true,,false,Agrees with DE domestic. Two-day operation 25-26 May 2018; action_date = first day. Bail is arrest-stage. Copyright owners unnamed; Mr Guy Fong is a Customs officer. Word count includes capture frontmatter and DE extraction notes; quotes from Extracted Text only.
REG-2018-0012,walk-2026-08-17,B15,Policía Nacional,le,1,https://www.policia.es/_es/comunicacion_prensa_detalle.php?ID=4686,2018-06-05,,,Desmantelado en Barcelona un centro de distribución de señal “pirata” de televisión por IPTV,,iptv-service,,true,,independent,,spain; italy; france; germany; switzerland,spain; italy; france; germany; switzerland,Policía Nacional; Guardia di Finanza; Fiscalía de Roma,cooperative,,false,,false,none,arrest-search; hosting-takedown,true,,false,"date_source: dateline 05/06/18. Action date not stated (release describes completed arrests/searches; no action day given). Arrests n=65 = 4 (Spain) + 61 (Italy 54, France 4, Germany 2, Switzerland 1) -- derived by summation from the release's own breakdown; the body once misprints Switzerland's 1 as 'Italia'. Searches: 2 in Barcelona + 58 abroad (Italy 55, Germany 1, France 1, Switzerland 1). Italian-led case (Guardia di Finanza, letters rogatory from the Rome prosecutor); the GdF side of this June-2018 action is not on gdf.gov.it (ACQUISITION_LOG note) and no IC/DE page holds it -- new. Seized material described as evidence only, so no asset-seizure. Cooperative on both counts (5 states; 3 orgs). [2026-08-18 coordinator, re-read (4 verifiers, CODING v4): indictments not-reported -> pending (referral-inferred; prosecutor/court-led investigation stated): a rogatory letter from the Rome prosecutor's office within the Guardia di Finanza investigation of 'una organización acusada' -- prosecutor-led proceeding stated (consistency screen, not in the 43-row sample)]"
REG-2018-0013,walk-2026-08-17,B16,Policía Nacional,le,1,https://www.policia.es/_es/comunicacion_prensa_detalle.php?ID=4693,2018-06-11,,,"Bloqueadas seis webs que ofrecían enlaces para visionar partidos de fútbol, películas, series y otros contenidos de forma ilícita",,streaming-site,,true,"borderline: six link/streaming portals offering football matches (streaming restricted to subscribers), films, series, games, software, music, books via direct download, streaming and P2P; not an IPTV service but includes live-sports streaming",independent,,spain; france; canada,spain,Policía Nacional; La Liga Nacional de Fútbol Profesional; FAP (Federación para la Protección de la Propiedad Intelectual),domestic,,false,,true,keywords,blocking-order; arrest-search,true,,false,"FETCH: policia.es cookie wall; text obtained via cookies_set.php POST in-session (see B12 notes). publish_date from dateline '11/06/18'. STRATUM (borderline, flag 'complainant-counted'): one executing state; France and Canada are named only as server locations (countries_named, not executing). Named organisations with a role: Policía Nacional (executing) plus two named rights-holder bodies that filed the criminal complaints that opened the investigation (La Liga Nacional de Fútbol Profesional, July 2016; FAP, March 2017) -> counted under REGISTER.md 'named rights-holder counts' -> cooperative. If the coordinator rules that a complainant is 'victim only', orgs=1 and the row becomes domestic. blocking-order coded on the verb 'bloquear'/'bloqueo de los seis portales' (release does not say seizure). Also 'se ha tomado declaración a la administradora de una de las sociedades en calidad de investigada' (one more person under investigation, not arrested). Ad revenue > EUR 1M; single site EUR 839.951. No court stage/durability statements. [STRATUM recomputed under REGISTER.md as revised 2026-08-17 (states only; organisation counts play no part): countries_executing=['spain'] -> domestic; first-pass value under the old orgs clause was 'cooperative' - the org-count/'complainant-counted'/'same-force-units' remarks above are now descriptive only (private_named covariate).]"
REG-2018-0014,de,DOM-2018-1001,Hong Kong Customs and Excise Department (via HKSAR Government Information Services),le,1,https://www.info.gov.hk/gia/general/201806/23/P2018062300656.htm,2018-06-23,,2018-06-22,Hong Kong Customs combats online re-broadcast pay TV World Cup programmes,,live-sports-stream,,true,"user of an Internet broadcasting platform re-broadcasting pay-TV World Cup matches live; two arrested, computer devices seized",independent,,hong-kong,hong-kong,Hong Kong Customs,domestic,,false,,false,none,arrest-search,true,,false,Agrees with DE domestic. Pre-2022 law (circumvention-business offence cited). The 'Internet broadcasting platform' is not named and no action against it is stated (no content-delisting). Bail is arrest-stage. Copyright owner unnamed. Word count includes capture frontmatter and DE extraction notes; quotes from Extracted Text only.
REG-2018-0015,walk-2026-08-17,B38,Openbaar Ministerie (Arrondissementsparket Noord-Nederland),prosecutor,1,https://www.om.nl/actueel/nieuws/2018/06/28/verdachten-van-digitale-tv-piraterij-voor-de-rechter,2018-06-28,,2018-07-02,Verdachten van ‘digitale tv-piraterij’ voor de rechter,,cardsharing,,true,,independent,,netherlands,netherlands,Openbaar Ministerie; Ziggo,domestic,,false,,true,keywords,,true,,false,"publish_date from the dateline 'Nieuwsbericht 28-06-2018 | 12:00'; action_date = the trial hearing 'maandag 2 juli' (2018-07-02). Row = the prosecution of two Groningen cardsharing suspects (art. 326c Sr; smartcards of Ziggo decrypted and shared with ~150-200 paying people; dreamboxes sold via Marktplaats; offences end-2013 to 21 March 2017). Second OM release of the same case (2018-07-02, https://www.om.nl/actueel/nieuws/2018/07/02/celstraf-en-werkstraf-geeist-tegen-verdachten-van-digitale-tv-piraterij, fetched as B38b.txt, 293 words) reports the prosecutor's DEMAND (8 months of which 4 suspended for the 40-year-old; 180 hours community service + 3 months suspended for the 49-year-old; verdict due 16 July 2018) - a demand is not a conviction, so convictions stay 'pending'; the verdict itself is not on the OM site (candidate note). Prosecution-only record: no infrastructure action stated (modality empty); no arrest stated (the case came from an anonymous tip to Ziggo, an aangifte and an investigation). STRATUM flag 'complainant-counted': Netherlands only; named organisations = OM (prosecuting) and Ziggo (the pay-TV operator that received the tip and filed the aangifte); 'de politie' and 'de rechtbank in Groningen' are generic/forum and not counted. If a complainant is ruled 'victim only', orgs=1 -> domestic. indictments n=2 = both defendants charged ('ten laste is gelegd'). [STRATUM recomputed under REGISTER.md as revised 2026-08-17 (states only; organisation counts play no part): countries_executing=['netherlands'] -> domestic; first-pass value under the old orgs clause was 'cooperative' - the org-count/'complainant-counted'/'same-force-units' remarks above are now descriptive only (private_named covariate).]"
REG-2018-0016,de,DOM-2018-1003,Hong Kong Customs and Excise Department,le,1,https://www.customs.gov.hk/en/customs-announcement/press-release/index_id_2990.html,2018-09-05,,2018-09-04,Hong Kong Customs strives to combat sale of suspected illicit TV set-top boxes,,isd-retail,,true,three shops in Tsuen Wan selling illicit TV set-top boxes; 131 boxes seized,independent,,hong-kong,hong-kong,Hong Kong Customs,domestic,,false,,false,none,arrest-search,true,,false,Agrees with DE domestic. Bail is arrest-stage. Copyright owners unnamed. Word count includes capture frontmatter and DE extraction notes; quotes from Extracted Text only.
REG-2018-0017,ic,uk-ireland-europol-ipc3-iptv-streaming-takedown-2018,Europol (European Union Agency for Law Enforcement Cooperation),igo,1,https://www.europol.europa.eu/media-press/newsroom/news/six-arrested-in-hit-against-illegal-television-streaming-in-uk-and-ireland,2018-09-12,,,Six arrested in hit against illegal television streaming in UK and Ireland,capture-h1,iptv-service,pool-default,true,IC census row: pool tag illegal-iptv-ic; medium defaults to iptv-service (re-read as found),independent,,united-kingdom; ireland,united-kingdom; ireland,(wiki participating_agencies #1); (wiki participating_agencies #2),cooperative,wiki-fields,false,,true,wiki-flag,arrest-search; asset-seizure; payment-disruption,true,,false,"converted from paper2/coding/uk-ireland-europol-ipc3-iptv-streaming-takedown-2018.json (coder agent-w1-4, 2026-08-13); date_source=raw-frontmatter; source_of_record=raw/press-releases/2018-09-12_europol_uk-ireland-iptv-streaming-six-arrests.md; tier_basis=raw-dir:press-releases; other_cited_captures=1; quotes are the cited lines as of the coding date; stratum from wiki fields (participating_countries=2, participating_agencies=2); official_release_sourced=True. Capture tiers: both captures USABLE — the Europol capture carries the verbatim release body extracted from the React newsroom inline JSON (raw:26-34), the Garda capture is a verbatim extract of the Irish release (raw:14-26). Modality: arrest-search — ""Police officers carried out house searches on 11 September at different locations in Ireland and the UK"" with two arrested in Bursledon and four detained in Crumlin and Ashbourne plus ""several actions"" in Scotland (europol raw:30); Ireland: two houses raided (Crumlin, Dublin; Ashbourne, Co. Meath) and searches at the arrestees' homes (garda raw:14, 16). asset-seizure — ""several bank accounts were frozen"" (europol raw:30); the Garda record is more specific: six bank accounts and two credit union accounts identified, freezing orders invoked under money-laundering legislation, ""In total, €84,000 has been frozen as a result."" (garda raw:22). The cash seized during the searches (""computer equipment and cash was seized"", europol raw:30) is treated as search-stage seizure ambiguous between evidence and proceeds — the asset-seizure code rests on the bank/credit-union freezes, not the cash (evidence-cash exclusion). payment-disruption — BORDERLINE call: ""Nine other third-party payment accounts have been identified and limited following the operation."" (garda raw:24) — limitation of the network's third-party payment accounts is a payment-intake cutoff at payment intermediaries, distinguished in the record from the frozen bank accounts; coded payment-disruption with this flag (the code's exemplar is a processor/advertising cutoff; account-level limitation is the nearest fit). Context: over €700,000 paid into those accounts over the preceding three years (garda raw:24). No domain, hosting, blocking, or delisting action is stated — none coded. Judicial: arrests n=6 — ""authorities in Hampshire, south east England, Scotland and Ireland have arrested six"" (europol raw:26); breakdown 2 Bursledon + 4 Ireland (europol raw:30; garda raw:14: two women aged 37 and 40, two men aged 42 and 45); Scotland's ""several actions"" carry no stated arrest count — the six-total is the record's own aggregate, not derived. Indictments not-reported: ""Those arrested are suspected of offences under the Copyright and Related Rights Act, 2000, and the Criminal Justice (Money Laundering and Terrorist Financing) Act, 2010."" (garda raw:18) — suspicion at arrest, no charging statement and no statement that prosecution proceedings are underway or referred, so not pending; the operation page confirms no follow-up prosecutorial outcome is reported in the available sources. Convictions/imprisonments not-reported. latest_record_date 2018-09-12 = Europol datePublished 2018-09-12T13:01:10+00:00 (raw:60; the 2018-10-01 dateModified is a site edit, byline governs); Garda record 2018-09-11. Reconstitution: neither record speaks to the IPTV service's status after the action day (whether the upstream uplink survived is explicitly unknown per the operation page) — not-reported. Corpus search (Bursledon / Crumlin / Ashbourne): only the two already-cited source pages — no linkage gap."
REG-2018-0018,walk-2026-08-17,CC2-17,Policja (policja.pl) — Komenda Wojewódzka Policji w Rzeszowie,le,1,"https://policja.pl/pol/aktualnosci/163865,33-latek-odpowie-za-sharing.html",2018-09-14,,2018-09-11,33-latek odpowie za sharing,,cardsharing,,true,,independent,,poland,poland,Wydział dw. z Cyberprzestępczością Komendy Wojewódzkiej Policji w Rzeszowie; KPP w Lubaczowie,domestic,,false,,false,none,arrest-search; end-user-action,true,,false,"publish_date 'Data publikacji 14.09.2018'; action '11 września br.' -> 2018-09-11. Poland only. STRATUM flag 'same-force-units': the two named bodies are both units of the Polish Police (KWP Rzeszów cyber unit + county command KPP Lubaczów, 'wspólne działania'); counted as two named organisations under the REGISTER rule as written -> cooperative; if the coordinator collapses units of one force, orgs=1 -> domestic. Cardsharing: a 33-year-old shared subscriber-card keys via a sharing server to ~35 recipients. No detention stated ('odpowie' = will answer for it) -> arrests not-reported; indictments=pending on the statement that the perpetrator AND the users will be held liable under the 2002 conditional-access Act (proceedings underway - weak floor, referral-inferred). end-user-action: a dozen-plus linked persons identified and their modified decoders seized, and users stated as liable. No server takedown verb. Release adds that the unit had identified 'kilkudziesięciu sprawców' in 2018 in other cases (not this action). No conviction/durability statement. [STRATUM recomputed under REGISTER.md as revised 2026-08-17 (states only; organisation counts play no part): countries_executing=['poland'] -> domestic; first-pass value under the old orgs clause was 'cooperative' - the org-count/'complainant-counted'/'same-force-units' remarks above are now descriptive only (private_named covariate).] [2026-08-18 coordinator, codex IC reg2: indictments pending -> not-reported: 'będą odpowiadać zgodnie z przepisami Ustawy' is a police statement of future liability, not a charge presented (PL usłyszał zarzuty) nor a proceeding stated as underway/referred/awaited (CODING v4); CC2-24 'usłyszy również zarzut' (a charge WILL be presented) keeps pending]"
REG-2018-0019,walk-2026-08-17,CC3-2,"U.S. Department of Justice, Office of Public Affairs",prosecutor,1,https://www.justice.gov/archives/opa/pr/three-puerto-rican-men-arrested-federal-charges-dish-network-services-piracy-scheme,2018-11-02,,2018-11,Three Puerto Rican Men Arrested on Federal Charges in Dish Network Services Piracy Scheme,,cardsharing,,true,Internet Key Sharing (IKS) server + programmed receivers giving paid access to DISH satellite TV,independent,,united-states,united-states,Justice Department’s Criminal Division; U.S. Attorney Rosa Emilia Rodriguez-Velez for the District of Puerto Rico; FBI; Computer Crime and Intellectual Property Section (CCIPS),domestic,,false,,false,coder,arrest-search,true,,false,"[orgs-rule-only] Twin release exists at usao-pr (same text per the candidate table; not fetched). DISH named as victim only -> not an org for the stratum rule. IKS server 'under their control' — no seizure verb, so no hosting-takedown. action_date 2018-11: indictment unsealed Nov. 2 'after their arrest' (arrest date not given). Stratum cooperative on the orgs rule only (Criminal Division + USAO D.P.R. + FBI + CCIPS, one state). Puerto Rico slugged as united-states. [2026-08-17 coordinator: stratum cooperative->domestic by the states-only rule (DE CODEBOOK s.3 v1.11+); coder's value kept as stratum_as_coded]"
REG-2018-0020,walk-2026-08-17,B11,Policía Nacional,le,1,https://www.policia.es/_es/comunicacion_prensa_detalle.php?ID=4493,2018-12-27,,2018-12,Inspeccionados más de 2.000 establecimientos de hostelería por la emisión ilícita de partidos de fútbol,,other,,false,"Targets are commercial exhibitors (bars/hospitality venues) showing football via modified decoders; the release names no service or seller as target -- an end-user (commercial exhibition) sweep, not action against a service or its sellers. Borderline; coordinator may re-scope.",independent,,spain,spain,Policía Nacional; LaLiga,domestic,,false,,true,keywords,end-user-action,false,out-of-scope: Targets are commercial exhibitors (bars/hospitality venues) ,false,"date_source: dateline 27/12/18 in the release. Action window: investigation began end of November 2018; inspections during match broadcasts (month-level 2018-12 is my reading; the release does not give an inspection date). >2,000 venues inspected, ~60% found infringing, >800 decoders seized as evidence (not asset-seizure). Venue owners summoned for statements (end-user-action = measure applied to identified commercial exhibitors). No arrests, charges or outcomes stated -> not-reported (silence). LaLiga counted as a named rights-holder with operational role (verified venues, filed the denuncia) -> 2 orgs -> cooperative under the REGISTER rule. Stratum note: the wiki/DE repositories would treat this as domestic (single state, one LE agency). [STRATUM RECOMPUTED 2026-08-17: REGISTER.md was revised mid-slice to the states-only rule (organisation counts play no part); this row was first coded cooperative on the org-count reading described above and is now domestic because countries_executing=1.]"
REG-2019-0001,walk-2026-08-17,B10,Policía Nacional,le,1,https://www.policia.es/_es/comunicacion_prensa_detalle.php?ID=4134,2019-02-13,,,La Policía Nacional desmantela un centro ilegal que distribuía contenidos audiovisuales a través de las redes sociales,,hybrid,,true,CCcam card-sharing lines + IPTV M3U lists sold via Facebook/WhatsApp groups (1.490 channels),independent,,spain; china,spain,Policía Nacional,domestic,,false,,false,none,arrest-search,true,,false,"Single operator in Madrid; lines/lists bought in China (supplier location only, no Chinese authority role). Complaint origin unnamed ('una denuncia'). Dateline 13/02/19 in the release. [promoted 2026-08-17: coded against the cookie-unlocked policia.es text; fetch rung curl_cffi+cookies_set] [2026-08-18 coordinator, re-read (4 verifiers, CODING v4): needs_review cleared: the flag was fetch provenance (row promoted after the cookie-unlocked policia.es fetch); coding verified, nothing to change]"
REG-2019-0002,walk-2026-08-17,DKR-5,한국저작권보호원,ministry-regulator,1,https://www.kcopa.or.kr/lay1/bbs/S1T12C38/F/38/view.do?article_seq=490,2019-03-14,,,디지털포렌식기술로 저작권침해 해외방송(IPTV) 운영자 검거 활약,,iptv-service,,true,hidden server room encoding domestic broadcasts in real time and streaming them abroad; set-top boxes sold to subscribers in China/SE Asia,independent,,south-korea; china,south-korea,한국저작권보호원; 서울지방경찰청 국제범죄수사대,domestic,,false,,false,coder,arrest-search; hosting-takedown,true,,false,"[orgs-rule-only] Publisher is the Korea Copyright Protection Agency (KCOPA, a statutory public agency under MCST) — coded ministry-regulator; the arresting body is the Seoul Metropolitan Police International Crime Investigation Unit. '구속' = detention under warrant (arrest stage), n=2. Two businesses closed and the encoding/transmission server system dismantled -> hosting-takedown. China / Southeast Asia named only as subscriber markets. Stratum cooperative on the orgs rule only (KCOPA + Seoul police, one state). Action date not stated (release of 14 March). [2026-08-17 coordinator: stratum cooperative->domestic by the states-only rule (DE CODEBOOK s.3 v1.11+); coder's value kept as stratum_as_coded]"
REG-2019-0003,walk-2026-08-17,CC2-16,Policja.pl - Portal polskiej Policji (KWP Rzeszów),le,1,"https://policja.pl/pol/aktualnosci/171061,Policjanci-przerwali-proceder-quotsharinguquot-41-letni-mielczanin-uslyszal-zarz.html",2019-03-18,,,"Policjanci przerwali proceder ""sharingu"". 41-letni mielczanin usłyszał zarzuty",,cardsharing,,true,,independent,,poland,poland,Policja,domestic,,false,,false,none,arrest-search,true,,false,"date_source: 'Data publikacji 18.03.2019'. Action 'w minionym tygodniu' (previous week) -> action_date null. Cardsharing server operator (~60 recipients) detained; KWP Rzeszów cyber unit + KPP Mielec = one org (Policja); the prosecutor ('Prokurator') applying police supervision, travel ban and bail is unnamed -> not an org. indictments n=1 codes the Polish 'usłyszał zarzuty' (formal presentation of charges to a suspect in the preparatory proceeding, postanowienie o przedstawieniu zarzutów) as a filed charge, by analogy with the VN mapping in CODING.md; re-map to pending if the coordinator treats zarzuty as pre-charge. Cash seized is described as secured evidence; bail (poręczenie majątkowe) is not asset-seizure."
REG-2019-0004,ic,spain-denmark-uk-policia-nacional-premier-league-iptv-server-farms-2019,Audiovisual Anti-Piracy Alliance (AAPA mirror of Irdeto press release),coalition,2,https://www.aapa.eu/press-release-premier-league-and-irdeto-collaborate-on-large-scale-iptv-piracy-raids,2019-03-22,,,Premier League and Irdeto Collaborate on Large-Scale IPTV Piracy Raids,capture,iptv-service,pool-default,true,IC census row: pool tag illegal-iptv-ic; medium defaults to iptv-service (re-read as found),independent,,spain; denmark; united-kingdom,spain; denmark; united-kingdom,(wiki participating_agencies #1); (wiki participating_agencies #2); (wiki participating_agencies #3); (wiki participating_agencies #4); (wiki participating_agencies #5); (wiki participating_agencies #6),cooperative,wiki-fields,false,,true,wiki-flag,arrest-search; asset-seizure,false,publisher_type=coalition,false,"converted from paper2/coding/spain-denmark-uk-policia-nacional-premier-league-iptv-server-farms-2019.json (coder agent-w2-1, 2026-08-13); date_source=raw-frontmatter; source_of_record=raw/news/2019-03-22_aapa_premier-league-irdeto-iptv-raids-spain-denmark-uk.md; tier_basis=raw-dir:news; other_cited_captures=0; quotes are the cited lines as of the coding date; stratum from wiki fields (participating_countries=3, participating_agencies=6); official_release_sourced=False. CAPTURE TIER: RECONSTRUCTION. The single capture's frontmatter claims ""fetch_method: WebFetch (verbatim capture)"" and ""content_format: AAPA-hosted press release text"", but the body is not the release — it is an agent-authored digest of it: six analyst headings (Operation Summary / Arrests & Charges / Infrastructure Uncovered / International Criminal Network / Financial Impact / Named Quotes / AAPA Role) over bullet lists in label-colon-value form (""Subscription cost: starting at 40 Euros per month"" raw:33; ""Estimated revenue: approximately 8 million euros"" raw:41; ""Imprisonments in Spain: 3 individuals"" raw:43). Only the two attributed quotes at raw:47 and raw:49 are marked verbatim, and neither carries a coded fact. Everything on this row is therefore page_only with the (reconstruction) marker. The operation page independently records that no tier-1 record exists for this action (""No published Europol own-domain press release for this specific action day — tier-1 confirmation unavailable""), and source_tier is 2. MODALITY: arrest-search — ""Spanish National Police, working with law enforcement in the United Kingdom and Denmark, Europol, the Premier League, and Irdeto, conducted raids at 14 locations across Spain, Denmark, and the United Kingdom."" (raw:21) with five arrests (raw:25). asset-seizure — ""Seized assets: 12 high-end vehicles, real estate, blocked bank accounts"" (raw:42): vehicles, real property and frozen accounts are proceeds-side assets, not evidence, so this is the row's second modality (contrast the Singapore ISDs and the German receivers, which were contraband/evidence and were not coded). BORDERLINE CALL — hosting-takedown NOT coded, and this one runs against the wiki page: the record's server-farm material sits under the heading ""## Infrastructure Uncovered"" (raw:27) and states only what was FOUND — ""11 server farms distributed globally"" and ""Some facilities contained over 44 servers"" (raw:29-30). No sentence in the capture says a server, farm or hosting account was seized, shut down or taken offline; the words 'offline', 'shut', 'dismantle' and 'takedown' do not appear in the capture body at all. The operation page's Results section nevertheless asserts ""11 server farms identified globally; service taken offline"" and ""800+ TV channels removed from illegal distribution to 30+ country market"" — neither clause is in the record, and the same page's frontmatter carries servers_seized: 0, contradicting its own prose. Coded from the record, not the page. No domain-seizure, blocking-order, content-delisting, payment-disruption, intermediary-process or end-user-action is stated anywhere. JUDICIAL: arrests n=5 — ""Five individuals arrested for crimes including belonging to a criminal organisation, intellectual property theft, fraud, and money laundering."" (raw:25). indictments pending — the second sentence of the same line, ""Three individuals were detained and imprisoned in Spain following court appearances."", puts the case before a Spanish court within days of the raids; that is proceedings underway, not a count of charges filed, and the arrest offences listed are the grounds of arrest rather than filed charges. convictions not-reported — no record states a verdict, plea or sentence for anyone. imprisonments not-reported, AND THIS CONTRADICTS THE OPERATION PAGE, deliberately: the page's frontmatter carries results.imprisonments: 3 and its Results section reads ""3 detained and imprisoned in Spain following court appearances"", but the underlying record is an action-week press release describing detainees brought before a court immediately after the raids — under Spanish procedure that is prisión provisional (pre-trial remand ordered by the investigating judge), not a custodial sentence. The protocol defines imprisonments as custodial components actually IMPOSED, i.e. sentencing outcomes; a stage-3 conviction does not exist on this row, so a stage-4 imprisonment cannot. Reading ""detained and imprisoned"" as three custodial sentences would manufacture three sentences out of a remand order and would make this row report imprisonments with no conviction anywhere behind them. The three remand detentions are recorded here instead, and the frontmatter seed is flagged for the coordinator as a probable mis-seed. latest_record_date 2019-03-22 = Irdeto release date (AAPA republished 2019-03-25 per raw:17; the earlier date is the byline). Right-censored on the action week — the record is days old relative to the raids, which is why every downstream stage is silent. RECONSTITUTION not-reported: no cited record speaks to the service's status after March 2019, no successor is named, and the capture's forward-looking content is limited to two promotional quotes. CORPUS SEARCH ('Irdeto', 'Premier League', 'server farm' across wiki/sources/ and raw/): no uncited record of this action. The nearest neighbours are all different cases — Operation Casper (2017 Spain-Bulgaria, same Premier League/Irdeto/AAPA pattern, two source pages), the Kenya MultiChoice/Irdeto matters (2024-2025), Cyber Patrol (2025 Portugal-Spain), Kratos 2 (2026), and the Audiencia Nacional RapidIPTV case (wiki/sources/2022-07-22_poderjudicial-cgpj_audiencia-nacional-procesamiento-rapidiptv-15-millones-dash-irani.md), which I checked specifically as a possible judicial follow-on and rejected: RapidIPTV is a different network (9 defendants, ~2 million users, ~40 server farms across 14 countries, EUR 15M proceeds, Nagravision as the complaining vendor) and its own operation page dates the case from 2020-01-01, after this action. NO LINKAGE GAP. Noted for the coordinator: this row's entire evidentiary base is one reconstruction-tier digest of a private rights-holder's press release, with no LE publisher of record on either side of the three raid jurisdictions."
REG-2019-0005,walk-2026-08-17,CC2-15,policja.pl (KWP we Wrocławiu / KMP we Wrocławiu),le,1,"https://policja.pl/pol/aktualnosci/173349,Policjanci-namierzyli-10-wroclawskich-lokali-w-ktorych-nielegalnie-rozpowszechni.html",2019-05-10,,,"Policjanci namierzyli 10 wrocławskich lokali, w których nielegalnie rozpowszechniano mecz Ligi Mistrzów",,other,,false,"unlicensed public exhibition of a Champions League match in 10 bars ('bez wykupionej licencji') — public-performance licensing, not a pirate IPTV/streaming service, cardsharing or pirate device",independent,,poland,poland,Komendy Miejskiej Policji we Wrocławiu,domestic,,false,,false,none,end-user-action,false,out-of-scope: unlicensed public exhibition of a Champions League match in ,false,"Out of scope (public-performance case). Coded anyway for completeness: 10 venue owners identified and referred to court (indictments:pending, referral-inferred). Cooperation with 'przedstawicielami jednej z ogólnopolskich telewizji cyfrowych' — broadcaster unnamed, so domestic. Publisher line reads '(KWP we Wrocławiu / mg)'."
REG-2019-0006,ic,bulgaria-gdbop-europol-end-of-broadcast-iptv-cable-piracy-2019,Europol,igo,1,https://www.europol.europa.eu/media-press/newsroom/news/end-of-broadcast-for-iptv-criminal-network,2019-06-17,,,"End of Broadcast for IPTV criminal network (Bulgaria, 17 June 2019)",capture-h1,iptv-service,pool-default,true,IC census row: pool tag illegal-iptv-ic; medium defaults to iptv-service (re-read as found),independent,,bulgaria,bulgaria,(wiki participating_agencies #1); (wiki participating_agencies #2); (wiki participating_agencies #3); (wiki participating_agencies #4); (wiki participating_agencies #5),domestic,wiki-fields,false,,true,wiki-flag,hosting-takedown,true,,false,"converted from paper2/coding/bulgaria-gdbop-europol-end-of-broadcast-iptv-cable-piracy-2019.json (coder agent-w2-4, 2026-08-13); date_source=raw-frontmatter; source_of_record=raw/press-releases/2019-06-17_europol_end-of-broadcast-bulgaria-iptv-cable-operators-ipc3-aapa.md; tier_basis=raw-dir:press-releases; other_cited_captures=0; quotes are the cited lines as of the coding date; stratum from wiki fields (participating_countries=1, participating_agencies=5); official_release_sourced=True. Single cited source: wiki/sources/2019-06-17_europol_end-of-broadcast-bulgaria-iptv-cable-operators-ipc3-aapa.md -> raw/press-releases/2019-06-17_europol_end-of-broadcast-bulgaria-iptv-cable-operators-ipc3-aapa.md. CAPTURE TIER: mixed within one file. raw:26-34 is a verbatim body recovered from the AAPA mirror of the Europol release (the capture states ""Verbatim content recovered from the AAPA mirror, which reproduces the Europol press release in full"", raw:18) and is treated as USABLE; raw:36-56 (""Key extracted facts"", ""Tier-1 status verification"") is agent-authored digest with post-hoc comparative claims (e.g. the TorrentFreak-sourced rights-holder list at raw:48, and the raw:54 comparison to the 2019 Italian Black IPTV operation) and is RECONSTRUCTION-tier -- not cited. Europol's own SPA page did not resolve in WebFetch (raw:18) = the L52/L11 Europol pattern; the mirror is the only body text.
MODALITY: hosting-takedown only. Source verb: ""The entire illegal hardware infrastructure used for the criminal activity, including all servers used to distribute the channels, has been seized."" (raw:30). NO arrest-search coded: the release's only action verb for persons/premises is ""police officers from the Bulgarian Cybercrime Department from the General Directorate Combating Organised Crime of the Ministry of Interior carried out a joint action against five cable operators in Bulgaria"" (raw:26) -- ""joint action"" with no arrest, raid, or house-search verb anywhere in the body. The operation page's frontmatter carries enforcement_type: search-seizure and mechanisms_used: [[search-seizure]] (op page:14, 44); per CODING.md's frontmatter-seed rule the modality follows the source text's verbs, and the source text does not state a search or an arrest. Physical seizure of head-end hardware at five operators plainly happened somewhere, but the record does not say premises were searched, so the inference is left uncoded and flagged here. No domain, blocking, delisting, payment, or asset (non-evidence) action stated.
JUDICIAL: arrests not-reported -- the release is silent on arrests (frontmatter results.arrests: 0 is a seed, not an affirmative ""no arrests"" statement, so `none-stated` was not used). indictments = pending, PAGE-ONLY and flagged as a possible corpus defect: the claim ""Administrative and criminal procedures initiated against the five operators."" appears twice in the wiki page (frontmatter results.other, op page:63; Results and Impact, op page:129) and appears NOWHERE in the only cited record -- the Europol/AAPA body (raw:26-34) says nothing about administrative or criminal procedure. Coded as `pending` under the ""proceedings are underway"" rule with page_only=true; a coordinator repairing the wiki side should either source or withdraw that line. convictions/imprisonments not-reported; the page itself flags the gap: ""It is unclear from public reporting how many of the five operators were criminally prosecuted versus only administratively sanctioned."" (op page:160). latest_record_date 2019-06-17 = the single cited record's byline.
RECONSTITUTION: not-reported. No cited record speaks to what happened after June 2019. The page's Contradictions section raises prosecution-breakdown questions, not succession/effectiveness of the takedown, so `open-question` was not used. The page's remark that the relationship to Huge Hit (Feb 2020) is ""*highly likely* a continued enforcement arc against the Bulgarian illegal-IPTV ecosystem"" (op page:161) is about the enforcement series, not about this network reconstituting -- notes only.
CORPUS SEARCH (""End of Broadcast"", Kardzhali, Gotse Delchev, GDBOP over wiki/sources/): no uncited in-corpus source page covers this action. The four other hits -- 2017-04-06_europol_operation-casper..., 2020-02-05_europol_huge-hit-bulgaria..., 2019-03-22_aapa_premier-league-irdeto..., 2020-11-25_ec-europa-eu_ip-action-plan... -- name ""End of Broadcast"" only in comparative prose about their own different operations. No linkage gap.
OTHER FIGURES (not coded, no column): five cable operators across eight cities, ""more than 60 premium TV channels"", ""More than 700 000 subscribers"", damage ""over 10 million Bulgarian leva (approximately €5 million)"" (raw:28, 32); worldwide mobile-app redistribution alongside cable (raw:30). [2026-08-17 coordinator: indictments reset pending->not-reported. The cell cited the operation page's line 'Administrative and criminal procedures initiated against the five operators', which the page WITHDREW on 2026-08-15 (no capture carries it); surfaced by register_from_ic resolving cites at the coding-date blob. The Europol capture (raw/press-releases/2019-06-17_europol_end-of-broadcast-bulgaria-iptv-cable-operators-ipc3-aapa.md:26) says the police acted 'Under the supervision of the Bulgarian Supreme Prosecutor's Office of Cassation' -- supervision of an action, not a proceeding stated in its own words; a coder who reads BG prosecutor supervision as pre-trial proceedings (CODING.md pending floor, 'BG pre-trial proceedings') could code pending referral-inferred from that line; recorded here as the alternative reading, not applied.]"
REG-2019-0007,de,DOM-2019-1001,Polizia di Stato (Polizia Postale),le,1,https://www.poliziadistato.it/articolo/385d32dc9e51e88641329696,2019-07-20,,,Palermo: bloccata IPTV pirata con palinsesto di Sky,,iptv-service,,true,"pirate IPTV 'ZSAT' replicating the full Sky schedule from a home 'Sorgente' of 57 decoders; ~11,000 end customers",independent,,italy,italy,Polizia di Stato a Palermo; Polizia postale,domestic,,false,,false,none,arrest-search; hosting-takedown; asset-seizure,true,,false,"Agrees with DE domestic. Capture has no '## Extracted Text' heading and no body headline; title_original is the page title from the capture frontmatter without the ' | Polizia di Stato' suffix (headline word 'bloccata' = blocked/stopped). hosting-takedown is borderline: the headend ('Sorgente', 57 decoders + retransmission apparatus) was found in the home search and the headline says the IPTV was 'bloccata'; the body's seizure sentence lists cash/gold/wallets 'anche' (also), implying the headend was seized too, but does not say so explicitly. asset-seizure: 186,900 EUR cash, gold bars, two hardware crypto wallets. No arrest stated (indagato). Sky / Sky Italia named as victim only. Search date not stated. Word count includes capture frontmatter. [2026-08-18 coordinator, re-read (4 verifiers, CODING v4): asset-seizure KEPT under CODING v4 (c): 'due ""wallet"" hardware (portafogli virtuali) contenenti cryptomoneta in diverse valute di elevato valore' -- crypto holdings taken; the EUR 186,900 cash and gold alone would not carry the code (verifier proposed removal on the verb reading). hosting-takedown rests on the release title's 'bloccata IPTV pirata' plus the head-end 'Sorgente' -- kept, recorded as the weakest cell of the row]"
REG-2019-0008,walk-2026-08-17,B8,Policía Nacional,le,1,https://www.policia.es/_es/comunicacion_prensa_detalle.php?ID=3934,2019-08-16,,,La Policía Nacional desmantela un centro de distribución fraudulenta de contenidos audiovisuales y canales de pago,,iptv-service,,true,,independent,,spain,spain,Policía Nacional,domestic,,false,,false,none,arrest-search; hosting-takedown,true,,false,"FETCH: policia.es cookie wall; text via cookies_set.php POST in-session (see B12). publish_date from dateline '16/08/19'. Domestic: Spain only; the complaint ('una denuncia') that opened the case is unattributed (no named rights-holder). IPTV centre in a Terrassa (Tarrasa) home selling pay-TV/sports channel access, commercialised via decoders with firmware; hotel clients. hosting-takedown coded on 'bloqueo y anulación del servicio' (the sub-heading 'Cerradas las páginas web' also states the web pages were closed). EUR 4.705 cash found = evidence, not asset-seizure. No court stage/durability statements."
REG-2019-0009,ic,operation-perfect-storm-pay-tv-piracy-2019--eclissi-2019,Polizia di Stato (Italy),le,1,https://www.poliziadistato.it/articolo/385d820d626cd8c310877228,2019-09-18,,,"Polizia postale: operazione ""Eclissi"" contro le pay tv illegali",capture,iptv-service,pool-default,true,IC census row: pool tag illegal-iptv-ic; medium defaults to iptv-service (re-read as found),independent,operation-perfect-storm-pay-tv-piracy-2019,italy; france; netherlands; germany; bulgaria; greece,italy; france; netherlands; germany; bulgaria; greece,,cooperative,wiki-fields,false,,false,none,domain-seizure; hosting-takedown; arrest-search; asset-seizure,true,,false,"converted from paper2/coding/operation-perfect-storm-pay-tv-piracy-2019--eclissi-2019.json (coder agent-split-ps, 2026-08-13); date_source=raw-frontmatter; source_of_record=raw/press-releases/2019-09-18_poliziadistato_italy-eclissi-iptv-paytv-takedown.md; tier_basis=raw-dir:press-releases; other_cited_captures=2; quotes are the cited lines as of the coding date; stratum from wiki fields (participating_countries=6, participating_agencies=0); official_release_sourced=True; component_of=operation-perfect-storm-pay-tv-piracy-2019. CODED FROM THE 18 SEPTEMBER 2019 RECORDS ONLY. I read paper2/coding/operation-perfect-storm-pay-tv-piracy-2019.json for its capture-tier findings, as the task permits, and re-verified every tier claim in it against the captures myself (all three confirmed). No cell value was carried across: this row's modality set, its arrests value and its reconstitution value all differ from the parent's, and each was re-derived from the 2019 records.

CAPTURE TIERS, verified file by file.
USABLE (1) raw/press-releases/2019-09-18_poliziadistato_italy-eclissi-iptv-paytv-takedown.md -- own-domain Polizia di Stato release; verbatim Italian body at raw:16-36 with a working English translation below it. I cite the Italian.
USABLE (2) raw/press-releases/2019-09-18_gdf_operazione-black-iptv-xtream-codes.md -- frontmatter carries verbatim: true; full Italian body at raw:15-25.
CAPTURE-UNUSABLE (3) raw/press-releases/2019-09-18_eurojust_eurojust-helps-unravel-massive-trans-european-pay-tv-fraud.md -- despite text_status: parsed and word_count: 623, its ""## Extracted Text"" (raw:33-153) is the Internet Archive capture banner, the Archive Team collection blurb and the Eurojust site menu, with no article text at all. The only case prose in the file is the ingest agent's own summary at raw:27-29, which is RECONSTRUCTION tier. Nothing is cited from it.
CONSEQUENCE, and it lands on this component's own split rationale: the census entry for this component (tools/paper2_dataset.py:152) describes it as ""200+ servers seized, 150+ PayPal accounts blocked"", and the second of those two figures exists in NO usable capture. ""blocked over 150 PayPal accounts"" and ""identified 22 suspects"" appear only in that agent digest (raw:29) and, restated, on the operation page (op:123, op:157). See payment-disruption below.
CORPUS SEARCH over wiki/sources/ for Perfect Storm | Eclissi | Xtream | Black IPTV returned 39 files; none other is a record OF the September 2019 action. Two near-misses checked and rejected: 2019-11-21_eurojust_tackling-audio-visual-piracy-aapa-iptv-expertise (a 20-21 November 2019 AAPA seminar; says nothing about this network's post-action status) and 2019-04-25_ustr_2018-notorious-markets-list-vader-streams-omniverse-xtream-codes (predates the action, so history, not durability).

SCOPE -- why the GdF ""Black IPTV"" release is coded as a record of THIS action. The operation page flags the Black IPTV = Perfect Storm name equation as editorial inference (op:26); that caution is about the NAME, which no cell here relies on. What the cells rely on is that the two releases describe the same day's execution: same date, same platform architecture (an administration-panel product supplied by a company fronted by two Greek nationals -- ""una società di diritto bulgaro, gestita dai due cittadini greci"" at polizia raw:28, ""la piattaforma Xtream Codes, ideata da 2 cittadini greci"" at gdf raw:19), the same 80 domains/sites, the same five foreign jurisdictions executing simultaneously that morning, the same named rightsholders, the same ~5 million Italian subscribers. DIVERGENCES, recorded rather than reconciled: the Polizia names the Rome PPO as coordinating prosecutor while the GdF names the Naples PPO as directing prosecutor; servers are ""oltre 200 Server"" (polizia raw:20) against ""183 server"" (gdf raw:23), the GdF figure being the more specific but counting only servers ""dedicati alla riproduzione e diffusione dei flussi audiovisivi""; searches are 20 across Europe at company and provider premises (polizia raw:20) against ""25 gli obiettivi delle perquisizioni odierne sul territorio nazionale"" (gdf raw:25), which are different populations rather than a contradiction; turnover is about two million euros a month (polizia raw:22) against ""circa 60 milioni di Euro annui"" (gdf raw:19). No cell on this row turns on which figure is right, so both are recorded and neither is coded as a count.

MODALITY, taken from the source text's verbs.
domain-seizure -- ""Nell'operazione sono stati sequestrati oltre 200 Server e 80 domini e sono state effettuate 20 perquisizioni in tutta Europa presso sedi di società e provider."" (polizia raw:20) and ""oltre al sequestro ed all'oscuramento della intera piattaforma Xtream Codes, di 80 siti internet e di 183 server dedicati alla riproduzione e diffusione dei flussi audiovisivi"" (gdf raw:23). Judicial seizure of 80 domains/sites: state process, control transferred.
hosting-takedown -- the same two lines carry the servers (200+ / 183), and polizia raw:20 states the result: ""rendere inattiva la complessa infrastruttura tecnologica operante a livello internazionale"".
arrest-search -- ""Oltre 100 militari del Nucleo Speciale Tutela Privacy e Frodi Tecnologiche e dei reparti territoriali della Guardia di Finanza stanno eseguendo, in queste ore, provvedimenti di perquisizione locale, informatica e conseguente sequestro"" (gdf raw:15); ""25 gli obiettivi delle perquisizioni odierne sul territorio nazionale"" (gdf raw:25); the eight EIOs executed abroad ""nei confronti di 3 aziende e 5 persone fisiche"" (gdf raw:23); and the 20 European searches at company and provider premises (polizia raw:20). Searches and seizures against persons and premises; neither release claims an arrest.
asset-seizure -- ""mirano ad aggredire i proventi illecitamente conseguiti dall'organizzazione mediante il sequestro di 197 rapporti finanziari tra account paypal, postepay e conti corrente"" (gdf raw:25): an explicit attack on proceeds by seizure of financial accounts, not evidence collection.
NOT payment-disruption, and this is the closest call on the row. The census rationale for this component says PayPal accounts were blocked, but no publisher text in any usable capture uses the verb blocked or gives the figure 150. The only usable account of that measure is the GdF's, which frames it as sequestro of 197 rapporti finanziari aimed at the proceeds -- asset-seizure, already coded. ""blocked over 150 PayPal accounts"" exists solely in the agent digest inside the unusable Eurojust capture (raw:29) and, restated, on the operation page (op:157). Because the entire distinction between asset-seizure and payment-disruption here would rest on a verb no publisher wrote, and CODING.md fixes the modality to the source text's verbs, the measure is coded once, as asset-seizure. The two figures are plausibly the same measure, 150+ PayPal accounts being a subset of the 197 paypal/postepay/bank relationships.
NOT end-user-action -- gdf raw:25 closes with ""nei confronti dei fruitori del servizio è prevista la reclusione da sei mesi a 3 anni e la multa fino a 25.822 Euro"": the statutory penalty range applicable to subscribers, i.e. what the law allows, not a measure applied to any identified end user in this action.
NOT blocking-order -- oscuramento appears only in the same breath as sequestro of the platform, the sites and the servers (gdf raw:23): control taken, not access blocked with the site left standing. No DNS/ISP order or dynamic injunction is described.
NOT intermediary-process -- the eight EIOs were executed as searches and seizures against companies and natural persons (gdf raw:23), which arrest-search carries; no disclosure request to a registrar, host or CDN is described.
NOT content-delisting -- no notice-and-takedown, delisting or platform-side removal in either 2019 release; the 350 Telegram channels belong to the 2020 component.

JUDICIAL.
arrests not-reported -- neither release states an arrest, and neither describes the outcome completely enough for the absence to be a fact: the GdF release is written while the searches are still running, ""stanno eseguendo, in queste ore"" (gdf raw:15). Silence, so not-reported rather than none-stated.
indictments pending -- ""Nei confronti dei responsabili dell' organizzazione si procede per Associazione a delinquere finalizzata alla riproduzione e commercializzazione illecita di IPTV con la circostanza aggravata del reato trasnazionale"" (gdf raw:25). Italian ""si procede per"" is prosecutor-led, pre-charge proceedings language; under CODING.md's non-common-law mapping this sits at the indictments stage with value pending (referral-inferred). No count: the record does not enumerate the responsabili, and the unusable digest's 22 identified suspects is not used.
convictions / imprisonments not-reported -- no cited record reaches trial or sentence. The reclusione da sei mesi a 3 anni at gdf raw:25 is a statutory range for service users, not a sentence imposed on anyone, and must not be read as an imprisonment.
latest_record_date 2020-11-11 -- the latest publication date among THIS row's cited records is the Eurojust release cited for reconstitution, not the action-day releases.

RECONSTITUTION relaunch-reported, as_of 2020-11-11. The evidence postdates the coded action by fourteen months and comes from a usable capture. Eurojust's November 2020 release states what the 2019 action did -- ""In a major operation in September 2019 led by the Italian desk at Eurojust, over 200 servers were taken down to prevent the fraud from propagating."" (raw/press-releases/2020-11-11_eurojust_new-major-crackdown-on-fraud-with-illegal-use-of-pay-tv-signals.md:45) -- and then that ""Investigations into this particular network have been ongoing for some time, leading to the further action taken this week."" (raw/press-releases/2020-11-11_eurojust_new-major-crackdown-on-fraud-with-illegal-use-of-pay-tv-signals.md:47), the further action having taken down ""Over 5.550 computer servers"" (raw/press-releases/2020-11-11_eurojust_new-major-crackdown-on-fraud-with-illegal-use-of-pay-tv-signals.md:39): the same network, running roughly twenty-seven times the 2019 server count, fourteen months after the 2019 infrastructure was reported rendered inoperative. Eurojust's National Member for Italy frames it the same way: ""After the major operation in Italy of last year, we haven’t stopped to assist and support our national authorities. We have taken on the challenge to continue our work, as we can’t be satisfied by a single operation"" (raw/press-releases/2020-11-11_eurojust_new-major-crackdown-on-fraud-with-illegal-use-of-pay-tv-signals.md:49). HONEST LIMIT ON THE CODE: no record uses the word relaunch and none names a successor platform, so the alternative reading -- that part of the network was never taken down in 2019 rather than rebuilt after it -- cannot be excluded from the record. That is precisely the distinction the withdrawn target-persisted category named; with it withdrawn, and with the record affirmatively resolving this target's post-action status rather than leaving it open, relaunch-reported is the code the Column-3 precedence rule gives, and the ambiguity is recorded here instead of in a new category. Note also that the action and the frontmatter announced date coincide for this component (2019-09-18), so table S5b has nothing to flag here -- the S5b ambiguity belonged to the undivided parent, whose announced was 2021-10.

PARTICIPATING COUNTRIES ESTABLISHED FOR THIS COMPONENT: SIX -- Italy, France, Netherlands, Germany, Bulgaria, Greece. ""Insieme alla Polizia postale italiana hanno partecipato alle indagini anche le Polizie e delle Autorità giudiziarie di Francia, Paesi Bassi, Germania, Bulgaria e Grecia."" (polizia raw:18), independently corroborated by the GdF, whose eight EIOs ""sono stati eseguiti simultaneamente questa mattina in Olanda, Francia, Grecia, Germania e Bulgaria dalle rispettive polizie giudiziarie"" (gdf raw:23). Each of the six has a named or expressly identified LE/judicial actor: Italy through the Polizia Postale with the Rome PPO and the GdF Nucleo Speciale with the Naples PPO, the other five through their own police and judicial authorities. Lithuania, Romania, Slovenia, Sweden and Malta appear in NO 2019 record; they enter only with the 2020 component. The operation page's ten-country frontmatter list (op:35-45) is therefore the union of the two actions and over-attributes four participants to this one.

DEFECT REPORTED, wiki not touched (raw/ and wiki/ are read-only for this task): wiki/sources/2019-09-18_poliziadistato_italy-eclissi-iptv-paytv-takedown.md:23 quotes the release as describing itself as ""la più ampia operazione di polizia mai condotta nel settore del contrasto al fenomeno delle TV pirata (IPTV)"". That string appears nowhere under raw/ -- exact-substring search over the whole tree returns no match -- and it is not in this release's verbatim body. L59 violation on a source page."
REG-2019-0010,walk-2026-08-17,CC2-14,Policja (KMP we Wrocławiu),le,1,"https://policja.pl/pol/aktualnosci/180652,Udostepnial-sygnal-TV-pirat-w-rekach-wroclawskich-policjantow.html",2019-10-24,,,Udostępniał sygnał TV - pirat w rękach wrocławskich policjantów,,cardsharing,,true,,independent,,poland,poland,Wydziału do walki z Przestępczością Gospodarczą Komendy Miejskiej Policji we Wrocławiu,domestic,,false,,false,none,arrest-search; hosting-takedown,true,,false,"date_source: 'Data publikacji 24.10.2019'. action_date not stated. Domestic: only the Wrocław municipal police unit named; 'przedstawiciele reprezentujący pokrzywdzone firmy telewizyjne' took part in the actions but are unnamed -> not counted. Cardsharing server in Wrocław (loss >= PLN 370k); one 54-year-old detained; cardsharing devices found and secured at two further addresses -> hosting-takedown (the sharing infrastructure was seized). Polish 'usłyszał zarzuty' = the suspect was formally presented with charges (postanowienie o przedstawieniu zarzutów, a charging act in the preparatory proceedings) -> counted under indictments as a filed charge; readers can re-map (CODING Column 2 non-common-law note). "
REG-2019-0011,ic,brazil-mjsp-operacao-404-fase-1-2019,Ministerio da Justica e Seguranca Publica,ministry-regulator,1,https://www.gov.br/mj/pt-br/assuntos/noticias/operacao-404-combate-pirataria-na-internet,2019-11-01,,,Operacao 404 combate pirataria na internet,capture,iptv-service,pool-default,true,IC census row: pool tag illegal-iptv-ic; medium defaults to iptv-service (re-read as found),independent,,brazil; united-states,brazil; united-states,(wiki participating_agencies #1),cooperative,wiki-fields,false,,false,none,arrest-search; blocking-order; content-delisting,true,,false,"converted from paper2/coding/brazil-mjsp-operacao-404-fase-1-2019.json (coder agent-w2-1, 2026-08-13); date_source=raw-frontmatter; source_of_record=raw/press-releases/2019-11-01_mj-gov-br_operacao-404-combate-pirataria-internet.md; tier_basis=raw-dir:press-releases; other_cited_captures=0; quotes are the cited lines as of the coding date; stratum from wiki fields (participating_countries=2, participating_agencies=1); official_release_sourced=True. LINKAGE GAP (corpus-search, CODING.md input rule 3): the operation page cites exactly ONE source ([[2019-11-01_mj-gov-br_mjsp-coordena-operacao-404-fase-1]]). The corpus holds a SECOND MJSP tier-1 release for the same 1 Nov 2019 action — wiki/sources/2019-11-01_mj-gov-br_operacao-404-combate-pirataria-internet.md (raw/press-releases/2019-11-01_mj-gov-br_operacao-404-combate-pirataria-internet.md, a different gov.br article: .../operacao-404-combate-pirataria-na-internet vs .../ministerio-da-justica-e-seguranca-publica-coordena-operacao-404) — whose pages_updated points only at the PARENT page operation-404-digital-piracy-2019, never at the phase page. That uncited record is the results release (press conference balance, published 01/11/2019 15h43) and it is the only capture in the corpus that reports arrests for Phase 1. Every cell here is coded from it (corpus-search). CAPTURE TIERS: the corpus-search capture is USABLE — gov.br site-nav boilerplate at raw:33-617 (the police.hu pattern) with the full release body verbatim at raw:619-649 including quotes attributed to Alesandro Barreto (Seopi Cyber-Lab), Luiz Pontel (MJSP secretario-executivo) and Ancine, plus the Art. 184 §3º penalty note. The capture the page DOES cite (raw/press-releases/2019-10-30_brazil-mjsp_operacao-404-fase-1.md) is RECONSTRUCTION tier: it is an agent-authored digest of WebFetch excerpts — two marked verbatim blockquotes (raw:14, raw:29) inside agent-written headings and bullet lists, and a 'Notes on provenance' section (raw:33-37) that discusses its own release in the third person and refers to Phase 3 (2021), i.e. events postdating the document. Its load-bearing numbers sit in the agent-structured paragraph raw:18, not in either verbatim blockquote — so nothing is coded from it. MODALITY: arrest-search — ""Até esta sexta-feira, 136 sites e 100 aplicativos foram suspensos, além do cumprimento de 30 mandados de busca e apreensão."" (raw:621) plus ""As oito prisões em flagrantes ocorreram nas cidades de Marcação (PB), Canoas (RS), Euclides da Cunha (BA), Rio de Janeiro (RJ), Várzea Grande (MT), em São Paulo capital e em Rancharia (SP)."" (raw:637). blocking-order — the record's verbs for the online action are suspenso/bloqueado throughout: sites and apps ""foram suspensos"" (raw:621); Barreto quoted ""Eu desconheço uma outra operação que tenha bloqueado tantos aplicativos e sites em um só dia"" (raw:625); and the cross-border leg ""As polícias também realizaram, em parceria com a Seopi/MJSP, a suspensão de domínios em diversos países como França, Estados Unidos e Canadá"" (raw:631). Did NOT code domain-seizure despite the operation-page frontmatter seed results.domains_seized: 210: per the frontmatter-seed caveat the verb is suspended, never seized or transferred, and no state/court transfer of domain control to authorities or rights-holders is stated (same call as the fase-5, fase-7 and fase-8 rows). The foreign domain suspensions (France, US, Canada) are the only IC-operative online step and are folded into blocking-order for verb fidelity — flagged as the borderline call on this row, since registrar-level suspension takes a name out of service rather than merely blocking access to a live site. content-delisting — ""a desindexação de conteúdo nos mecanismos de busca e a suspensão de perfis e páginas em redes sociais"" (raw:631) and the 100 suspended streaming applications (raw:621). No hosting-takedown: no server or hosting seizure is stated (unlike fase-4). No asset-seizure: no asset, cash or cryptocurrency figure appears; nothing beyond the search warrants is described as seized. COUNT CONFLICT (context, not a Column value): the results release states ""136 sites e 100 aplicativos foram suspensos"" as a balanço parcial (raw:621), while the release the page cites states the operation ""tinha como meta cumprir 30 mandados de busca e apreensão em 12 estados brasileiros, bloquear e/ou suspender 210 sites e 100 aplicativos de streaming ilegal de conteúdo"" (2019-10-30 capture raw:18) — 210 is a target (meta) in a reconstruction-tier digest, 136 is the same-day official partial balance in the usable capture. The operation page's Summary and Results sections adopt 210 and assert ""310 infringing services suspended"", which no usable capture supports; the most specific official figure is 136+100. JUDICIAL: arrests n=8 — ""As oito prisões em flagrantes"" (raw:637). This CONTRADICTS the operation page, whose frontmatter carries results.arrests: 0, whose missing_fields declares arrests missing, and whose Results section states ""Convictions / arrests at Phase 1: Not disclosed at launch"" — all three are wrong against the corpus's own tier-1 record. Internal oddity reproduced as stated: the eight in-flagrante arrests are placed in seven cities including ""Rio de Janeiro (RJ)"", while the same sentence's state roster for the participating civil police lists twelve states not including Rio de Janeiro (raw:637). No indictment, conviction or sentence stage is stated in either record — the only penal language is the abstract statutory range ""a pena para quem pratica esse crime é de reclusão, de 2 (dois) a 4 (quatro) anos, e multa (art. 184, §3º do Código Penal Brasileiro)"" (raw:647), which is a penalty range, not an imposed outcome; indictments/convictions/imprisonments not-reported. latest_record_date 2019-11-01 = byline of both records (the gov.br page carries an 'Atualizado em 21/11/2022 17h51' metadata stamp at raw:617 with no substantive change captured — byline preferred per protocol). RECONSTITUTION not-reported: no cited record speaks to what happened to the suspended sites, apps, domains or social profiles after 1 Nov 2019. The operation page's own open question 'Did any of the Phase 1 targets later resurface under new domains? (Recidivism is unmeasured in the release.)' is wiki prose flagging an unmeasured quantity rather than a record-borne succession question, and later Operação 404 phases are separate census operations against new targets, not durability evidence for these. CORPUS SEARCH performed on '404', 'fase 1'/'Phase 1', 'Operação 404' across wiki/sources/: nine Operação 404 source pages exist; seven cover phases 2-8 (2020-11-05 justice.gov, 2021-07-08 fase 3, 2022-06-21 fase 4, 2023-03-14 fase 5, 2023-11-28 fase 6, 2024-09-19 fase 7, 2025-11-27 fase 8) and are different census operations; the ninth is the uncited same-action release reported above."
REG-2019-0012,walk-2026-08-17,B9,Policía Nacional,le,1,https://www.policia.es/_es/comunicacion_prensa_detalle.php?ID=4023,2019-11-16,,,La Policía Nacional desarticula un entramado dedicado a la comercialización ilegal de canales de televisión de pago y vídeos bajo demanda,,iptv-service,,true,,independent,,spain,spain,Policía Nacional; Unidad Central de Ciberdelincuencia,domestic,,false,,false,none,arrest-search; content-delisting,true,,false,"fetch: tools/fetch_text.py alone returns the 78-word policia.es cookie-consent shell (L57; wayback and jina failed); re-fetched in a curl_cffi session after POST /cookies_set.php (rung curl_cffi+cookies_set), text coded from that. date_source: dateline '16/11/19'. action_date not stated (two-year investigation from 2017). Only Policía Nacional (its Unidad Central de Ciberdelincuencia is a unit of the same organisation) named; the pay-TV platforms whose signal was pirated are unnamed -> single organisation, single state -> domestic. Modality: 13 searches + 12 detentions; 'se han cerrado siete páginas web y dos perfiles en redes sociales' = closure of advertising web pages and social profiles -> content-delisting (the release gives no seizure/blocking process for the pages; the pages advertised the service rather than hosting it; domain-seizure would need a seizure verb); a high-end vehicle and EUR 22,919 cash intervened alongside evidence (PRIOR CODE, withdrawn 2026-08-18: the first coder coded asset-seizure by inference from the blanqueo charge; CODING v4 keeps search-inventory cash and vehicles as evidence). Signal was uploaded to 'servidores en el extranjero' -- foreign hosting, no foreign authority -> no extra country. Judicial: 12 detained (4 operators + 8 resellers); 'A los detenidos se les imputan delitos ...' is the police allegation at arrest, not a court charge -> indictments not-reported. Customers '20.000 en España y otros países' (no state named). [2026-08-18 coordinator, re-read (4 verifiers, CODING v4): asset-seizure REMOVED under CODING v4 (VALUE not THINGS): vehicle and EUR 22,919 sit inside 'se han intervenido numerosos efectos' (a search inventory); the coder's basis was inference from the blanqueo charge label; no bloqueo/embargo, no account, no crypto]"
REG-2019-0013,walk-2026-08-17,CC3-9,"U.S. Attorney's Office, District of Oregon",prosecutor,1,https://www.justice.gov/usao-or/pr/newport-man-pleads-guilty-copyright-infringement-creating-illegal-video-streaming-and,2019-11-25,,2018-11,Newport Man Pleads Guilty to Copyright Infringement for Creating Illegal Video Streaming and Downloading Websites,,streaming-site,,true,Subscription websites for streaming/downloading movies and TV shows (incl. pre-release films) -- illegal streaming service; in scope as streaming-site.,independent,,united-states,united-states,"U.S. Attorney's Office, District of Oregon; Homeland Security Investigations (HSI); IRS Criminal Investigation (IRS-CI); Motion Picture Association of America",domestic,,false,,true,coder,arrest-search; asset-seizure,true,,false,"TWO releases for one prosecution coded onto one row: (1) guilty plea 2019-11-25 (row URL, title_original) and (2) sentence 2021-07-09 (https://www.justice.gov/usao-or/pr/newport-man-sentenced-federal-prison-creating-illegal-video-streaming-and, fetched as CC3-9_2.txt, 619 words) -- imprisonment, charge-date and search-warrant quotes come from release (2). date_source: datelines 'Monday, November 25, 2019' and 'Friday, July 9, 2021'. action_date 2018-11 = search-and-seizure warrants on the house and bank accounts (release 2); charge by information 2019-11-01; plea 2019-11-25; sentence 2021-07-09. United States only; USAO-OR, HSI, IRS-CI investigated/prosecuted and the MPAA (named rights-holder; sent a cease-and-desist and receives restitution) -> cooperative under the REGISTER clause. Judicial: one defendant charged by information (n=1), guilty plea (conviction n=1), 12 months + 1 day federal prison (imprisonment n=1); no arrest stated -> not-reported. Modality: search warrant on the house (arrest-search) and seizure/forfeiture of $3.9m bank funds, cash, crypto (~$424k per release 1; 'more than $1 million' per release 2 -- conflicting crypto figures, both quoted in the releases) and the Newport home -> asset-seizure (civil forfeiture cases + sentencing forfeiture). No domain/hosting action stated against the websites (White 'migrated ... from one website to another' pre-action -- history, not durability). Reconstitution not addressed. [2026-08-17 coordinator: stratum cooperative->domestic by the states-only rule (DE CODEBOOK s.3 v1.11+); coder's value kept as stratum_as_coded]"
REG-2019-0014,walk-2026-08-17,DTH-1,กรมสอบสวนคดีพิเศษ (DSI),le,1,https://www.dsi.go.th/th/Detail/0cfc04b6001c03348cf44c1ac568a7d4,2019-11-29,,2017-05-11,DSI คุ้มครองเศรษฐกิจดิจิทัลพลิกประวัติศาสตร์ ปรับเงินก้อนใหญ่ผู้ละเมิดพรีเมียร์ลีก 26 ล้านบาท,,live-sports-stream,,true,,independent,,thailand; united-kingdom,thailand,กรมสอบสวนคดีพิเศษ; บริษัท เดอะ ฟุตบอล แอสโซซิเอชัน พรีเมียร์ ลีก ลิมิเต็ด; สถาบันนิติวิทยาศาสตร์; ศาลทรัพย์สินทางปัญญาและการค้าระหว่างประเทศกลาง,domestic,,false,,false,none,arrest-search; asset-seizure,true,,false,"publish_date 'เผยแพร่: 29 พ.ย. 2562' (B.E. 2562 = 2019); the release is a courtesy-visit report by Premier League representatives (Matthew Cheetham, Sean Godfrey) recounting the whole case: complaint 2015 (B.E. 2558) by The Football Association Premier League Ltd, special case 65/2559 (2016), searches/arrests on 11 May 2017 (B.E. 2560) at 5 targets in Bangkok/Nonthaburi/Samut Prakan by DSI's technology crime bureau with the Central Institute of Forensic Science, and the IP&IT Court judgment (red case 1235/2562, 2019). action_date = the search/arrest day 2017-05-11. Target: 365sport.tv plus five affiliated subscription sites (Thaiexpat.tv, Hkexpat.tv, Indoexpat.tv, Vietexpat.tv, Euroexpat.tv) streaming EPL from Thai servers to Asia and Europe. UK named only as the league's/defendants' nationality (no UK authority) -> countries_named. Cooperative on orgs: DSI + Premier League (named rights-holder complainant; flag 'complainant-counted') + CIFS (joined the searches) + the IP&IT court (the judgment is part of the reported outcome). arrests n=3 (2 British, 1 Thai); indictments n=3 derived from 'ส่งดำเนินคดี' of the three arrested (a Thai juristic person was also a defendant - legal person, notes only). convictions yes-uncounted: 'จำเลยคนละ' (each defendant) 1y6m imprisonment suspended 2 years + fine ~THB 1M each; defendants = a Thai company, a British man and Thai(s) - natural-person count not stated. imprisonments none-stated (fully suspended). asset-seizure: >THB 7M seized money forfeited; defendants also paid >THB 15M damages (civil). Total 'THB 26M' in the title. No durability statement. [STRATUM recomputed under REGISTER.md as revised 2026-08-17 (states only; organisation counts play no part): countries_executing=['thailand'] -> domestic; first-pass value under the old orgs clause was 'cooperative' - the org-count/'complainant-counted'/'same-force-units' remarks above are now descriptive only (private_named covariate).]"
REG-2019-0015,ic,europol-ios-x-counterfeit-piracy-30506-domains-takedown-2019,Europol,igo,1,https://www.europol.europa.eu/media-press/newsroom/news/30-506-internet-domain-names-shut-down-for-intellectual-property-infringement,2019-12-02,,,30 506 internet domain names shut down for intellectual property infringement,capture,hybrid,override,true,"mixed counterfeit + piracy sweep: 'counterfeit pharmaceuticals and pirated movies, illegal television streaming, music, software, electronics'; illegal TV streaming is one item",independent,,albania; belgium; bosnia-and-herzegovina; bulgaria; colombia; croatia; czechia; denmark; france; germany; greece; hungary; hong-kong; ireland; italy; netherlands; norway; portugal; moldova; romania; serbia; slovakia; spain; sweden; switzerland; ukraine; united-kingdom; united-states,albania; belgium; bosnia-and-herzegovina; bulgaria; colombia; croatia; czechia; denmark; france; germany; greece; hungary; hong-kong; ireland; italy; netherlands; norway; portugal; moldova; romania; serbia; slovakia; spain; sweden; switzerland; ukraine; united-kingdom; united-states,(wiki participating_agencies #1); (wiki participating_agencies #2); (wiki participating_agencies #3),cooperative,wiki-fields,false,,true,wiki-flag,domain-seizure; arrest-search; asset-seizure,true,,false,"converted from paper2/coding/europol-ios-x-counterfeit-piracy-30506-domains-takedown-2019.json (coder agent-w1-3, 2026-08-13); date_source=raw-frontmatter; source_of_record=raw/press-releases/2019-12-02_europol_in-our-sites-x-30506-domains-counterfeit-piracy-takedown.md; tier_basis=raw-dir:press-releases; other_cited_captures=0; quotes are the cited lines as of the coding date; stratum from wiki fields (participating_countries=28, participating_agencies=3); official_release_sourced=True. Umbrella counterfeiting+piracy sweep — AGGREGATION PROBLEM: the record never separates streaming-piracy domains from counterfeit-goods domains. The only quantified action is the aggregate 'have seized over 30 506 domain names that distributed counterfeit and pirated items over the internet during operation IOS X' with 'These included counterfeit pharmaceuticals and pirated movies, illegal television streaming, music, software, electronics, and other bogus products.' (raw:28) — illegal television streaming is explicitly inside the seized-domain scope, but no counterfeit-vs-piracy split, TLD split, or per-country split exists (op page flags the same gap). Coded what the record states, aggregation flagged. MODALITY VERBS: 'seized' (raw:28) and headline 'shut down' — domain-seizure, not blocking-order or content-delisting (nothing is described as blocked, delisted, or deindexed). arrest-search: 'During the investigation, officials arrested 3 suspects' (raw:32) — the arrests are not attributed to the streaming or counterfeit track, nor to any of the 28 jurisdictions (aggregation). asset-seizure: 'They identified and froze more than €150 000 in several bank accounts and online payment platforms.' (raw:32) — a freeze, likewise unattributed between tracks. The physical counterfeit inventory ('seized 26 000 luxury products (clothes, perfumes), 363 litres of alcoholic beverages, and many hardware devices', raw:32) is counterfeit-goods-side physical seizure with no modality code in the v2 taxonomy — notes only, deliberately uncoded as non-streaming. CAPTURE TIER: usable — the body is a verbatim extraction from a Wayback pre-SPA snapshot captured on publication day (provenance at raw:26 and raw:54); the live Europol page is an SPA shell (L52 class) but the capture is not the shell. JUDICIAL: arrests n=3 (raw:32); indictments/convictions/imprisonments not-reported — the release is silent on all post-arrest stages (op page missing_fields concurs); right-censoring at 2019-12-02. RECONSTITUTION: no cited record speaks to domain re-registration or successor storefronts after 2019-12-02; the release's churn language ('deleting their internet tracks in a very short period of time') is generic threat framing, not a post-action report — not-reported. CORPUS SEARCH ('In Our Sites', '30,506', 'IOS X'): one same-operation record the op page does not cite — the IPEC annual-report series source page (wiki/sources/2026-07-07_ipec_annual-ip-reports-jsp-series-fy2014-fy2024.md). Its FY2020 extract corroborates the count and the seizure verb: 'concluded November 2019 with 30,506 infringing domains seized' (raw/government-reports/2021-01-01_ipec_annual-ip-report-fy2020-ic-extract.md:14 (reconstruction, corpus-search)) and preserves an internal naming inconsistency in the FY2020 IPEC report (the Nov-2019 action labelled 'TransAtlantic IX' at p. 105 but 'TransAtlantic X' at p. 112; X is the documented IOS numbering). LINKAGE GAP (weak): the op page cites neither the IPEC series page nor its FY2020 extract — a multi-operation series source, so the gap is minor but reportable; no coded value changes."
REG-2020-0001,walk-2026-08-17,B4,Policía Nacional,le,1,https://www.policia.es/_es/comunicacion_prensa_detalle.php?ID=3690,2020-01-09,,,La Policía Nacional desarticula una organización dedicada a la distribución ilegal de contenido audiovisual y de televisión,,iptv-service,,true,"IPTV reseller tier (15 resellers, ~10.000 clients, capacity 500.000)",independent,,spain,spain,Policía Nacional; Grupo Mediapro; LaLiga,domestic,,false,,true,coder,arrest-search; asset-seizure,true,,false,"asset-seizure is BORDERLINE: 9.900 EUR cash + 22.000 EUR in PayPal/betting accounts 'intervinieron' — the release says these accounts channelled the proceeds, so coded as proceeds seizure rather than evidence; coordinator may drop. Release states capacity both '500.000 usuarios' (lede) and '50.000 usuarios' (body) — internal inconsistency, not resolved. 'La operación continúa abierta a la espera de nuevas detenciones' — no judicial stage stated. Complainants Grupo Mediapro + LaLiga named -> cooperative on orgs rule. [promoted 2026-08-17: coded against the cookie-unlocked policia.es text; fetch rung curl_cffi+cookies_set] [2026-08-17 coordinator: stratum cooperative->domestic by the states-only rule (DE CODEBOOK s.3 v1.11+); coder's value kept as stratum_as_coded] [2026-08-18 coordinator, re-read (4 verifiers, CODING v4): asset-seizure KEPT under CODING v4 (b)+(d): '22.000 euros en cuentas PayPal y de plataformas de apuestas deportivas' are account balances and the release ties the accounts to proceeds ('canalizaban sus beneficios'); the EUR 9,900 cash alone would not carry the code (verifier proposed removal on the verb reading)]"
REG-2020-0002,ic,bulgaria-gdbop-europol-huge-hit-iptv-distributors-2020,Europol,igo,1,https://www.europol.europa.eu/media-press/newsroom/news/huge-hit-to-illegal-iptv-distributors-in-bulgaria,2020-02-05,,,Huge hit to illegal IPTV distributors in Bulgaria — €650 000 in penalties for one of the six companies involved in the illegal activity (5 February 2020),capture-h1,iptv-service,pool-default,true,IC census row: pool tag illegal-iptv-ic; medium defaults to iptv-service (re-read as found),independent,,bulgaria,bulgaria,(wiki participating_agencies #1); (wiki participating_agencies #2); (wiki participating_agencies #3); (wiki participating_agencies #4),domestic,wiki-fields,false,,true,wiki-flag,arrest-search,true,,false,"converted from paper2/coding/bulgaria-gdbop-europol-huge-hit-iptv-distributors-2020.json (coder agent-w2-1, 2026-08-13); date_source=raw-frontmatter; source_of_record=raw/press-releases/2020-02-05_europol_huge-hit-bulgaria-iptv-distributors-650k-eur-ipc3.md; tier_basis=raw-dir:press-releases; other_cited_captures=0; quotes are the cited lines as of the coding date; stratum from wiki fields (participating_countries=1, participating_agencies=4); official_release_sourced=True. CAPTURE TIER: RECONSTRUCTION — the single capture presents a section headed 'Europol press release — extracted body' with blockquoted paragraphs (raw:24-34), but it carries no fetch metadata at all (no http_status, no content_hash, no fetcher, no word_count) and the operation page's own challenges_encountered records why: ""Europol.int returned a JS-only loading state during initial WebFetch (consistent with L11 patterns); content verified through Sofia Globe, BroadbandTVNews, Advanced Television, and WebSearch index extracts."" (wiki/operations/bulgaria-gdbop-europol-huge-hit-iptv-distributors-2020.md:72). So the blockquotes were assembled from tier-2 mirrors and WebSearch index extracts, not extracted from the own-domain document — the WebSearch-summary provenance tell. The trailing blockquote raw:34 (""This is Bulgaria's third successful Europol-supported operation against illegal IPTV distributors within the past year, following the End of Broadcast operation (June 2019) and earlier actions."") reads as summarizing prose rather than release copy, corroborating the tier. Everything on this row is therefore page-level support: page_only true throughout, with the (reconstruction) marker on each cite. This is an L52/L11 case, not an L57 nav shell — the capture is not empty, it is second-hand. MODALITY: arrest-search only — ""The national authorities carried out 17 house searches and seized a large number of documents and digital information."" (raw:26). Did NOT code asset-seizure for the fine: ""One of the six companies involved was fined €650 000."" (raw:28) is an imposed monetary penalty, not a freeze or forfeiture of assets tied to this action (same call as the Singapore row, where fines were held to be penalties). The seized documents and digital information are evidence, not assets. Did NOT code hosting-takedown: no server, hosting or infrastructure seizure or shutdown is stated anywhere in the record — 'digital information' is evidentiary material taken in the house searches, and the operation-page frontmatter agrees (servers_seized: 0, domains_seized: 0). Did NOT code end-user-action: the 30 000 subscribers were IDENTIFIED from the evidence (""The examination of the evidence concluded that at least 30 000 people were subscribed to the illegally distributed signal."", raw:28), with no action stated against any of them. No blocking, delisting, payment or intermediary step appears in the record — this is a pure search-and-evidence action plus a company fine, which is why the operation-page enforcement_type reads search-seizure + administrative-penalty. JUDICIAL: arrests not-reported — no arrest is stated in any record; the operation page's frontmatter seed results.arrests: 0 is a seed, not a source statement, and the release is simply silent (empty cites per the protocol's silence rule). indictments pending — ""Six pre-trial proceedings were opened against the suspects."" (raw:32) states criminal proceedings are underway against identified suspects; under Bulgarian procedure досъдебно производство (pre-trial proceedings) is the pre-charge investigative phase, so this is proceedings-underway support for pending rather than a count of charges filed, and it is NOT coded as n=6 indictments (the six are proceedings, and they map to the six COMPANIES, not to six charged individuals). Borderline call flagged. convictions and imprisonments not-reported: no cited record states any trial outcome, and the operation page's own open questions confirm the criminal track for five of the six companies is unspecified in public reporting (""The criminal-procedure track for the other five companies is not specified in public reporting (administrative vs. criminal)."", operation page:154). Right-censored 2020-02-05, five days after the action month opened. latest_record_date 2020-02-05 = Europol byline and the only record date; the Sofia Globe mirror listed as source_url_secondary carries the same date. RECONSTITUTION not-reported: no cited record speaks to what happened to the six companies or the illegal signal distribution after February 2020; the later Bulgarian operations in the corpus (Kratos 2, 2026) are separate census operations against different targets, not durability evidence for these six companies. CORPUS SEARCH ('Huge Hit', 'GDBOP', '650 000'/'€650' across wiki/sources/ and raw/): eleven files mention GDBOP or Huge Hit, but every one of them is either a different Bulgarian operation (Casper 2017, End of Broadcast 2019-06, Kratos 2 2026-06, the 2026-01-30 justice.gov Bulgarian sites takedown), an organisation page for GDBOP (netlaw-bg x2, gdbop-bg, bta-bg restructuring), or an EU policy document listing Huge Hit in a roll-up of operations (2020-11-25 IP Action Plan). None of them adds a record of this action. NO LINKAGE GAP — the operation page cites the only same-operation source in the corpus. Noted for the coordinator: source_count is 1 for a row whose sole capture is reconstruction-tier, so this row's entire evidentiary base is second-hand; a Camoufox re-fetch of the europol.int newsroom URL would promote it."
REG-2020-0003,walk-2026-08-17,CC2-13,Policja (policja.pl) — Komenda Wojewódzka Policji w Olsztynie,le,1,"https://policja.pl/pol/aktualnosci/185624,Nielegalnie-rozprowadzal-sygnal-telewizyjny-Laczne-straty-jakie-poniosly-firmy-z.html",2020-02-24,,,"Nielegalnie rozprowadzał sygnał telewizyjny. Łączne straty, jakie poniosły firmy z branży mediów, szacowane są na kwotę około 6 mln złotych",,cardsharing,,true,,independent,,poland,poland,Komendy Wojewódzkiej Policji w Olsztynie; Prokuraturą Okręgową w Olsztynie; Stowarzyszenia Sygnał; Sąd Okręgowy w Olsztynie,domestic,,false,,false,none,arrest-search; hosting-takedown; asset-seizure,true,,false,"publish_date 'Data publikacji 24.02.2020'; no action date given. Poland only; named bodies with a role: KWP Olsztyn (executing), Prokuratura Okręgowa w Olsztynie (jointly conducting, supervising, secured assets), Stowarzyszenie Sygnał (rights-holder association whose representatives took part in the searches - named rights-holder, counts), Sąd Okręgowy w Olsztynie (ordered the 3-month tymczasowe aresztowanie) -> cooperative on orgs. arrests n=1 (49-year-old detained; remand = arrest stage). indictments n=1: PL 'przedstawiono zarzuty' = charges presented in preparatory proceedings (art. 299 kk money laundering + art. 6 ust. 1 conditional-access act) - a filed charge in the Polish system; the coordinator may re-map to pending if 'zarzuty' is treated as pre-indictment. hosting-takedown: three sharing servers 'zlikwidowano' (~800 users). asset-seizure: BTC ~PLN 600k + real estate and vehicle ~PLN 400k secured toward future penalties (money seized in the search is evidence). Losses ~PLN 6M. Users not stated as subject to any measure. No conviction/durability statement. [STRATUM recomputed under REGISTER.md as revised 2026-08-17 (states only; organisation counts play no part): countries_executing=['poland'] -> domestic; first-pass value under the old orgs clause was 'cooperative' - the org-count/'complainant-counted'/'same-force-units' remarks above are now descriptive only (private_named covariate).]"
REG-2020-0004,walk-2026-08-17,B5,Policía Nacional,le,1,https://www.policia.es/_es/comunicacion_prensa_detalle.php?ID=3749,2020-03-02,,,La Policía Nacional desmantela una plataforma que suministraba ilegalmente servicios audiovisuales y de televisión,,iptv-service,,true,,independent,,spain,spain,Policía Nacional,domestic,,false,,false,none,arrest-search; hosting-takedown,true,,false,"fetch: tools/fetch_text.py alone returns the 78-word policia.es cookie-consent shell (L57; wayback and jina failed); re-fetched in a curl_cffi session after POST /cookies_set.php (rung curl_cffi+cookies_set), text coded from that. date_source: dateline '02/03/20'. action_date not stated (investigation from early 2019). Only Policía Nacional named; complainants unnamed ('varias denuncias') -> domestic. Grep '500.000 usuarios' hits spain-europol-ace-iptv-malaga-resellers-malta-uk-portugal-cyprus-greece-2022 but that is the October 2022 Malaga/ACE/Europol ring (500K subscribers, since 2012) -- a different action from this March 2020 Córdoba/Málaga case (2 arrests, ~300 servers, 20,000 connected users, capacity 500,000); verdict new. Modality: two home searches; the signal was cut and ~300 physical servers seized -> hosting-takedown; PayPal accounts 'se halló' (found) but no freeze stated -> no asset-seizure. Judicial: 2 detained + 1 'investigada' (not detained; ES investigado status is pre-charge and not an arrest) -> arrests n=2; nothing on charges/outcomes -> not-reported. Sold IPTV-ready equipment via a web plus redistributed signal (15,000 live channels)."
REG-2020-0005,walk-2026-08-17,CC2-12,Policja Lubelska (Komenda Wojewódzka Policji w Lublinie),le,1,"https://policja.pl/pol/aktualnosci/wiadomosci-z-wojewodzt/186188,Sharing-zlikwidowany.html",2020-03-08,,,Sharing zlikwidowany,,cardsharing,,true,,independent,,poland,poland,Policja,domestic,,false,,false,none,arrest-search,true,,false,"date_source: 'Data publikacji 08.03.2020'. Searches took place 'w minionym tygodniu' (the previous week) -- action_date left null rather than guessing the month boundary. Five illegal cardsharing signal-distribution points searched (Biłgoraj county x2, Kraków x2, Rzeszów x1); KWP Lublin cyber unit with support from Frampol, KWP Kraków and Rzeszów police -- all units of the single Polish Police -> one org, domestic. No arrests, charges or suspects' status stated (case 'ma charakter rozwojowy') -> all judicial cells not-reported. Seized computers/decoders/cards = evidence, not asset-seizure. Victim platforms unnamed."
REG-2020-0006,walk-2026-08-17,DNG-1,Nigerian Copyright Commission (NCC),ministry-regulator,1,https://copyright.gov.ng/ncc-dss-clamp-down-on-illegal-broad-stations-arrest-broadcast-pirates/,2020-03-13,,2020-03-12,"NCC, DSS CLAMP DOWN ON ILLEGAL BROAD STATIONS, ARREST BROADCAST PIRATES",,other,,true,"three illegal broadcasting stations retransmitting pay-TV channels (StarTimes, CTL, MultiChoice) -- pay-TV signal piracy via unlicensed broadcast facilities rather than internet IPTV; in scope as pay-TV piracy service, medium 'other'",independent,,nigeria,nigeria,Nigerian Copyright commission (NCC); Department of State Services (DSS),domestic,,false,,false,none,arrest-search; hosting-takedown,true,,false,"date_source: post dateline 'March 13, 2020'; raids 'Thursday, 12 March, 2020'. Arrests uncounted ('employees ... were arrested'). Rights owners (Star Times, CTL, MultiChoice) named as victims only -> not orgs; NBC mentioned only re a lapsed licence. hosting-takedown coded on the sealing/confiscation of the broadcast facilities (infrastructure shut down), by analogy -- flag if the coordinator restricts the code to internet hosting. 'Investigation ... would commence' and 'would be prosecuted' are intent statements -> indictments not-reported. [STRATUM RECOMPUTED 2026-08-17: REGISTER.md was revised mid-slice to the states-only rule (organisation counts play no part); this row was first coded cooperative on the org-count reading described above and is now domestic because countries_executing=1.]"
REG-2020-0007,walk-2026-08-17,DTW-9,內政部警政署刑事警察局,le,1,https://www.cib.npa.gov.tw/ch/app/news/view?module=news&id=1885&serno=f4f4d214-de39-4769-bc35-9c795596ee84,2020-03-17,,,首宗以洗錢防制法偵破跨國AV盜版網站並凍結不法資金近新臺幣4千萬,,streaming-site,,true,"BORDERLINE: a paid (points-based) streaming site of pirated Japanese adult videos, prosecuted mainly under the Money Laundering Control Act with copyright as predicate; an illegal streaming site, so in scope as streaming-site, but adult-VOD piracy may be outside the paper's IPTV/pay-TV focus -- coordinator decides.",independent,,taiwan,taiwan,臺灣彰化地方檢察署; 刑事警察局電信偵查大隊; 日本特定非營利活動法人知的財產振興協會(Intellectual Property Promotion Association，簡稱IPPA協會)在臺辦事處; 臺南市政府警察局刑事警察大隊(科技犯罪偵查隊); 彰化縣警察局鹿港分局,domestic,,false,,false,coder,arrest-search; asset-seizure,true,,false,"URL reconstructed from the truncated candidate '…serno=' with the CIB base path; fetched successfully. date_source: '發布日期：109-03-17' (ROC 109 = 2020). action_date null (searches undated, 'multi-month' investigation). Taiwan only executes ('跨國' refers to cross-border cloud hosting and the Japanese content); IPPA (Japanese NPO, Taipei office) supplied evidence -> named private body with a role; Changhua District Prosecutors directed; CIB Telecom Brigade + Tainan City police tech-crime unit + Changhua Lukang precinct executed -> cooperative. Judicial: 7 named suspects '查獲' -> arrests n=7 derived-from-enumeration (查獲 = caught; custody not stated); prosecutor-directed investigation -> indictments pending (referral-inferred). Modality: searches at 10 premises in Taichung/Changhua; seizure of criminal proceeds incl. 12 real-estate lots (~NT$36m) by court ruling, NT$200k cash, i-keys/passbooks -> asset-seizure; no site takedown/blocking stated (site hosted on cross-border cloud). Losses > NT$100m estimated. [2026-08-17 coordinator: stratum cooperative->domestic by the states-only rule (DE CODEBOOK s.3 v1.11+); coder's value kept as stratum_as_coded] [2026-08-18 coordinator, codex IC reg2: arrests n=7 KEPT: the release's '查獲嫌犯' field lists seven persons (apprehended-suspects field, CODING v4)]"
REG-2020-0008,walk-2026-08-17,DTW-8,內政部警政署刑事警察局 (CIB),le,1,https://www.cib.npa.gov.tw/ch/app/news/view?module=news&id=1885&serno=1b0ce2ae-c62d-433e-9d2e-b747b8751799,2020-04-08,,,破獲國內最大影視盜版網站，凍結不法資金超過新臺幣六千餘萬,,streaming-site,,true,,independent,,taiwan; united-states; canada; france,taiwan,臺灣桃園地方檢察署; 電信偵查大隊(第一隊); 保安警察第二總隊刑警大隊(偵一隊); 美國創意暨娛樂聯盟（Alliance for Creativity and Entertainment，簡稱ACE）; 美國電影協會（Motion Picture Association，簡稱：MPA）,domestic,,false,,true,keywords,arrest-search; hosting-takedown; asset-seizure,true,,false,"URL reconstructed from the serno as for DTW-4 (resolved). publish_date '發布日期：109-04-08' (ROC 109 = 2020); the raid date is not stated (action_date null). Target: '楓林網' (8maple) network of free ad-funded streaming sites (Taiwanese/Japanese/Korean/Thai/Chinese/Western dramas) hosted on overseas cloud servers; the country's most-visited pirate site; infringement est. ~NT$1bn. Cooperative on both the orgs axis (Taoyuan District Prosecutors Office directing; CIB telecom brigade 1st team; Second Special Police Corps criminal brigade; ACE and MPA credited with cross-border intelligence sharing and filing complaints through lawyers - named rights-holder bodies with an operational role, first such cooperation per the release) - US only via ACE/MPA (no US authority), Canada/France only as cloud-server locations -> countries_named, not executing. arrests n=2 is FLAGGED: '查獲嫌犯 陳OO 莊OO' + suspects 'identified/locked on' - TW 查獲 (apprehended in the operation), not stated as formal arrest; downgrade to yes-uncounted if not accepted. indictments=pending (prosecutor-directed expanded investigation, referral-inferred). Modality: seizure of computers/phones and 25 cloud hosts (Canada, France) -> hosting-takedown (+ arrest-search for the raid at Bade, Taoyuan); freezing of the two suspects' funds and 2 real-estate items >NT$60M -> asset-seizure. No court stage/durability statement. [STRATUM recomputed under REGISTER.md as revised 2026-08-17 (states only; organisation counts play no part): countries_executing=['taiwan'] -> domestic; first-pass value under the old orgs clause was 'cooperative' - the org-count/'complainant-counted'/'same-force-units' remarks above are now descriptive only (private_named covariate).] [2026-08-18 coordinator, re-read (4 verifiers, CODING v4): arrests quote re-anchored (value n=2 unchanged): the old quote was the identification/asset-freeze sentence; the release's '查獲嫌犯' field lists the two apprehended suspects]"
REG-2020-0009,walk-2026-08-17,B6,Policía Nacional,le,1,https://www.policia.es/_es/comunicacion_prensa_detalle.php?ID=3798,2020-04-20,,,La Policía Nacional desarticula un entramado criminal que suministraba ilegalmente servicios audiovisuales y de televisión,,iptv-service,,true,"IPTV via closed social-media groups, >=15.000 users",independent,,spain,spain,Policía Nacional; Entidad de Gestión de Derechos de los Productores Audiovisuales (EGEDA),domestic,,false,,true,coder,arrest-search; hosting-takedown; asset-seizure,true,,true,"Two-phase action: 'una primera fase el 11 de febrero del 2020 y una segunda fase el 10 de marzo del 2020' — action_date left null (two dates); coordinator may set 2020-03. hosting-takedown is an approximation for 'se cerró su página web' (mechanism unstated); asset-seizure = payment/online-banking accounts blocked plus seven 20 g gold bars and ~11.000 EUR cash 'intervinieron'. 5.673 users disconnected = effect, not end-user-action. 'en libertad con cargos' = released under charges after judicial appearance -> indictments:pending (Spanish investigado stage, not a filed indictment). EGEDA named complainant -> cooperative on orgs rule. [promoted 2026-08-17: coded against the cookie-unlocked policia.es text; fetch rung curl_cffi+cookies_set] [2026-08-17 coordinator: stratum cooperative->domestic by the states-only rule (DE CODEBOOK s.3 v1.11+); coder's value kept as stratum_as_coded] [2026-08-18 coordinator, re-read (4 verifiers, CODING v4): private_named false -> true: 'a raíz de una denuncia presentada por la Entidad de Gestión de Derechos de los Productores Audiovisuales (EGEDA)' -- the same complainant role B17 codes true for La Liga. asset-seizure kept under CODING v4 (a): 'se bloquearon diversas cuentas de pago por internet y otras plataformas de banca online que les servía para canalizar sus beneficios']"
REG-2020-0010,walk-2026-08-17,CC2-11,policja.pl (Źródło: KWP w Kielcach),le,1,"https://policja.pl/pol/aktualnosci/188280,Telewizyjni-hakerzy.html",2020-05-08,,2020-05-05,Telewizyjni hakerzy,,cardsharing,,true,decoders connected to the network with own software giving paid access to pay digital TV (signal sharing),independent,,poland,poland,KWP w Kielcach,domestic,,false,,false,none,arrest-search,true,,false,Two suspects (69 and 52) identified; no detention verb (police 'zapukali do mieszkania' and searched) -> arrests not-reported. indictments:pending is thin: the release says charges will follow depending on scale ('takie za[rz]uty usłyszą' — the release itself misspells zarzuty as 'zażyty'; quote kept character-exact). action_date 2020-05-05 = 'W miniony wtorek' relative to Friday 2020-05-08 (derived). Complainant 'jednej z telewizji' unnamed. Publisher: national portal policja.pl relaying KWP Kielce (Źródło line).
REG-2020-0011,walk-2026-08-17,B7,Policía Nacional,le,1,https://www.policia.es/_es/comunicacion_prensa_detalle.php?ID=3822,2020-05-19,,,La Policía Nacional detiene a los responsables de una web que ofrecía de forma fraudulenta canales de televisión de pago,,other,,true,"a licensed local cable/telephony operator redistributing pay-TV channels without authorisation over its coaxial network to ~1,300 subscribers, sold via a website -- an unauthorised pay-TV redistribution service; medium 'other' because it is neither IPTV nor cardsharing in the release's words",independent,,spain,spain,Policía Nacional,domestic,,false,,false,none,arrest-search,true,,false,"date_source: dateline 19/05/20. Action date not stated (investigation began end-2019). Complainant unnamed. No shutdown of the service/website is stated (only the search of the operator's premises), so no hosting-takedown. Scope is borderline: pay-TV redistribution by a cable operator rather than internet streaming; coordinator may exclude on medium."
REG-2020-0012,de,DOM-2020-1001,Hellenic Police (Ελληνική Αστυνομία),le,1,https://www.astynomia.gr/2020/06/04/04-06-2020-apo-ti-diefthynsi-dioxis-ilektronikou-egklimatos-synelifthi-imedapos-gia-paravaseis-ton-nomothesion-gia-tin-pnevmatiki-idioktisia-kai-tin-prostasia-syndromitikon-ypiresion/,2020-06-04,,2020-06-02,Από τη Διεύθυνση Δίωξης Ηλεκτρονικού Εγκλήματος συνελήφθη ημεδαπός για παραβάσεις των νομοθεσιών για την πνευματική ιδιοκτησία και την προστασία συνδρομητικών υπηρεσιών,,iptv-service,,true,decoding and retransmission of pay-TV channels sold as 1/3/6/12-month subscriptions via an online payment platform,independent,,greece,greece,Διεύθυνση Δίωξης Ηλεκτρονικού Εγκλήματος της Ελληνικής Αστυνομίας,domestic,,false,,false,none,arrest-search,true,,false,Agrees with DE domestic. Complaint (μηνυτήρια αναφορά) named no complainant. Payment platform ('γνωστής ηλεκτρονικής πλατφόρμας πληρωμών') unnamed; no payment-disruption stated. indictments=pending referral-inferred (led to prosecutor and referred to investigating judge). The capture carries an HTML entity '&#8211;' in the body; not quoted. Word count includes capture frontmatter and DE extraction notes; quotes from Extracted Text only.
REG-2020-0013,walk-2026-08-17,DSA-1,الهيئة السعودية للملكية الفكرية (SAIP),ministry-regulator,1,https://www.saip.gov.sa/ar/media-center/media-library/media-center/1929,2020-06-21,,,الملكية الفكرية: تستهدف حجب 231 موقعاً إلكترونياً مخالفاً للأنظمة ومنتهكاً للحقوق.,,hybrid,,true,"one inspection campaign identifying 231 sites for in-Kingdom blocking, explicitly including live-streaming sites for encrypted sports channels and sites selling IPTV subscriptions/servers, alongside film/series, PDF-book and music sites -- mixed medium",independent,,saudi-arabia,saudi-arabia,الهيئة السعودية للملكية الفكرية,domestic,,false,,false,none,blocking-order,true,,false,"date_source: 'تاريخ النشر : ٢١ يونيو ٢٠٢٠' (Arabic-Indic numerals = 21 June 2020). Administrative in-Kingdom blocking ('لمنع تصفحها') of 231 sites identified in an SAIP inspection campaign; the title verb 'تستهدف حجب' (targets blocking) and the body 'رصدت ... لمنع تصفحها' -- the release announces the sites are designated for blocking; whether the blocks were already applied is not explicit (borderline for the 'happened' rule; the walker's title reads it as executed). No persons, arrests or referrals mentioned. Single agency -> domestic."
REG-2020-0014,walk-2026-08-17,DTW-7,內政部警政署刑事警察局 (CIB) 電信偵查大隊,le,1,https://www.cib.npa.gov.tw/ch/app/news/view?module=news&id=1885&serno=616cabea-3691-447e-a347-7e79fd782fb7,2020-08-03,,,知名機上盒淪為色情及盜播平臺,,isd-retail,,true,"'夢○機上盒' set-top boxes imported from mainland China, sold NT$2,000-4,000 each by a Miaoli head company and five dealers, auto-installing pirate apps for live TV channels, films and adult content",independent,,taiwan; japan; china,taiwan,臺灣苗栗地方檢察署; 刑事警察局電信偵查大隊(第一隊); 保安警察第二總隊刑警大隊(偵一隊); 苗栗縣警察局; 中華民國衛星廣播電視事業商業同業公會; 日本一般社團法人內容產品海外流通促進機構(Content Overseas Distribution Association，簡稱CODA),domestic,,false,,true,keywords,arrest-search; asset-seizure,true,,false,"date_source: '發布日期：109-08-03' (ROC 109 = 2020). Search dates not given (4-month investigation) -> action_date null. Ten suspects enumerated (5 at the Miaoli head company, 5 dealers) but 'to案' (brought in) is not an arrest -> arrests not-reported; prosecutor-directed investigation ('報請...檢察官...指揮，擴大偵辦') -> indictments pending, referral-inferred (TW 偵辦). asset-seizure: court attachment order on 1 real property + 1 car (~NT$6 m). 332 boxes and devices seized as evidence. Complainants 衛星公會 (Satellite Broadcasting association) and CODA (Japan) named -> counted as rights-holder bodies with operational role. Japan named via CODA/Japanese dramas, China as origin of the boxes and of engineers -- neither state's authorities acted -> executing = taiwan. Cooperative under the org-count rule (single state). [STRATUM RECOMPUTED 2026-08-17: REGISTER.md was revised mid-slice to the states-only rule (organisation counts play no part); this row was first coded cooperative on the org-count reading described above and is now domestic because countries_executing=1.]"
REG-2020-0015,walk-2026-08-17,DTW-6,內政部警政署刑事警察局 (CIB) 電信偵查大隊,le,1,https://www.cib.npa.gov.tw/ch/app/news/view?module=news&id=1885&serno=c9fcaf98-08fc-4767-9345-c5e1b6c0ca99,2020-09-22,,,破獲黃嫌以程式破解電視臺網路訊號轉送大陸直播APP案,,iptv-service,,true,"home server cracking m3u8 streams of >100 Taiwanese OTT/TV channels and relaying them into mainland-China live-streaming apps (小羊, 七彩)",independent,,taiwan; china,taiwan,刑事局電信偵查大隊(第一隊); 新北市政府警察局林口分局; 保二總隊(偵一隊); 新竹地方檢察署; 中華民國衛星廣播電視事業商業同業公會(簡稱衛星公會),domestic,,false,,false,coder,arrest-search,true,,false,"[orgs-rule-only] Candidate URL truncated; reconstructed with id=1885 (serno selects the article; verified). Publish 發布日期 109-09-22 = 2020-09-22; search date '近期' not stated. One suspect (黃○○); '查獲嫌犯' = suspect caught/identified, no explicit arrest verb -> arrests not-reported (borderline). Referred to the district prosecutors -> indictments pending (referral-inferred). China named only as destination of the relayed streams / origin of the cracking program; no Chinese authority. Cooperative on the orgs rule only (three police units + Hsinchu prosecutors + the satellite broadcasters' association that sued); one state. [2026-08-17 coordinator: stratum cooperative->domestic by the states-only rule (DE CODEBOOK s.3 v1.11+); coder's value kept as stratum_as_coded]"
REG-2020-0016,ic,operation-aphrodite-europol-iptv-counterfeit-21-countries-2020,Europol; An Garda Síochána (Ireland),igo,1,https://www.europol.europa.eu/media-press/newsroom/news/no-safe-market-for-fakes-21-countries-target-illegal-goods-in-europe-wide-sting,2020-09-25,,,"No safe market for fakes: 21 countries target illegal goods in Europe-wide sting (Operation Aphrodite, 2019–2020)",capture-h1,isd-retail,override,true,"counterfeit-goods sweep whose IPTV strand is 'IPTV set-top boxes' sold by wholesale distributors and 'the seizure of 4,000 illicit set top boxes'; no IPTV subscription service is described",independent,,austria; belgium; bulgaria; cyprus; czechia; denmark; france; greece; hungary; iceland; ireland; italy; lithuania; malta; moldova; netherlands; portugal; romania; spain; ukraine; united-kingdom,austria; belgium; bulgaria; cyprus; czechia; denmark; france; greece; hungary; iceland; ireland; italy; lithuania; malta; moldova; netherlands; portugal; romania; spain; ukraine; united-kingdom,(wiki participating_agencies #1); (wiki participating_agencies #2),cooperative,wiki-fields,false,,true,wiki-flag,arrest-search; content-delisting,true,,false,"converted from paper2/coding/operation-aphrodite-europol-iptv-counterfeit-21-countries-2020.json (coder agent-w2-4, 2026-08-13); date_source=raw-frontmatter; source_of_record=raw/press-releases/2020-09-25_europol_operation-aphrodite-21-countries-counterfeit-iptv-set-top-box.md; tier_basis=raw-dir:press-releases; other_cited_captures=1; quotes are the cited lines as of the coding date; stratum from wiki fields (participating_countries=21, participating_agencies=2); official_release_sourced=True. Three cited sources, all dated 2020-09-25. CAPTURE TIERS: (1) raw/press-releases/2020-09-25_europol_operation-aphrodite-21-countries-counterfeit-iptv-set-top-box.md is USABLE for raw:23-49, the Europol body ""extracted from Europol newsroom JSON payload (SPA-rendered)"" (raw:27); the same file's raw:53-65 Garda section is agent ""verbatim/paraphrased"" (raw:57) = RECONSTRUCTION and is NOT cited -- the standalone Garda capture is used instead. (2) raw/press-releases/2020-09-25_garda-ie_operation-aphrodite-iii-iptv-counterfeit.md is USABLE (""(Verbatim extract from the An Garda Síochána Office of Corporate Communications press release dated 25 September 2020.)"", raw:12). (3) raw/press-releases/2020-09-25_euipo-europa-eu_success-operation-aphrodite.md is RECONSTRUCTION and is cited in NO cell: its own closing line says ""page Cloudflare-protected for unauthenticated fetch; content confirmed via EUIPO+Europol cross-mirror and Garda own-domain release of same date"" (that raw:28), and the operation page records the same failure (""the EUIPO success-of-operation-aphrodite URL returned HTTP 403"", op page:96). It adds no fact the other two lack (28M / 800k / 123+36 / 27M masks all restated).
MODALITY: arrest-search -- ""law enforcement authorities tracked online sales of a large variety of counterfeit items, culminating in checks in warehouses, shops and marketplaces in Belgium, Cyprus, Greece, Ireland, Italy, Portugal, Romania and Spain"" (eu raw:29), ""Ten people were arrested in Greece"" (eu raw:33), and in Ireland ""the seizure of 4,000 illicit set top boxes in three (3) particular searches undertaken in the midlands and Dublin"" (garda raw:20). content-delisting -- ""The operation led to 123 social media accounts and 36 websites selling counterfeit products to be taken down."" (eu raw:33). ⚠ DOMAIN-SEIZURE DELIBERATELY NOT CODED: the frontmatter carries results.domains_seized: 36, enforcement_type: domain-seizure and mechanisms_used: [[domain-seizure]] (op page:15, 58, 64), and the page's prose asserts the 36 were ""taken down through coordinated platform-engagement requests"" (op page:191) -- but NO cited record uses a seizure verb, names a court or judicial order, or describes control passing to authorities for those 36 websites. The record's only verb is ""taken down"", in the same sentence and with the same verb as the 123 social-media accounts. Under the CODING.md frontmatter-seed rule the code follows the source text, so both counts sit in content-delisting; if the 36 were in fact judicial seizures, the record does not say so. PRIOR CODE asset-seizure (withdrawn 2026-08-18, CODING v4 VALUE-not-THINGS) rested on ""More than €700 000 was also seized."" (eu raw:33) -- a sweep total with no freeze, account or proceeds language; note the record does not use the word ""proceeds"" (that is the wiki's gloss at op page:177), but the sum is money seized in an anti-trafficking action rather than an evidentiary exhibit. NOT coded asset-seizure: the ~28 million goods, the 800 000 counterfeit items including IPTV set-top boxes, the 27 million facemasks, the 4,000 Irish set-top boxes and the 6,340 Irish items -- all contraband/evidence. NOT coded: hosting-takedown (no server or hosting action anywhere; frontmatter results.servers_seized: 0 agrees), blocking-order, payment-disruption, intermediary-process, end-user-action, voluntary-transfer.
JUDICIAL: arrests n=10 -- ""Ten people were arrested in Greece and 37 others were reported to the judicial authorities in Greece, Italy and Portugal."" (eu raw:33). Unlike the IOS XIII row, this release keeps the two stages in separate clauses, so the arrest count is an operation-level figure and no stage-merging problem arises; the 10 are all in Greece and no other jurisdiction is given an arrest count (the page flags this asymmetry at op page:223). indictments = pending, referral-inferred: ""37 others were reported to the judicial authorities"" is the referral statement CODING.md maps to `pending` for the next stage, reinforced on the Irish side by ""Investigation files in Ireland were being prepared for the Director of Public Prosecutions under Section 140 of the Copyright and Related Rights Act 2000 (television broadcast piracy) and Section 92 of the Trade Marks Act 1996 (counterfeit)."" (garda raw:26) -- files being prepared, i.e. not yet charged. n=37 was NOT used: being reported to a judicial authority is not a charge, and the Irish referrals are additional to (and uncounted within) the 37. convictions/imprisonments not-reported -- no cited record reaches a court outcome. latest_record_date 2020-09-25 (all three records share the date; the operational phase itself closed 2020-07-31).
RECONSTITUTION: not-reported. No cited record postdates the action or speaks to whether the seller accounts, websites or the set-top-box wholesale chain came back. The page's open questions are disclosure gaps (per-country arrests, per-country box counts, OCG identity, operation versioning) and flag no succession/effectiveness question, so open-question was not used. The Irish 4,200 further websites ""selling copyrighted materials across the European Union and beyond being identified"" (garda raw:22) are a forward pipeline of NEW targets, not evidence about this action's targets.
CORPUS SEARCH (""Aphrodite"" over wiki/sources/): 16 hits, no uncited source about THIS action. Two are other editions of the same series and are worth recording as series context the page does not cite: wiki/sources/2019-06-13_europol_counterfeit-crackdown-aphrodite-ii-30-suspects-ipc3-gdf.md (Aphrodite II, 13 June 2019, 18 countries, 30+ suspects arrested) and wiki/sources/2024-04-30_euipo-europa-eu_operation-aphrodite-vi-empact-3-1-operational-action-plan.md (Aphrodite VI, 2024) (corpus-search). NEITHER is an input for this row: Aphrodite II's action predates this operation's December 2019 start and Aphrodite VI is a separate later cycle -- their figures must not be read onto this row, and their existence is not durability evidence about this network (CODING.md Column 3 postdating rule). The remaining hits mention Aphrodite only as a series exemplar.
OTHER FIGURES (no column): ~28 million counterfeit and illegal goods; 800 000 counterfeit items ""of clothing, sportswear, footwear, personal accessories, IPTV set-top boxes and toys"" -- the IPTV hardware is inside an undifferentiated 800 000 line with no IPTV-only count (eu raw:33); 27 million facemasks seized by the Guardia di Finanza as a COVID-19 scope expansion (eu raw:35); Ireland 14 investigations, 6,340 items, 4,000 set-top boxes, two of three searched sites being ""wholesale distributors of these illicit set top boxes"" (garda raw:18, 20). [2026-08-18 coordinator, re-read (CODING v4): asset-seizure removed (VALUE not THINGS): 'More than EUR 700 000 was also seized' -- money among the seizure results of a counterfeit-goods sweep, no freeze/forfeiture/proceeds language, no account, no crypto in the Europol or Garda release; the judicial counts (10 arrests, 37 referrals) are operation-wide and not attributable to the IPTV set-top-box strand -- recorded as an aggregation risk]"
REG-2020-0017,de,DOM-2020-1002,Generalstaatsanwaltschaft Bamberg — Zentralstelle Cybercrime Bayern (Bayerisches Staatsministerium der Justiz),prosecutor,1,https://www.justiz.bayern.de/gerichte-und-behoerden/generalstaatsanwaltschaft/bamberg/presse/2020/20.php,2020-10-27,,2020-10-21,Zentralstelle Cybercrime Bayern und Kriminalpolizeiinspektion Bayreuth ermitteln erfolgreich gegen Cardsharing-Szene,,cardsharing,,true,cardsharing network selling decrypted pay-TV access to several hundred customers,independent,,germany,germany,Zentralstelle Cybercrime Bayern; Kriminalpolizeiinspektion Bayreuth; Generalstaatsanwaltschaft Bamberg,domestic,,false,,false,none,arrest-search,true,,false,"Agrees with DE domestic: all 18 searches in five German Länder; 'im europäischen Ausland' is where customers were, not an acting state. Two brothers (37, 35) are the suspects; no arrest word (Festnahme) appears, so arrests not-reported. indictments=pending is referral-inferred from prosecutor-led Ermittlungen (Ermittlungsverfahren). Receivers/PCs/data carriers 'sichergestellt' as evidence, not coded asset-seizure. Customer proceedings only anticipated ('ist zu rechnen'), not coded end-user-action. Pay-TV providers unnamed. Word count includes DE frontmatter and extraction notes of the capture file; quotes come from the Extracted Text only."
REG-2020-0018,walk-2026-08-17,B22,Policía Nacional,le,1,https://www.policia.es/_es/comunicacion_prensa_detalle.php?ID=8089,2020-10-28,,,La Policía Nacional detiene a dos personas que vendían decodificadores manipulados para acceder a multitud de canales de pago,,hybrid,,true,"sellers of firmware-modified decoders working by cardsharing, plus IPTV lines and CCcam lines -- ISD retail + cardsharing + IPTV",independent,,spain; romania,spain,Policía Nacional; Liga de Fútbol Profesional,domestic,,false,,true,keywords,arrest-search,true,,false,"date_source: dateline 28/10/20. Arrest/search date not stated (investigation began end-2019). Romania named only as the nationality of the customers and of the TV platforms impersonated -- not executing. Liga de Fútbol Profesional named as complainant/rights-holder -> counted -> 2 orgs -> cooperative under the REGISTER rule (a wiki reader would call this domestic). ~200 decoders, EUR 2,400 cash, phones/tablet seized in the search = evidence, not asset-seizure. Web pages advertising the service are described but no seizure/blocking of them is stated. [STRATUM RECOMPUTED 2026-08-17: REGISTER.md was revised mid-slice to the states-only rule (organisation counts play no part); this row was first coded cooperative on the org-count reading described above and is now domestic because countries_executing=1.]"
REG-2020-0019,ic,brazil-mjsp-operacao-404-fase-2-2020,U.S. Department of Justice (Office of Public Affairs),le,1,https://www.justice.gov/archives/opa/pr/us-law-enforcement-assists-brazilian-law-enforcement-takedown-numerous-digital-piracy-sites,2020-11-05,,,U.S. Law Enforcement Assists Brazilian Law Enforcement Takedown of Numerous Digital Piracy Sites and Apps Alleged to Have Caused Millions of Dollars in Losses to U.S. Media Companies,capture,streaming-site,override,true,"the three DOJ-seized domains (megatorrentshd.biz, comandotorrentshd.tv, bludv.tv) are torrent/streaming sites; the IPTV element rests on Brazilian-side reporting the wiki page flags as not tier-1-substantiated",independent,,brazil; united-states; united-kingdom,brazil; united-states; united-kingdom,(wiki participating_agencies #1); (wiki participating_agencies #2); (wiki participating_agencies #3); (wiki participating_agencies #4),cooperative,wiki-fields,false,,true,wiki-flag,domain-seizure; arrest-search,true,,false,"converted from paper2/coding/brazil-mjsp-operacao-404-fase-2-2020.json (coder agent-w2-2, 2026-08-13); date_source=raw-frontmatter; source_of_record=raw/press-releases/2020-11-05_justice-gov_operation-404-digital-piracy-sites-apps.md; tier_basis=raw-dir:press-releases; other_cited_captures=1; quotes are the cited lines as of the coding date; stratum from wiki fields (participating_countries=3, participating_agencies=4); official_release_sourced=True. CAPTURE TIERS. (a) DOJ 20-1205 (raw/press-releases/2020-11-05_justice-gov_operation-404-digital-piracy-sites-apps.md) is USABLE — full release body, text_status verbatim-tier1. (b) The ICE capture (raw/press-releases/2020-11-05_ice-gov_operation-404-brazilian-piracy-takedown.md) is RECONSTRUCTION tier: its own frontmatter says ""fetch_method: WebSearch summary"" and its Notes say ""The body content above is reconstructed from the WebSearch summary"" (raw:6, raw:31) — ice.gov is Akamai-blocked (L11). Every cell resting on it is page_only true, including the two verbatim-preserved sentences. (c) The UK IPO capture (raw/policy-documents/2022-02-04_gov-uk_intellectual-property-counter-infringement-strategy-2022-2027.md) is a PARTIAL extraction: two verbatim quote blocks (raw:20, raw:24) plus a section explicitly headed ""Quantitative claims (per gov.uk WebSearch summary)"" (raw:26-29) — reconstruction tier for the numbers. MODALITY. domain-seizure from the DOJ verbs, not from the frontmatter seed: ""Seizure warrants have been executed against three domain names of commercial websites engaged in the illegal reproduction and distribution of copyrighted works in support of a Brazilian-led takedown of digital piracy sites there, dubbed \""Operation 404\""."" (doj raw:23), with control demonstrated at raw:33 — ""The seized domains are in the custody of the federal government. Visitors to the sites will now find a seizure banner..."". arrest-search from ""During Operation 404, over 250 piracy sites were taken down cooperatively, and Brazilian authorities made five arrests and seized 11 vehicles and one firearm, as well as bulk cash."" (ice raw:21) plus the operation page's 25 warrants across 10 states (op:191) — no capture in the source set states the warrant count, so the warrant limb is page-level. PRIOR CODE asset-seizure (withdrawn 2026-08-18, CODING v4) from the same ICE sentence: the first coder read 11 vehicles + bulk cash as assets rather than contraband; BORDERLINE — the record uses only the verb ""seized"" and states no freeze or forfeiture, and the firearm is separate-offence contraband rather than proceeds. NOT coded: hosting-takedown — the 38 streaming servers / 3,200 channels figures appear only in the operation page, which itself carries a 2026-05-29 audit note in missing_fields saying those statistics are NOT in the three cited tier-1 sources; content-delisting — no cited capture describes app-store, repository or URL removal. CONFLICT on the 65 figure: the operation page and its frontmatter say ""65 illegal streaming applications disabled"" (op:190) while the only capture carrying the number says ""Operação 404.2 (late 2020): Brazilian LE seized 252 pirate sites + 65 pirate streaming sites; PIPCU seized 27."" (govuk raw:28) — sites, not applications; the DOJ release names apps only in its headline and enumerates none. Neither reading is coded as a separate modality. The UK PIPCU limb (27 sites seized) is in the same reconstruction-tier line and is not separately cited. JUDICIAL. arrests n=5 rests solely on the ICE reconstruction-tier sentence (ice raw:21); the DOJ release announces no arrests and names no defendants. indictments/convictions/imprisonments not-reported: the operation page states outright that the DOJ release does not disclose indictments (missing_fields ""indictments"", op:210) and no cited record reports charges, pleas or sentences for any of the five arrestees or for the three seized domains' operators. latest_record_date 2020-11-05 = both cited records (DOJ and ICE, same day). NOTE for right-censoring: a later record about this action exists in the source set — the UK IPO strategy of 2022-02-04 — and it too reports no judicial outcome; it is not cited in any cell because its only Phase-2 content is the collaboration quote and the reconstruction-tier count line. RECONSTITUTION not-reported: no cited record speaks to what happened to the three domains, the 252 Brazilian sites, or the IPTV service after 2020-11-05. The seizure banner (doj raw:33) is announcement-day status, which the protocol's 14-day rule excludes from durability evidence. CORPUS SEARCH (megatorrentshd | comandotorrentshd | bludv | ""Operation 404"" | ""Operação 404"" over wiki/sources/) returned 14 files; all Phase-2 content is in the three already-cited source pages. The other eleven are other phases (1, 3, 4, 5, 6, 8), the Anatel TV-box action, CODA Operation Animes, the 2018 STJ ruling, and the 2021-09-09 UK IPO annual report, whose Op-404 mentions are context for ""phases 2-3"" without Phase-2 facts. No linkage gap found. [2026-08-18 coordinator, re-read (CODING v4): asset-seizure removed (VALUE not THINGS): 'seized 11 vehicles and one firearm, as well as bulk cash' (ICE reconstruction-tier capture) -- items seized alongside arrests; the DOJ 'cutting off the profits' phrase is about the domain seizures; 18 U.S.C. 2323 forfeiture appears only in the wiki page's analysis]"
REG-2020-0020,ic,swiss-vaud-k-box-illegal-streaming-takedown-2020,Eurojust,igo,1,https://www.eurojust.europa.eu/news/coordinated-action-against-illegal-online-streaming-switzerland,2020-11-10,,,Coordinated action against illegal online streaming in Switzerland,capture,iptv-service,pool-default,true,IC census row: pool tag illegal-iptv-ic; medium defaults to iptv-service (re-read as found),independent,,switzerland; france; germany; monaco; netherlands,switzerland; france; germany; monaco; netherlands,(wiki participating_agencies #1); (wiki participating_agencies #2),cooperative,wiki-fields,false,,false,none,arrest-search; hosting-takedown; blocking-order; asset-seizure,true,,false,"converted from paper2/coding/swiss-vaud-k-box-illegal-streaming-takedown-2020.json (coder agent-w2-4, 2026-08-13); date_source=raw-frontmatter; source_of_record=raw/press-releases/2020-11-10_eurojust_coordinated-action-against-illegal-online-streaming-switzerland.md; tier_basis=raw-dir:press-releases; other_cited_captures=0; quotes are the cited lines as of the coding date; stratum from wiki fields (participating_countries=5, participating_agencies=2); official_release_sourced=True. Single cited source: wiki/sources/2020-11-10_eurojust_coordinated-action-against-illegal-online-streaming-switzerland.md -> raw/press-releases/2020-11-10_eurojust_coordinated-action-against-illegal-online-streaming-switzerland.md.
CAPTURE TIER: RECONSTRUCTION for the whole row -- every cell is page_only and every cite carries the marker. The file has two parts. Its ""Extracted Text"" (raw:67-104, word_count 153) is Wayback banner + Eurojust page chrome with NO article body = CAPTURE-UNUSABLE (L57). The prose the codes rest on (raw:31-48, headed ""Press release content (tier-1 own-domain text)"") is the project's collection-time transcription from a 2026-05-22 WebFetch (raw:62), not text recoverable from the stored capture. The operation page already says so in its own warning callout: ""The Eurojust source for this page was captured through the Wayback Machine and its extracted text is **page chrome, not the release** — site navigation, the capture banner and the footer, `word_count: 153`. Every figure on this page (20,000 households, EUR 1.9 million, three suspects, eleven servers, seven prosecutors' offices) therefore rests on the **project's own collection-time summary** written into the raw file, not on captured publisher wording."" (op page:108, flagged by tools/check_quote_provenance.py). The transcription reads as release prose and is internally consistent with the wiki, so it is coded -- but as reconstruction-tier page-level support, never as raw evidence.
MODALITY (verbs as transcribed): arrest-search -- ""three suspects were arrested by the Swiss authorities"" (raw:37). hosting-takedown -- ""11 servers were taken down in France, Germany, Monaco, The Netherlands and Switzerland"" (raw:35), restated as cross-border cooperation ""to seize servers used to relay the illegal streams"" (raw:41). blocking-order -- ""the website promoting the illegal service blocked"" (raw:37) and ""to block the website"" (raw:41): the verb is BLOCK, not seize or take down, which is exactly the v2 blocking-order case (access disabled, no transfer of control stated); domain-seizure was therefore NOT coded, and the frontmatter agrees (results.domains_seized: 0). asset-seizure -- ""eight bank accounts in Switzerland seized"" (raw:37): account seizure, i.e. the organisation's cash position, not evidence. NOT coded end-user-action: the K-boxes already in ""over 20,000 households"" (raw:39) are the customer layer and no action against subscribers is stated; the record does not even say whether K-box stock was seized (the page raises the same point, op page:172). NOT coded content-delisting, payment-disruption, intermediary-process, voluntary-transfer.
JUDICIAL: arrests n=3 (raw:37). indictments/convictions/imprisonments not-reported -- the release is an action-day announcement and no cited record reaches any charging or court stage; the page confirms the gap twice (""Public-source follow-on prosecutions for the three arrested suspects were not disclosed in the November 2020 release."", op page:155; ""Follow-on prosecution outcome of the three Swiss arrestees is not in the public Eurojust record as of 2026-05-22."", op page:197). `pending` was not used: the record states no referral, no charge and no open proceeding. latest_record_date 2020-11-10 = the only cited record, which is also the action day -- the row is censored at day zero.
RECONSTITUTION: not-reported. No cited record postdates the action day, so nothing can speak to durability; an announcement-day status would fail the 14-day window in any case. BORDERLINE NOTED: the page's Lessons section observes that ""seizing the digital infrastructure alone does not necessarily prevent re-use of K-boxes already in 20,000 households"" (op page:176) -- read as a general lesson about the set-top-box modality rather than a flagged unresolved question about THIS network's succession, so open-question was not used; a coordinator who reads it as an effectiveness question would code open-question, page-only, on op page:176.
CORPUS SEARCH (""K-box""/""K box""/Kbox/Vaud, and Monaco, over wiki/sources/): the only K-box/Vaud hit is the cited source itself; the three other Monaco hits are unrelated (DPRK IT-worker indictment, CoE Monaco cybercrime profile, DAG Lisa Monaco remarks -- a homonym). No uncited in-corpus source about this operation; no linkage gap.
OTHER FIGURES (no column): 11 servers across 5 countries; ~82,000 episodes; >20,000 households; rights-holder damage ""over EUR 1.9 million"" (raw:35 -- framed as depriving legitimate business, i.e. harm, not the group's revenue); seven public prosecutors' offices and over thirty police officers mobilised in France, Germany, Monaco and The Netherlands, with no foreign agency named (raw:41, 46). [2026-08-18 coordinator, re-read (CODING v4): indictments not-reported -> pending (referral-inferred): 'The Swiss-led investigation, opened by the Public Prosecutor's Office (PPO) of the canton of Vaud' -- prosecutor-led investigation stated (CODING v4), same basis as B20/B39/DOM-2017-1002; cited line is in the agent-transcribed release section of a capture whose Extracted Text is a Wayback shell (reconstruction tier, page_only)]"
REG-2020-0021,ic,operation-perfect-storm-pay-tv-piracy-2019--coordinated-2020,Eurojust,igo,1,https://www.eurojust.europa.eu/news/new-major-crackdown-on-fraud-with-illegal-use-of-pay-TV-signals,2020-11-11,,,"Eurojust coordinates action in Italy and ten other countries, taking down over 5,550 computer servers",capture,iptv-service,pool-default,true,IC census row: pool tag illegal-iptv-ic; medium defaults to iptv-service (re-read as found),independent,operation-perfect-storm-pay-tv-piracy-2019,italy; bulgaria; france; germany; greece; lithuania; netherlands; romania; slovenia; sweden,italy; bulgaria; france; germany; greece; lithuania; netherlands; romania; slovenia; sweden,,cooperative,wiki-fields,false,,true,wiki-flag,hosting-takedown; domain-seizure; content-delisting; arrest-search; asset-seizure,true,,false,"converted from paper2/coding/operation-perfect-storm-pay-tv-piracy-2019--coordinated-2020.json (coder agent-split-ps, 2026-08-13); date_source=raw-frontmatter; source_of_record=raw/press-releases/2020-11-11_eurojust_new-major-crackdown-on-fraud-with-illegal-use-of-pay-tv-signals.md; tier_basis=raw-dir:press-releases; other_cited_captures=2; quotes are the cited lines as of the coding date; stratum from wiki fields (participating_countries=10, participating_agencies=0); official_release_sourced=True; component_of=operation-perfect-storm-pay-tv-piracy-2019. CODED FROM THE NOVEMBER 2020 RECORDS ONLY. I read paper2/coding/operation-perfect-storm-pay-tv-piracy-2019.json for its capture-tier findings, as the task permits, and re-verified each tier claim against the captures myself; no cell was carried over. Every value below was re-derived from the 2020 records, and this row's reconstitution and country findings differ from the parent's.

CAPTURE TIERS, verified file by file.
USABLE (1) raw/press-releases/2020-11-11_eurojust_new-major-crackdown-on-fraud-with-illegal-use-of-pay-tv-signals.md -- jina extraction of the live Eurojust page, 1043 words, full release including the per-country ""Assistance was provided by:"" roster (raw:57-75) and the trailing metadata line at raw:81.
USABLE (2) raw/press-releases/2020-11-13_astynomia-gr_ddie-pan-european-pay-tv-fraud-network-dismantling.md -- Hellenic Police own-domain release, Greek body at raw:16-47; the extraction note (raw:51) states which furniture was trimmed and names the sentence the article ends on, and that sentence is raw:47.
USABLE (3) raw/press-releases/2020-11-11_poliziadistato-it_pirateria-audiovisiva-5000-siti-perfect-storm.md -- heavy poliziadistato.it site navigation surrounds the article, but the release body is present and continuous at raw:121-133. A nav-wrapped article, not a nav shell; verified by reading the block rather than by trusting text_status.
CAPTURE-UNUSABLE (4) raw/press-releases/2021-10-27_eurojust_operation-perfect-storm-crackdown-illegal-use-pay-tv-signals.md -- the publication that supplies the operation NAME. Despite text_status: parsed, its ""## Extracted Text"" (raw:33-131) is the Internet Archive banner and the Eurojust site menu; the article text is absent. Its only prose is the ingest agent's summary at raw:27-29 (RECONSTRUCTION tier), which describes the 2019 operation and continued investigations into 2020 and speaks to nothing after this action. Nothing is cited from it -- and this is why the row's reconstitution is not-reported rather than evidence-bearing: the one record that postdates the action by more than fourteen days did not survive capture.
RECONSTRUCTION (5) raw/press-releases/2024-06-13_euipo-europa-eu_sport-week-iptv-detecting-illegal-streaming-platforms.md -- an agent digest of a Cloudflare-blocked EUIPO page; it mentions Perfect Storm only inside a list of thematic examples (raw:24) and supports no cell.
CORPUS SEARCH over wiki/sources/ (Perfect Storm | Eclissi | Xtream | Black IPTV) returned 39 files and one LINKAGE GAP that this row depends on: wiki/sources/2020-11-11_poliziadistato-it_pirateria-audiovisiva-5000-siti-perfect-storm.md declares pages_updated: operation-perfect-storm-pay-tv-piracy-2019 (that page:14-15), but the operation page's sources list (op:92-99) does not include it. It is the Italian own-domain release for this action day and three of this row's cells cite it (corpus-search). Reported for the coordinator to repair on the wiki side. Also checked and rejected as inputs: 2021-05-14_poliziadistato-it_operazione-black-out-iptv-illegali (Operation Black Out, May 2021, a different Italian network -- the wiki source page compares the two, but no RECORD links them) and 2020-11-10_eurojust_coordinated-action-against-illegal-online-streaming-switzerland (the separate Swiss action Eurojust mentions in passing at raw/press-releases/2020-11-11_eurojust_new-major-crackdown-on-fraud-with-illegal-use-of-pay-tv-signals.md:51).

ACTION DATING. The component is the 10-11 November 2020 coordinated action, but the Italian record dates the execution earlier and describes it as gradual: ""Dal pomeriggio del 6 novembre, infatti i poliziotti della Polizia postale insieme ai militari della Finanza, hanno gradualmente spento da remoto le piattaforme, i server e le smart card utilizzate dai pirati"" (raw/press-releases/2020-11-11_poliziadistato-it_pirateria-audiovisiva-5000-siti-perfect-storm.md:127). Greek house searches 10 November (gr raw:27), Eurojust announcement 11 November, Hellenic Police publication 13 November. No cell turns on this, but the action began before the announced date the census assigns.

MODALITY, taken from the source text's verbs.
hosting-takedown -- ""Over 5.550 computer servers, which were used to transmit and store television broadcasts, live sports games and films without paying the legitimate copyright holders, have been taken down in Italy, Bulgaria, France, Germany, Lithuania, Malta, Romania, Slovenia, Sweden and The Netherlands."" (raw/press-releases/2020-11-11_eurojust_new-major-crackdown-on-fraud-with-illegal-use-of-pay-tv-signals.md:39), with the executing Italian account at raw/press-releases/2020-11-11_poliziadistato-it_pirateria-audiovisiva-5000-siti-perfect-storm.md:127 and the Greek confirmation ""πάνω από (5.500) διακομιστές (servers) τέθηκαν εκτός λειτουργίας"" (gr raw:44).
domain-seizure -- the control test is met by the seizure notice served on the sites themselves: ""centinaia di migliaia di incauti utenti che avevano stipulato contratti di abbonamento con le IPTV pirata, hanno all’improvviso visualizzato sui propri dispositivi un pannello che li avvertiva che il sito tramite il quale stavano illegalmente visionando il programma, era stato sottoposto a sequestro"" (raw/press-releases/2020-11-11_poliziadistato-it_pirateria-audiovisiva-5000-siti-perfect-storm.md:125); those sites are among the resources enumerated at raw/press-releases/2020-11-11_poliziadistato-it_pirateria-audiovisiva-5000-siti-perfect-storm.md:127 (siti vetrina e siti di live streaming).
content-delisting -- ""provveduto a oscurare siti web e i canali Telegram dedicati alla vendita e riproduzione dei contenuti dell’IPTV illegale. Sono state oscurate oltre 5.500 risorse informatiche tra server di trasmissione, piattaforme di gestione, siti vetrina e siti di live streaming e oltre 350 canali Telegram."" (raw/press-releases/2020-11-11_poliziadistato-it_pirateria-audiovisiva-5000-siti-perfect-storm.md:127). The 350+ Telegram channels are a platform-side removal carried by no other record; this code exists on the row only because of the corpus-search find above.
arrest-search -- ""One person, allegedly the leader of the criminal activities, has been arrested by the Italian authorities."" (raw/press-releases/2020-11-11_eurojust_new-major-crackdown-on-fraud-with-illegal-use-of-pay-tv-signals.md:41); ""The Agency coordinated the search of twenty places."" (raw/press-releases/2020-11-11_eurojust_new-major-crackdown-on-fraud-with-illegal-use-of-pay-tv-signals.md:43); and the Greek house searches of Tuesday 10 November 2020, ""Στο πλαίσιο αυτό πραγματοποιήθηκαν την Τρίτη, 10 Νοεμβρίου 2020 έρευνες στις οικίες των δύο (2) ημεδαπών, σε Αττική και Βόρεια Ελλάδα"" (gr raw:27).
asset-seizure -- ""Computer equipment, other communication tools and payment instruments as well as luxury cars have been seized."" (raw/press-releases/2020-11-11_eurojust_new-major-crackdown-on-fraud-with-illegal-use-of-pay-tv-signals.md:41) and ""Sequestri per oltre 10 milioni di euro nei confronti di un’organizzazione criminale."" (raw/press-releases/2020-11-11_poliziadistato-it_pirateria-audiovisiva-5000-siti-perfect-storm.md:121). The Greek seizures at gr raw:27-42 are deliberately NOT cited here: the digital exhibits are evidence, ""Τα κατασχεθέντα ψηφιακά πειστήρια αποστέλλονται στη Διεύθυνση Εγκληματολογικών Ερευνών"" (gr raw:43), and evidence collection is not asset-seizure.
NOT blocking-order -- ""The online streaming services have now been blocked for customers in Italy"" (raw/press-releases/2020-11-11_eurojust_new-major-crackdown-on-fraud-with-illegal-use-of-pay-tv-signals.md:39) states the effect of the server takedown on customers; no ISP/DNS order or dynamic injunction is described anywhere, and the Italian oscurare sits beside sequestro and remote switch-off.
NOT end-user-action -- the seizure panel at raw/press-releases/2020-11-11_poliziadistato-it_pirateria-audiovisiva-5000-siti-perfect-storm.md:125 and the Greek ""διακόπηκε το σήμα για θεατές παράνομων υπηρεσιών συνδρομητικής τηλεόρασης στην Ευρώπη"" (gr raw:44) are service interruption experienced by unidentified subscribers, which CODING.md v3 expressly excludes; no fine, letter, identification or proceeding against any identified end user is reported.
NOT payment-disruption -- raw/press-releases/2020-11-11_eurojust_new-major-crackdown-on-fraud-with-illegal-use-of-pay-tv-signals.md:53 mentions PayPal only in describing how these OCGs collect money, not as a measure taken in this action.
NOT intermediary-process -- the EIOs (raw/press-releases/2020-11-11_eurojust_new-major-crackdown-on-fraud-with-illegal-use-of-pay-tv-signals.md:43) were executed as searches; no disclosure request to a host, registrar or CDN is described.

JUDICIAL.
arrests n=1 -- ""One person, allegedly the leader of the criminal activities, has been arrested by the Italian authorities."" (raw/press-releases/2020-11-11_eurojust_new-major-crackdown-on-fraud-with-illegal-use-of-pay-tv-signals.md:41). One natural person; no other record adds an arrest, and the Greek component reports searches only, not detentions.
indictments pending -- Italian indagati plus a continuing prosecution in Greece: ""Quindici degli indagati, pur ricavando ingenti somme dalla propria attività illecita, percepivano il reddito di cittadinanza."" (raw/press-releases/2020-11-11_poliziadistato-it_pirateria-audiovisiva-5000-siti-perfect-storm.md:123) and ""Η ποινική διερεύνηση της υπόθεσης συνεχίζεται, από τις αρμόδιες Εισαγγελικές Αρχές."" (gr raw:47; the criminal investigation of the case continues, by the competent prosecuting authorities). Under CODING.md's non-common-law mapping, IT indagati is a pre-charge status coding to pending at the indictments stage; referral-inferred. NOT n=15: ""Quindici degli indagati"" is fifteen OF the indagati, an explicit subset, and no record gives the total, so the number stays in this note and out of the cell.
convictions / imprisonments not-reported -- no cited record reaches trial or sentence for anyone.
latest_record_date 2020-11-13, the Hellenic Police release. The 2021-10-27 Eurojust publication would be later but its capture carries no text, so it cites nothing on this row.

RECONSTITUTION not-reported. No usable record postdates this action day by a durable interval: the latest cited record is three days after it, well inside the fourteen-day window CODING.md excludes as durability evidence, and it speaks only to the continuing prosecution. The 2021 Eurojust publication that might have spoken to the aftermath is a nav shell (above). This is capture-quality silence rather than an affirmative one and should read as such in the statistics.

COUNT CONFLICTS recorded; none changes a cell. Proceeds: Eurojust calls the figure a profit estimate, ""The estimated profits totaled EUR 10.7 million."" (raw/press-releases/2020-11-11_eurojust_new-major-crackdown-on-fraud-with-illegal-use-of-pay-tv-signals.md:41), while the Polizia calls over ten million euros a seizure total, ""Sequestri per oltre 10 milioni di euro nei confronti di un’organizzazione criminale."" (raw/press-releases/2020-11-11_poliziadistato-it_pirateria-audiovisiva-5000-siti-perfect-storm.md:121), and the Hellenic release attributes its own ten-million figure to a Eurojust announcement rather than asserting it (gr raw:45-46). Servers: 5.550 taken down (raw/press-releases/2020-11-11_eurojust_new-major-crackdown-on-fraud-with-illegal-use-of-pay-tv-signals.md:39) against ""oltre 5.500 risorse informatiche"" of which transmission servers are one category (raw/press-releases/2020-11-11_poliziadistato-it_pirateria-audiovisiva-5000-siti-perfect-storm.md:127) against 5.500 (gr raw:44).

PARTICIPATING COUNTRIES ESTABLISHED FOR THIS COMPONENT: TEN -- Italy, Bulgaria, France, Germany, Greece, Lithuania, Netherlands, Romania, Slovenia, Sweden. Italy is the requesting and executing state, the ground operations being ""led by the Public Prosecutors Office (PPO) of Naples, the Guardia di Finanza, supported by a specialized unit of the Polizia di Stato"" (raw/press-releases/2020-11-11_eurojust_new-major-crackdown-on-fraud-with-illegal-use-of-pay-tv-signals.md:55). The other nine each have a NAMED prosecuting and/or police authority in the ""Assistance was provided by:"" roster at raw/press-releases/2020-11-11_eurojust_new-major-crackdown-on-fraud-with-illegal-use-of-pay-tv-signals.md:57-75, and Eurojust's own trailing metadata line agrees exactly: ""Participating countries:Bulgaria, France, Germany, Greece, Italy, Lithuania, Netherlands, Romania, Slovenia, Sweden"" (raw/press-releases/2020-11-11_eurojust_new-major-crackdown-on-fraud-with-illegal-use-of-pay-tv-signals.md:81). MALTA IS EXCLUDED: it appears only inside the sentence listing where servers were taken down (raw/press-releases/2020-11-11_eurojust_new-major-crackdown-on-fraud-with-illegal-use-of-pay-tv-signals.md:39) and inside the Hellenic release's description of where the network operated, ""Το εγκληματικό δίκτυο λειτουργούσε σε Ιταλία, Βουλγαρία, Γαλλία, Γερμανία, Λιθουανία, Μάλτα, Ρουμανία, Σλοβενία, Σουηδία, Ολλανδία και στη χώρα μας."" (gr raw:25) -- an infrastructure and crime footprint, with no Maltese authority named anywhere. GREECE IS INCLUDED even though it is absent from that takedown-location sentence: it has a full authority roster at raw/press-releases/2020-11-11_eurojust_new-major-crackdown-on-fraud-with-illegal-use-of-pay-tv-signals.md:65 and Eurojust says the EIO assistance ran in the listed countries ""provided rapid assistance with the execution of European Investigation Orders in the countries mentioned above, plus Greece"" (raw/press-releases/2020-11-11_eurojust_new-major-crackdown-on-fraud-with-illegal-use-of-pay-tv-signals.md:43), and the Hellenic Police release is itself the acting authority's own account. The Italian release's larger claim -- ""L’attività d’indagine è stata volta in 12 Paesi europei con il coordinamento dell’Agenzia europea Eurojust e in 5 Paesi extra Ue (Regno Unito, Usa, Russia, Ucraina e Svizzera)."" (raw/press-releases/2020-11-11_poliziadistato-it_pirateria-audiovisiva-5000-siti-perfect-storm.md:129) -- is about where investigative activity reached and names only the five non-EU states; the twelve European countries are a count, never a list, so no eleventh participant can be established from it.

CROSS-COMPONENT NOTE for the coordinator: the six countries established for the 2019 component (Italy, France, Netherlands, Germany, Bulgaria, Greece) are a proper subset of these ten, so the parent page's ten-country frontmatter list equals THIS component's roster and over-attributes Lithuania, Romania, Slovenia and Sweden to the 2019 action.

DEFECTS in the wiki source page for the Italian release, reported and not touched: wiki/sources/2020-11-11_poliziadistato-it_pirateria-audiovisiva-5000-siti-perfect-storm.md:29 says ""total 17 countries explicitly listed"" and page:33 claims 17 explicitly-named cooperating LE jurisdictions plus 12 EU partners, where the raw names only the five non-EU states (raw/press-releases/2020-11-11_poliziadistato-it_pirateria-audiovisiva-5000-siti-perfect-storm.md:129) -- the twelve are a count, not a list, and attivita d'indagine is not the same claim as cooperating LE jurisdictions. The same page:29 lists ""Sky (Italian + UK + German + Austrian variants)"" among the rightsholders, where the release says only ""riconducibili alle principali pay TV e servizi come Netflix, DAZN, Disney+"" (raw/press-releases/2020-11-11_poliziadistato-it_pirateria-audiovisiva-5000-siti-perfect-storm.md:131)."
REG-2020-0022,walk-2026-08-17,DTH-2,กรมสอบสวนคดีพิเศษ (DSI),le,1,https://www.dsi.go.th/th/Detail/d67af4e15a07b5318df144d6c9f7aa9f,2020-11-12,,2020-11-04,DSI ทลายเครือข่ายใช้เทคโนโลยีชั้นสูง ละเมิดลิขสิทธิ์ภาพยนตร์และถ่ายทอดสด,,iptv-service,,true,,independent,,thailand,thailand,กรมสอบสวนคดีพิเศษ; กองคดีเทคโนโลยีและสารสนเทศ (กองคดีไซเบอร์); บริษัท ทรูวิชั่นส์ กรุ๊ป จำกัด; สมาคมผู้สร้างภาพยนตร์แห่งสหรัฐอเมริกา (MPA),domestic,,false,,true,coder,arrest-search; hosting-takedown,true,,false,"date_source: 'เผยแพร่: 12 พ.ย. 2563' (BE 2563 = 2020); action_date 4 Nov 2020 ('เมื่อวันที่ 4 พฤศจิกายน 2563'). Thailand only; DSI (cyber division) executes; TrueVisions Group and the MPA are named as the injured parties/complainants -> counted as named rights-holders (REGISTER: named rights-holder counts; if the coordinator reads them as victim-only, this is domestic). Modality: searches of 4 premises (web admins/system admin + server-hosting provider), 5 streaming servers + phones/laptops/bank books/ATM cards seized, sites skyhdbox.com, kingiptv.info, hdlive.site ceased service -> arrest-search + hosting-takedown; the wholesale signal supplier streamingcheap.com also had its transmission suspended. Judicial: no arrests stated (searches only) -> not-reported; 'ดำเนินคดีกับผู้จัดทำระบบ ... streamingcheap.com' (legal action taken against the operator) -> indictments pending (Thai ดำเนินคดี = initiate proceedings; count unstated; referral-inferred); for the three sites, prosecution is stated as future ('จะได้ ... สอบสวนเพื่อดำเนินคดี') -> not counted. RELATED ACTION: this raid is the follow-up ('ขยายผล') of DSI's 21 Oct 2020 raids (9 points, 11 servers) after which the operators told members they had RENAMED kingiptv.cc -> kingiptv.info, doohdbox.com -> skyhdbox.com, hdplay.tv -> hdlive.site -- that is successor-named reconstitution evidence for the 21 Oct 2020 action (candidate TH-3 in another slice, per the candidate table 'same-day pair'), NOT for this row (it predates this action); for THIS row's targets no post-4-Nov status is given -> not-reported. Revenue THB 5-7m/month from subscriptions. Publish date is 8 days after the action (announcement-time). [2026-08-17 coordinator: stratum cooperative->domestic by the states-only rule (DE CODEBOOK s.3 v1.11+); coder's value kept as stratum_as_coded] [2026-08-19 reverse pending screen] indictments: pending -> not-reported. The recorded quote's subject is DSI itself: 'krom sopsuan khadi phiset yang samat ... damnoen khadi' -- the agency taking legal action, and the other judicial-sounding sentence is prospective and equally self-directed. DSI's officers are phanakngan sopsuan khadi phiset (inquiry officials), not phanakngan aiyakan (public prosecutors). The capture contains ZERO occurrences of phanakngan aiyakan, song samnuan, sang fong or saan. Police-only release naming no prosecutor or court."
REG-2020-0023,walk-2026-08-17,DTH-3,กรมสอบสวนคดีพิเศษ (DSI),le,1,https://www.dsi.go.th/th/Detail/46b7686a180b2aa7344d9933d4d9c543,2020-11-12,,2020-10-21,DSI ตรวจค้นยึดหลักฐานตัดเครือข่ายละเมิดลิขสิทธิ์และการพนันออนไลน์,,iptv-service,,true,"pirate streaming system (films, live football, live shows) sold to subscription websites — ufoiptv.com, xtream4k.com, iptvhero.com, hdplay.tv, doohdbox.com, kingiptv.com, streamingheap.com, goalclub.tv, doofix.tv, fintv.online; 11 servers seized at colocation hosts",independent,,thailand,thailand,กรมสอบสวนคดีพิเศษ; กองคดีเทคโนโลยีและสารสนเทศ; ศูนย์ปฏิบัติการคดีพิเศษเขตพี้นที่ 5 (เชียงใหม่),domestic,,false,,false,none,arrest-search; hosting-takedown,true,,false,"Expansion raid (2020-10-21, 9 targets incl. 3 Bangkok colocation providers, 11 streaming servers seized) of DSI special case 5/2562; released 2020-11-12 (เผยแพร่ 12 พ.ย. 2563). No arrests stated (searches with IP&IT Court warrants). Reconstitution coded no-reconstitution-reported on the release's statement that the network's websites 'had to shut down' as a result — dated 22 days after the raid, but it is a closure statement, not an explicit re-check (borderline; coordinator may downgrade to not-reported). TrueVisions Group and MPA named as victims only. All executing units are DSI (central bureau + regional special-case centres 5 and 6) -> domestic. Same-day sibling release TH-2 (2020-11-12, action 2020-11-04, films + live sport) is a different action in another slice."
REG-2020-0024,ic,europol-ios-xi-counterfeit-piracy-21910-domains-takedown-2020,Europol,igo,1,https://www.europol.europa.eu/media-press/newsroom/news/operation-in-our-sites-takes-down-21-910-websites-selling-counterfeit-goods,2020-11-30,,,Operation In Our Sites takes down 21 910 websites selling counterfeit goods,capture,iptv-service,pool-default,true,IC census row: pool tag illegal-iptv-ic; medium defaults to iptv-service (re-read as found),independent,,albania; austria; belgium; bulgaria; bosnia-and-herzegovina; colombia; czech-republic; denmark; france; greece; hungary; hong-kong; ireland; italy; netherlands; peru; south-korea; moldova; serbia; romania; slovakia; spain; portugal; ukraine; united-kingdom; united-states,albania; austria; belgium; bulgaria; bosnia-and-herzegovina; colombia; czech-republic; denmark; france; greece; hungary; hong-kong; ireland; italy; netherlands; peru; south-korea; moldova; serbia; romania; slovakia; spain; portugal; ukraine; united-kingdom; united-states,(wiki participating_agencies #1); (wiki participating_agencies #2); (wiki participating_agencies #3),cooperative,wiki-fields,false,,true,wiki-flag,domain-seizure,true,,false,"converted from paper2/coding/europol-ios-xi-counterfeit-piracy-21910-domains-takedown-2020.json (coder agent-w1-4, 2026-08-13); date_source=raw-frontmatter; source_of_record=raw/press-releases/2020-11-30_europol_in-our-sites-xi-21910-websites-counterfeit-piracy-takedown.md; tier_basis=raw-dir:press-releases; other_cited_captures=0; quotes are the cited lines as of the coding date; stratum from wiki fields (participating_countries=26, participating_agencies=3); official_release_sourced=True. Capture tier: USABLE — verbatim release body extracted from the Europol React SPA's window.SERVER_DATA JSON (raw:29-54), not a SPA shell. Modality: domain-seizure from the record's own verb — LE authorities ""have seized together with Europol and the US National Intellectual Property Rights Coordination Centre over 21 910 domain names offering counterfeit and pirated items over the internet"" (raw:29). AGGREGATION PROBLEM (per instruction): the record does not separate streaming/piracy domains from counterfeit-goods domains — the 21,910 figure is a single aggregate covering storefronts for physical counterfeits (pharmaceuticals, cosmetics, perfumes, clothing, detergent, condoms) AND digital piracy (""pirated films, illegal television streaming, music, software"", raw:29); no per-crime-type or per-country breakdown exists, so the domain action is coded as stated with no IPTV-specific quantum extractable. Second aggregation/taxonomy gap: ""More than €2.5 million worth of such products have been seized"" (raw:29) with itemised physical-goods counts (raw:37-42) — counterfeit merchandise seizure has no modality code: it is not asset-seizure (not a proceeds freeze/forfeiture) and no raid/search against persons or premises is stated to hang it on arrest-search; flagged as a taxonomy gap (same family as the fase-7 pilot's deindexation gap, which v2 fixed with content-delisting; a contraband/goods-seizure code is still absent). Judicial: the release states no arrests, charges, convictions, or sentences (only seizure metrics) — all four stages not-reported; operation-page frontmatter arrests: 0 / indictments: 0 are seeds, and its own missing_fields lists arrests and indictments as gaps. Reconstitution: nothing post-action is stated for the seized domains; the release's remark that criminals are ""deleting their internet tracks in a very short period of time"" (raw:33) is a general threat characterisation, not evidence about these 21,910 domains — not-reported. latest_record_date 2020-11-30 (datePublished 2020-11-30T07:00:01+00:00, raw:17; dateModified 2023-03-21 is a site edit, byline governs). Roster note: the opener ""26 EU Member States and third parties"" conflicts with the enumerated 26-jurisdiction mixed EU/non-EU participating-countries list (raw:46); the capture's own provenance note documents this (raw:62) and the enumerated list is treated as authoritative by the operation page. Corpus search (In Our Sites / IOS XI / 21 910 / 21,910): other IOS iterations' sources and the EUIPO/IPEC report-series pages match on the series name only — neither report-series page mentions IOS XI or its figure; no uncited in-corpus source about IOS XI — no linkage gap."
REG-2020-0025,walk-2026-08-17,CC4-15,DINAPI | Dirección Nacional de Propiedad Intelectual,ministry-regulator,1,https://www.dinapi.gov.py/portal/v3/noticias/detalle-noticia?idNoticia=82,2020-12-07,,2020-12-07,DINAPI detecta comercialización de receptores que presumiblemente transgreden la propiedad intelectual,,isd-retail,,true,,independent,,paraguay,paraguay,Dirección de Observancia de la DINAPI; Policía Nacional; Unidad Especializada en Hechos Punibles contra la Propiedad Intelectual (Ministerio Público); TELECEL S.A,domestic,,false,,false,none,arrest-search,true,,false,"publish_date from the page dateline '07-12-2020' (dd-mm-yyyy); action 'este lunes' = Monday 2020-12-07 (the release date is a Monday). Raid on the TECNO SHOP retail premises in Villa Elisa selling TV boxes giving unauthorised access to encoded channels incl. Tigo Sport; 34 devices seized. Cooperative on orgs: DINAPI Dirección de Observancia, Policía Nacional and the Ministerio Público's specialised IP unit (prosecutor Carmen Gubetich de Cattoni directed the procedure) all took part; TELECEL S.A. (Tigo) filed the complaint (named rights-holder complainant - flag 'complainant-counted'; the row is cooperative without it). indictments=pending: complaint formalised before the Ministerio Público and a prosecutor-directed procedure with a judicial order (PY criminal complaint stage; referral-inferred, weak). No arrests stated. isd-retail medium. No durability statement. [STRATUM recomputed under REGISTER.md as revised 2026-08-17 (states only; organisation counts play no part): countries_executing=['paraguay'] -> domestic; first-pass value under the old orgs clause was 'cooperative' - the org-count/'complainant-counted'/'same-force-units' remarks above are now descriptive only (private_named covariate).]"
REG-2020-0026,walk-2026-08-17,B23,Policía Nacional,le,1,https://www.policia.es/_es/comunicacion_prensa_detalle.php?ID=8302,2020-12-28,,,La Policía Nacional desarticula un grupo delictivo dedicado a la distribución ilegal de contenidos audiovisuales,,iptv-service,,true,,follow-on:B6,,spain,spain,Policía Nacional,domestic,,false,,false,none,arrest-search; hosting-takedown; asset-seizure; content-delisting; payment-disruption,false,unit=follow-on:B6,false,"FETCH: policia.es cookie wall; text via cookies_set.php POST in-session (see B12). publish_date from dateline '28/12/20'; no action date given (two phases, undated). arrests n=8 = 6 (phase 1, Córdoba/Málaga/Valencia/Zamora) + 2 (phase 2, Murcia), matching the headline 'Ocho personas han sido detenidas'; a third person 'se investiga' (not arrested, not charged). Modality: hosting-takedown on cutting the signal and the two IPTV administration panels; asset-seizure on 'bloqueo y el embargo preventivo de cuatro cuentas, con más de 145.000 euros'; content-delisting on closing the closed social-network groups; payment-disruption on 'bloqueando diversas cuentas de pago' (payment accounts blocked in phase 1). Beneficio 160.000 euros. Domestic: Spain only, Policía Nacional only named organisation. No court stage/durability statements. FOLLOW-ON (2026-08-19, cross-row duplicate screen): this release says of its own operation ""El operativo policial se ha dividido en dos fases"" and describes the first as six arrests and five searches across Cordoba, Malaga, Valencia and Zamora -- which is B6's action (B6: seven arrested in Zamora, Salamanca, Cordoba, Valencia and Malaga; both releases give the same 15.000 users and the same identity-usurpation and payment-account signatures). Its `n=8` is the operation total across both phases, so counting both rows as actions reported fifteen arrests for eight people. Merged: the builder's precedence takes the larger count, which is the operation total the police state, and records the collision. `follow_on_distinct` is NOT set, for exactly that reason."
REG-2021-0001,walk-2026-08-17,DTW-5,內政部警政署刑事警察局,le,1,https://www.cib.npa.gov.tw/ch/app/news/view?module=news&id=1885&serno=294cabfc-b0c5-46f2-a51f-be38274486d7,2021-02-05,,,執行【淨頻專案】掃蕩非法OTT機上盒及竊訊機房，成果斐然,,hybrid,,true,,independent,,taiwan,taiwan,刑事警察局電信偵查大隊; 保安警察第二總隊刑警大隊; 臺灣桃園地方檢察署; 臺灣臺中地方檢察署; 中華民國衛星廣播電視事業商業同業公會; 日本一般社團法人內容產品海外流通促進機構(Content Overseas Distribution Association，簡稱CODA),domestic,,false,,true,coder,arrest-search; hosting-takedown,true,,false,"URL: the candidate table gave a truncated '…serno=' URL; reconstructed with the CIB news base path (module=news&id=1885) and fetched successfully. date_source: '發布日期：110-02-05' (ROC 110 = 2021). action_date null ('經多月偵查' -- searches undated; project launched 'earlier this year'). Taiwan only executes; Japan is named only via CODA/Japanese broadcasters (victims/complainant body), China only as manufacturing origin -> not roles. Named organisations with roles: CIB Telecom Investigation Brigade + Second Special Police Corps (recipients of the complaints, executing), Taoyuan and Taichung District Prosecutors (directing), the satellite-TV trade association and CODA (complainants) -> cooperative. NOTE the release's closing '查獲單位' line names 臺灣宜蘭地方檢察署 / 偵查第四大隊 / 宜蘭縣警 -- inconsistent with the body (Taoyuan/Taichung prosecutors, Telecom Brigade); looks like a template leftover; not counted. Judicial: 9 named suspects '查獲' (2 New Taipei dealer/server room, 1 Taoyuan dealer, 6 Taichung) -> arrests n=9 derived-from-enumeration (查獲 = caught/identified, custody not stated -- caveat; the arrests quote is the last enumerated name, the list runs '林○○(38歲)、尤○○(40歲)' ... '黃○○(45歲)'); reported to prosecutors for direction -> indictments pending (referral-inferred). Modality: 18 premises searched (dealers + server rooms), 778 boxes and 9 signal-theft servers seized -> arrest-search + hosting-takedown; a website guiding illegal-app installation was found (no action verb) -> not coded. Medium hybrid: OTT boxes (ISD retail) fed by domestic signal-theft server rooms. Infringement value > NT$1bn. Dedup: no Taiwan 2021 record in either repository (the IC CODA page mentions 'coda-cj.jp/en/news/186 (2021, ~11 arrests)' as un-ingested context; the candidate table pairs this with candidate JP-12 = CODA's release of the same action -> the register should keep ONE row with this CIB release as source). [2026-08-17 coordinator: stratum cooperative->domestic by the states-only rule (DE CODEBOOK s.3 v1.11+); coder's value kept as stratum_as_coded] [2026-08-18 coordinator, re-read (4 verifiers, CODING v4): arrests quote re-anchored (value n=9 unchanged): the old quote was one name/age; the release's '查獲嫌犯' field enumerates the nine (n=9 derived-from-enumeration of that field)]"
REG-2021-0002,walk-2026-08-17,DTH-4,กรมสอบสวนคดีพิเศษ (DSI) กระทรวงยุติธรรม,le,1,https://www.dsi.go.th/th/detail/350e6966251a5dbe7dfc57f07c634a3d,2021-02-08,,2021-02-04,DSI บุกทลายเว็บไซต์ fwiptv.cc เครือข่ายหนังละเมิดลิขสิทธิ์รายใหญ่ของประเทศ,,iptv-service,,true,"fwiptv.cc: paid-membership (300 THB/month) site retransmitting True Visions channels, foreign films and Premier League live matches; >700k monthly views",independent,,thailand,thailand,กรมสอบสวนคดีพิเศษ; สถาบันนิติวิทยาศาสตร์; บริษัท ทรู วิชั่นส์ กรุ๊ป จำกัด; สมาคมผู้สร้างภาพยนตร์แห่งสหรัฐอเมริกา (MPA); เดอะฟุตบอล แอสโซซิเอชั่น พรีเมียร์ลีก ลิมิเต็ด,domestic,,false,,true,keywords,arrest-search; hosting-takedown,true,,false,"date_source: 'เผยแพร่: 8 ก.พ. 2564' (BE 2564 = 2021); raid on 4 Feb 2021 (special case 33/2563). Same target lineage as the held 2025 page (INWIPTV, 'previously FWIPTV', Operation DEV Shutdown 2025-09-21) but a DIFFERENT enforcement action four years earlier -> independent row; verdict possible-dup flags the lineage. Reconstitution: this release says nothing post-action (the FWIPTV->INWIPTV succession is known only from the 2025 wiki page, so not coded here). No arrests/charges stated (equipment seized 'to prosecute offenders further'). Named orgs: DSI, Central Institute of Forensic Science (joined the raid), and three complainant rights-holders (True Visions, MPA, Premier League) -> cooperative under the org-count rule; local police generic. hosting-takedown coded on seizure of the signal-interception/retransmission equipment at the main site (borderline: no server-seizure verb; the title says 'บุกทลาย' = raid/dismantle). [STRATUM RECOMPUTED 2026-08-17: REGISTER.md was revised mid-slice to the states-only rule (organisation counts play no part); this row was first coded cooperative on the org-count reading described above and is now domestic because countries_executing=1.] [2026-08-17 coordinator, codex IC reg1: possible-dup -> new. Same target lineage (FWIPTV -> INWIPTV) but a different enforcement action four years before the held 2025 Operation DEV Shutdown row; independent action, lineage kept in notes]"
REG-2021-0003,walk-2026-08-17,B24,Policía Nacional,le,1,https://www.policia.es/_es/comunicacion_prensa_detalle.php?ID=8448,2021-02-19,,,La Policía Nacional desmantela una organización dedicada a la venta ilícita de televisión de pago por Internet,,iptv-service,,true,,independent,,spain,spain,Policía Nacional,domestic,,false,,false,none,arrest-search,true,,false,"fetch: tools/fetch_text.py alone returns the 78-word policia.es cookie-consent shell (L57; wayback and jina failed); re-fetched in a curl_cffi session after POST /cookies_set.php (rung curl_cffi+cookies_set), text coded from that. date_source: dateline '19/02/21'. action_date not stated. Only Policía Nacional named; complainant unnamed ('una denuncia'); no court or prosecutor named -> single organisation, single state -> domestic. IPTV provider in Mataró + 4 resellers (Narón x3, Madrid x1); ~20,000 end users; 5 detained. Items seized in searches (10 decoders, phones, computers, 28 Ethereum, EUR 1,250 cash) are listed as intervenidos in the registros -- coded as part of arrest-search, not asset-seizure, because the release frames them as items intervened in the searches (evidence), not a freeze/forfeiture; coordinator may re-code the Ethereum as asset-seizure. Note the release itself has the typo 'critpodivisas' in the body (quoted as written). No infrastructure blocking/domain action stated (the signal infrastructure was 'localizada' in the Mataró home; no shutdown verb)."
REG-2021-0004,walk-2026-08-17,CC2-10,Policja (KWP w Poznaniu),le,1,"https://policja.pl/pol/aktualnosci/200171,18-latek-odpowie-za-nielegalny-streaming.html",2021-02-26,,2020-11-25,18-latek odpowie za nielegalny streaming,,live-sports-stream,,true,,independent,,poland,poland,Wydziału do walki z Cyberprzestępczością Komendy Wojewódzkiej Policji w Poznaniu,domestic,,false,,false,none,arrest-search,true,,false,"date_source: 'Data publikacji 26.02.2021'. action_date 2020-11-25 ('zatrzymany 25 listopada' -- year 2020 inferred: case opened September 2020, release February 2021). Domestic: only the Poznań police unit named; complainant is 'organizator imprez sportowych'/'właściciel platformy internetowej' unnamed; 'Prokurator' generic. Target: an 18-year-old restreaming paid live sports-event broadcasts to thousands via purchased domains advertised on social media/forums (loss ~PLN 4m); foreign servers used but no foreign authority. Polish 'usłyszał zarzuty' = the suspect was formally presented with charges (postanowienie o przedstawieniu zarzutów, a charging act in the preparatory proceedings) -> counted under indictments as a filed charge; readers can re-map (CODING Column 2 non-common-law note). He confessed; prosecutor imposed police supervision and bail (pre-trial measures, arrest stage). 'kilkanaście innych osób' aged 13-20 identified as accomplices; minors to face family court -- future, not counted. No domain seizure or blocking stated (he bought domains; no action on them reported)."
REG-2021-0005,ic,mobdro-illegal-streaming-takedown-2021,Correio da Manha,other,2,https://www.cmjornal.pt/portugal/detalhe/pj-envolvida-em-operacao-que-acabou-com-o-mobdro-maior-plataforma-de-tv-pirata-na-internet,2021-03-09,,,"PJ envolvida em operacao que acabou com o 'Mobdro', maior plataforma de TV pirata na Internet",capture,iptv-service,pool-default,true,IC census row: pool tag illegal-iptv-ic; medium defaults to iptv-service (re-read as found),independent,,spain; portugal; czechia; andorra,spain; portugal; czechia; andorra,(wiki participating_agencies #1); (wiki participating_agencies #2); (wiki participating_agencies #3); (wiki participating_agencies #4); (wiki participating_agencies #5),cooperative,wiki-fields,false,,false,none,arrest-search; hosting-takedown,false,publisher_type=other,false,"converted from paper2/coding/mobdro-illegal-streaming-takedown-2021.json (coder agent-pilot-B, 2026-08-13); date_source=raw-frontmatter; source_of_record=raw/news/2021-03-09_cmjornal-pt_pj-envolvida-em-operacao-que-acabou-com-o-mobdro.md; tier_basis=raw-dir:news; other_cited_captures=0; quotes are the cited lines as of the coding date; stratum from wiki fields (participating_countries=4, participating_agencies=5); official_release_sourced=True. CAPTURE-UNUSABLE x2: (1) raw/press-releases/2021-03-09_eurojust_spanish-action-illegal-streaming-football-matches.md — Extracted Text is a Wayback banner plus Eurojust site navigation (same shell pattern as the 2020 Eurojust capture, ends at '20 years of Eurojust: anniversary essays'); release body absent despite text_status: parsed. (2) raw/press-releases/2021-03-11_premierleague-com_league-helps-shut-down-streaming-app-mobdro.md — Extracted Text is Premier League site navigation only (word_count 74); body absent. The ingest-authored digest paragraphs at the top of both raw files were not cited. The only usable capture is Correio da Manha. Modality: arrest-search — CM:292 'Foram detidas quatro pessoas (três em Espanha e uma em Andorra).' (detentions in the raid action; the Eurojust-derived 'Four places were searched.' sits only at op page line 124 and was not separately cited). hosting-takedown — CM:290 'Não houve qualquer detido em Portugal, mas foi localizado um servidor no nosso País. Naturalmente, foi desativado e tanto os dados informáticos lá guardados como o ‘hardware’, foram apreendidos.' (Portugal-hosted server deactivated, data and hardware seized). The Eurojust-derived 'Upload routes through Spain, Portugal, and the Czech Republic were blocked or placed under investigation.' (op page line 125) has no usable capture and was treated as the same infrastructure-disruption event, NOT coded as blocking-order (it is not DNS/ISP subscriber-side blocking). CM:292 also names the action: 'A ‘Operação Streamblock’ decorreu a pedido das autoridades espanholas'. JUDICIAL CONTRADICTION (borderline call): arrests coded n=1:page-only from op page line 122 '- One suspect was arrested in Spain.' (Eurojust-derived; Eurojust distinguishes 1 arrested vs 3 questioned in Spain and Andorra), but the only USABLE capture states FOUR detained — CM:292 'Foram detidas quatro pessoas (três em Espanha e uma em Andorra).' 'Detidas' plausibly lumps arrest with detention-for-questioning; the official coordinator's count was preferred, against the citation ladder's raw-first preference. CODING.md has no tie-break rule for when the citation-surface ladder (raw capture preferred) and record reliability (tier-1 official vs tier-2 press) point at different counts — protocol defect flagged. Reconstitution no-reconstitution-reported (borderline): CM:290 'Milhões de pessoas que até há um mês usavam a aplicação Mobdro para assistir de forma ilegal a conteúdos televisivos pagos ficaram sem acesso a esse serviço.' affirms the service remained inaccessible for the ~1 month between the shutdown and the report; the manual defines no minimum durability window and does not say whether announcement-lag down-status counts as 'stayed down' — flagged. latest_record_date 2021-03-09 = latest CITED record (Eurojust action-day record and CM are both 2021-03-09); the Premier League record (2021-03-11) was read but is uncited (capture unusable; its claims are not load-bearing) — the manual's 'latest cited record' rule makes right-censoring depend on citation choices rather than on records consulted, flagged as ambiguity."
REG-2021-0006,de,DOM-2021-1004,Generalstaatsanwaltschaft Bamberg — Zentralstelle Cybercrime Bayern (Bayerisches Staatsministerium der Justiz),prosecutor,1,https://www.justiz.bayern.de/gerichte-und-behoerden/generalstaatsanwaltschaft/bamberg/presse/2021/5.php,2021-03-11,,,Zentralstelle Cybercrime Bayern erhebt Anklage wegen Cardsharing-Geschäftsmodell gegen 30-Jährigen aus Rosenheim,,cardsharing,,true,"cardsharing reseller of a pay-TV provider's control words, 700+ counts, indictment stage",independent,,germany; bosnia-and-herzegovina,germany,Zentralstelle Cybercrime Bayern; Kriminalpolizeiinspektion Rosenheim; Generalstaatsanwaltschaft Bamberg; Landgericht München II,domestic,,false,,false,none,end-user-action,true,,false,"Agrees with DE domestic. Bosnia and Herzegovina is named only as the origin of persons who supplied cardsharing servers ('von Personen aus Bosnien und Herzegowina') — supply chain, no foreign authority or request, so listed in countries_named but not executing. Action date (indictment filing) not stated; null. No infrastructure action stated against the accused; the single modality code end-user-action rests on the customers (betting shops, restaurants) being prosecuted in separate proceedings and partly convicted — those customer convictions are uncounted and NOT put in the convictions cell, which concerns the accused (pending admission of the indictment). Instrument counts in notes: 103 counts gewerbsmäßiger Computerbetrug + 630 attempted. Accused confessed in the Ermittlungsverfahren. Pay-TV operator unnamed. Word count includes capture frontmatter/extraction notes; quotes from Extracted Text only."
REG-2021-0007,walk-2026-08-17,DTW-4,內政部警政署刑事警察局 (CIB),le,1,https://www.cib.npa.gov.tw/ch/app/news/view?module=news&id=1885&serno=39c53a44-2e15-46fa-85a5-5f5a37f85a9d,2021-04-29,,2021-04-07,刑事局偵破「號稱」臺灣開發追劇神器TvPay非法影視平臺,,iptv-service,,true,,independent,,taiwan; japan,taiwan,臺灣新北地方檢察署; 刑事警察局電信偵查大隊(第三隊); 新北市警局刑大科偵隊; 保二總隊刑事警察大隊; 日本一般社團法人內容產品海外流通促進機構（簡稱CODA）; 中華民國衛星廣播電視事業商業同業公會,domestic,,false,,true,keywords,arrest-search; hosting-takedown,true,,false,"URL: the candidate table gave only the serno; the CIB news view URL was reconstructed as module=news&id=1885&serno=<serno> (id=1885 is the CIB '破案快訊' listing id used by TW-1) and it resolved to this article. publish_date '發布日期：110-04-29' (ROC 110 = 2021); action '查獲時間：110年4月7日' -> 2021-04-07. Cooperative on orgs: New Taipei District Prosecutors Office (directed), CIB telecom investigation brigade (3rd team), New Taipei police cyber unit, Second Special Police Corps (保二總隊 保智大隊) - joint task force - plus the two named complainant rights-holder bodies CODA (Japan; on behalf of Fuji TV/NTV/TBS/WOWOW/TV Asahi, cross-border complaint) and the ROC Satellite TV Association (on behalf of 11 named Taiwanese channels) - flag 'complainant-counted'; the row is cooperative without them. Japan is named only through CODA/the Japanese broadcasters (countries_named, no Japanese authority). Target 'TvPay' OTT/IPTV platform (app + set-top boxes, NT$66-82/month, ~84,683 videos; infringement est. >NT$480M). arrests n=7 is FLAGGED: '查獲...7名嫌犯/涉嫌人' = seven suspects apprehended in the raid (TW usage; not stated as formal 逮捕/拘提) - downgrade to yes-uncounted if 查獲 is not accepted as arrest. indictments=pending: case reported to and directed by the New Taipei prosecutors (prosecutor-led investigation, referral-inferred). hosting-takedown: 15 host computers + 22 cloud servers + backend code seized; 468 set-top boxes seized (evidence). Part of CIB's 2021 '淨頻專案' campaign (umbrella; TW-2 is a separate wave). No court stage/durability statement. [STRATUM recomputed under REGISTER.md as revised 2026-08-17 (states only; organisation counts play no part): countries_executing=['taiwan'] -> domestic; first-pass value under the old orgs clause was 'cooperative' - the org-count/'complainant-counted'/'same-force-units' remarks above are now descriptive only (private_named covariate).] [2026-08-18 coordinator, codex IC reg2: arrests n=7 KEPT: '查獲嫌犯：蕭○○（男）等7名嫌犯' is the CIB apprehended-suspects field (CODING v4: 查獲/검거 = apprehension; 到案 is not)]"
REG-2021-0008,de,DOM-2021-1001,Polizia di Stato (Polizia Postale),le,1,https://www.poliziadistato.it/articolo/38609e47c5e5d85944921361,2021-05-14,,,Postale: 45 indagati per streaming illegale di programmi Tv,,iptv-service,,true,"operation 'Black Out': pyramidal IPTV association, ~1.5 million subscribers, Messina 'centrale' handling ~80% of Italian illegal IPTV flow",independent,,italy,italy,Polizia postale; Polizia postale di Catania; Servizio Polizia postale e delle comunicazioni,domestic,,false,,false,none,arrest-search; hosting-takedown; asset-seizure,true,,false,"Agrees with DE domestic: 11 regional Postal Police compartments in 18 provinces, no foreign authority named. Capture (2026-07-28, DE) has no '## Extracted Text' heading; the release body follows the frontmatter and carries no headline, so title_original is the page title from the capture frontmatter without the ' | Polizia di Stato' suffix. 'Oscurati un milione e mezzo di utenti' is service interruption experienced by users — NOT end-user-action. asset-seizure: cash 'per decine di migliaia di euro frutto dell'attività illecita' (proceeds). indictments=pending: 45 indagati (IT pre-charge). Sky, DAZN, Mediaset, Netflix named as victims only. No date of execution given. IC repo holds an AAPA award source mentioning Black Out (wiki/sources/2021-12-14_poliziadistato-it_aapa-4th-anti-piracy-award-italy-operation-black-out.md) but no operation page. Word count includes capture frontmatter."
REG-2021-0009,walk-2026-08-17,CC4-14,Instituto Nacional de Defensa de la Competencia y de la Protección de la Propiedad Intelectual (Indecopi),ministry-regulator,1,https://www.gob.pe/institucion/indecopi/noticias/494864-el-indecopi-logra-bloqueo-de-17-sitios-web-ilegales-que-permitian-descargas-de-obras-y-transmision-de-eventos-deportivos,2021-05-25,,,El Indecopi logra bloqueo de 17 sitios web ilegales que permitían descargas de obras y transmisión de eventos deportivos,,live-sports-stream,,true,release bundles two sets of blocking orders: 10 stream-ripping sites (ex officio; OUT of scope -- not streaming/IPTV) and 5 football restreaming sites (at La Liga's request; IN scope). Row kept in scope for the sports-streaming component; medium reflects that component only,independent,,peru,peru,Indecopi; La Liga Nacional de Fútbol Profesional (La Liga),domestic,,false,,true,keywords,blocking-order,true,,false,"date_source: 'Indecopi 25 de mayo de 2021 - 10:42 a. m.'. Two distinct sets of precautionary orders in one release: Resoluciones 149-2021 and 152-2021/CDA-INDECOPI (10 stream-ripping sites, ex officio, out of scope) and Resoluciones 120/121/122/129/130-2021/CDA-INDECOPI (5 sports restreaming sites, La Liga request, dynamic blocking). needs_review: the coordinator may prefer to (a) treat the sports component alone as the row (as coded), or (b) exclude the release as a mixed bundle. La Liga counted as named rights-holder applicant -> cooperative under the org-count rule. UNIMPRO is mentioned only for an earlier 2020 Y2Mate.com order (history). ISPs are compelled intermediaries, not counted. Corpus 'stream-ripping' hits are USTR/EC watch-list sources, unrelated to this order. [STRATUM RECOMPUTED 2026-08-17: REGISTER.md was revised mid-slice to the states-only rule (organisation counts play no part); this row was first coded cooperative on the org-count reading described above and is now domestic because countries_executing=1.] [2026-08-18 coordinator, re-read (4 verifiers, CODING v4): needs_review cleared: option (a) confirmed -- the release bundles ex-officio orders against 10 stream-ripping sites (out of medium) with La Liga's application against 5 football restreaming sites (in scope); medium scoped to the sports component; any site count from this row is 5, not the title's 17]"
REG-2021-0010,walk-2026-08-17,CC4-4,Agência Nacional do Cinema – ANCINE (gov.br/ancine),ministry-regulator,1,https://www.gov.br/ancine/pt-br/assuntos/noticias/ancine-participa-de-acao-de-combate-a-pirataria-em-sao-paulo,2021-06-11,,2021-06-11,ANCINE participa de ação de combate à pirataria em São Paulo,,isd-retail,,true,,independent,,brazil,brazil,"Agência Nacional do Cinema – ANCINE; Secretaria de Direitos Autorais e Propriedade Intelectual (Secretaria Especial da Cultura do Ministério do Turismo); 1ª DIG do Departamento Estadual de Investigações Criminais – DEIC, da Polícia Civil de São Paulo",domestic,,false,,false,none,arrest-search,true,,true,"publish_date 'Publicado em 11/06/2021 21:20' (modified 04/11/2022); action 'nesta sexta-feira, 11 de junho' = 2021-06-11. Operação 'Sem Sinal' (São Paulo): warrants at ~56 addresses selling pirate/contraband TV boxes; >500 TV boxes and 9 computers seized. Cooperative on orgs: DEIC/Polícia Civil SP coordinated, ANCINE and the federal SDAPI participated (all named with a role); Brazil only. 30 people 'foram conduzidas a delegacias' (taken to police stations on the action day) -- PRIOR CODE arrests n=30 by the first coder, withdrawn 2026-08-18 under CODING v4 (brought-in is not an arrest); now not-reported. they 'responderão a inquéritos' -- PRIOR CODE indictments pending, withdrawn 2026-08-17 (police inquiries; BR pre-charge, referral-inferred, weak). No durability statement. [STRATUM recomputed under REGISTER.md as revised 2026-08-17 (states only; organisation counts play no part): countries_executing=['brazil'] -> domestic; first-pass value under the old orgs clause was 'cooperative' - the org-count/'complainant-counted'/'same-force-units' remarks above are now descriptive only (private_named covariate).] [2026-08-17 coordinator, codex IC reg1: indictments pending -> not-reported. 'responderão a inquéritos' = will answer to police inquiries (inquérito policial, police-led, pre-charge); CODING.md pending floor requires a proceeding at or beyond the stage stated in the release's own words or prosecutor-led language, and the coder's own note called the inference weak. arrests n=30 ('conduzidas a delegacias') stays as coded and is flagged for the human re-read (action-day conduction to a station vs arrest)] [2026-08-18 coordinator, re-read (4 verifiers, CODING v4): arrests n=30 -> not-reported under CODING v4 (arrest verbs only): '30 pessoas foram conduzidas a delegacias' = brought to police stations; the release has no preso/detido/prisão for anyone. Brought-in count 30 kept here in notes. Row is now judicially silent]"
REG-2021-0011,walk-2026-08-17,B25,Policía Nacional,le,1,https://www.policia.es/_es/comunicacion_prensa_detalle.php?ID=9085,2021-06-22,,,Desarticulada una organización que emitía señal ilícita de televisión de pago por Internet a más de 3.000 usuarios,,iptv-service,,true,"IPTV provider + resellers, ~3.000 users",independent,,spain,spain,Policía Nacional; Telefónica; ACE -Alliance for creativity and Entertainment-,domestic,,false,,true,coder,arrest-search,true,,false,"IC repository holds a SOURCE page for this very release (raw capture 1173 words, 2026-05-31) but no operation/case page cites it — the action is not a held row, so it is new to the register; verdict possible-dup only to make the held source visible. 'A los detenidos se les imputan delitos...' = accusation at arrest, not a charging instrument -> indictments not-reported. Cooperative on the orgs rule (Telefónica + ACE named complainants); single state. [promoted 2026-08-17: coded against the cookie-unlocked policia.es text; fetch rung curl_cffi+cookies_set] [2026-08-17 coordinator: stratum cooperative->domestic by the states-only rule (DE CODEBOOK s.3 v1.11+); coder's value kept as stratum_as_coded] [2026-08-17 coordinator, codex IC reg1: possible-dup -> new. The match is the IC repository's SOURCE page for this very release; no IC operation or DE action row exists for it, so this register row is the only row for the action] [2026-08-18 coordinator, re-read (4 verifiers, CODING v4): needs_review cleared: dedup adjudicated (new); coding verified -- 'A los detenidos se les imputan delitos' is accusation-at-arrest in a police release, indictments not-reported under CODING v4]"
REG-2021-0012,ic,brazil-mjsp-operacao-404-fase-3-2021,Brazil Ministry of Justice and Public Security (Ministério da Justiça e Segurança Pública),le,1,https://www.gov.br/mj/pt-br/assuntos/noticias/ministerio-da-justica-e-seguranca-publica-apresenta-resultados-de-operacao-de-combate-a-piraria-em-nove-estados,2021-07-08,,,Ministério da Justiça e Segurança Pública apresenta resultados de operação de combate à pirataria em nove estados,capture-h1,iptv-service,pool-default,true,IC census row: pool tag illegal-iptv-ic; medium defaults to iptv-service (re-read as found),independent,,brazil; united-states; united-kingdom,brazil; united-states; united-kingdom,(wiki participating_agencies #1); (wiki participating_agencies #2); (wiki participating_agencies #3); (wiki participating_agencies #4),cooperative,wiki-fields,false,,true,wiki-flag,blocking-order; content-delisting; arrest-search,true,,false,"converted from paper2/coding/brazil-mjsp-operacao-404-fase-3-2021.json (coder agent-w2-3, 2026-08-13); date_source=raw-frontmatter; source_of_record=raw/press-releases/2021-07-08_mj-gov-br_operacao-404-fase-3-334-sites-94-apps.md; tier_basis=raw-dir:press-releases; other_cited_captures=0; quotes are the cited lines as of the coding date; stratum from wiki fields (participating_countries=3, participating_agencies=4); official_release_sourced=True. CAPTURE TIERS: both captures are RECONSTRUCTION tier, so every coded cell is page_only. (a) MJSP 2021-07-08 (raw/press-releases/2021-07-08_mj-gov-br_operacao-404-fase-3-334-sites-94-apps.md) is an agent-authored English digest of a Portuguese gov.br release: it speaks of its own release in the third person (""The MJSP statement adds that"", raw:39; ""The release cites industry estimates"", raw:42), its ""Verbatim extract"" section carries English translations rather than the Portuguese source text (contrast the fase-4 capture, which carries the verbatim Portuguese), and it contains wiki-internal analysis sections written after the fact (""Crime substance (for L26 Background)"" raw:55; ""Tier-1 classification""/""L24 status: PASS"" raw:88-93). Not capture-unusable — the substance is present and attributed — but it is page-level support, not raw-level. (b) gov.uk IPO strategy (raw/policy-documents/2022-02-04_gov-uk_intellectual-property-counter-infringement-strategy-2022-2027.md) is MIXED: raw:20 and raw:24 are genuine verbatim quotes from the fetched document, but the Op-404 numbers sit under the explicitly labelled heading ""## Quantitative claims (per gov.uk WebSearch summary)"" (raw:26) — WebSearch-summary provenance, i.e. reconstruction by the manual's own tell. MODALITY: blocking-order — ""334 websites blocked or suspended"" (raw:31); did NOT code domain-seizure despite the frontmatter seed results.domains_seized: 334 and the [[domain-seizure]] mechanism link on the operation page, because the record's verbs are blocked/suspended and no transfer of domain control to the state or a court is stated (same call as the fase-7 and fase-8 rows). content-delisting — ""94 illegal streaming applications disabled"" (raw:32) and ""Search-engine de-indexing and removal of associated social-media profiles"" (raw:34); the app disablement is coded here rather than as hosting-takedown because the record states no server or hosting action against the apps, only that they were disabled (app/repository removal is the v2 content-delisting scope). arrest-search — ""11 search-and-seizure warrants executed (2021-07-07)"" (raw:30) across nine states. NOT coded: ""20 Internet Protocol (IP) addresses targeted"" (raw:33) — ""targeted"" states no action taken against the hosts, so neither hosting-takedown nor blocking-order can be read off it; recorded here as an uncodable results line. No asset-seizure: the release discloses no seizure of money or property, and raw:74 states ""Specific cryptocurrency seizure not disclosed in this release"". JUDICIAL: all four stages not-reported. The record is affirmatively silent on arrests — ""No arrest count disclosed in the 2021-07-08 release (Phase 3 was primarily a domain/app/IP takedown plus search-and-seizure of physical infrastructure, with later prosecutions through state Civil Police)"" (raw:78) — which is silence about the count, not a statement that there were none, so not-reported rather than none-stated (the operation page's frontmatter seed results.arrests: 0 is the repo's zero-for-unknown convention and its own missing_fields lists ""arrests"", agreeing). Indictments not-reported: the digest's ""with later prosecutions through state Civil Police"" (raw:78) is the capture's own forward-looking framing, not a statement by the ministry that proceedings are underway or that cases were referred, so it does not meet the v2 bar for pending (same call as the fase-4 and fase-8 rows, which required at least ""podem ser indiciados""-grade language and still coded not-reported). raw:45 recites the statutory penalty range (""two to four years' imprisonment plus fines"") — law on the books, not an imposed outcome. latest_record_date 2022-02-04 = the gov.uk IPO strategy, the later of this row's two cited records (cited in these notes for the Phase-3 numbers and the cooperation quote, following the fase-8 precedent of counting notes-cited records); it revisits Op 404.3 seven months after the action and reports only takedown numbers — ""Operação 404.3 (July 2021): 334 sites + 94 applications taken down across 9 Brazilian states + UK + US."" (gov.uk raw:29) — with no charge, conviction or sentence, so the row is right-censored at 2022-02-04. RECONSTITUTION: not-reported. No cited record speaks to the status of the 334 sites or 94 apps after the action day. The operation page's Challenges bullet about operators being able to ""coordinate migration to new domains rapidly after takedown"" is uncited forward-looking wiki prose (op page:186), not evidence of what happened, and later Operação 404 phases are separate census operations, not durability evidence for these targets. CORPUS SEARCH (""404.3"", ""fase 3"", ""phase 3"" over wiki/sources/, plus the full 404-filename listing): the only in-corpus sources touching Phase 3 are the two already cited; the fase-4 records contain no back-reference to Phase 3 (grep for ""fase 3""/""404.3""/""terceira"" in both the fase-4 source page and its raw returns nothing). No linkage gap. COOPERATION context (not a coded column): the MJSP quote naming the foreign partners is itself given in English translation — ""The integrated action in combating online piracy had collaboration from the embassies of the United States (Homeland Security Investigations (HSI) and Department of Justice) and the United Kingdom in Brazil"" (raw:24), with ""including the IPO and PIPCU units"" placed outside the quotation marks by the capture; the gov.uk verbatim independently names the partner set — ""These Operations were carried out in collaboration with the IPO, PIPCU, Brazilian Civil Police, United States authorities, with input from rights holder groups such as IFPI."" (gov.uk raw:20)."
REG-2021-0013,walk-2026-08-17,B35,Polícia Judiciária,le,1,https://www.policiajudiciaria.pt/operacao-dark-stream/,2021-07-14,page-metadata,,Operação “DARK STREAM”,,iptv-service,,true,,independent,,portugal,portugal,Polícia Judiciária; Unidade Nacional de Combate ao Cibercrime e à Criminalidade Tecnológica (UNC3T); Diretoria do Norte; Diretoria do Sul; Unidade Local de Évora; Unidade de Perícia Tecnológica e Informática; Corpo de Operações Especiais da GNR; Departamento de Investigação e Ação Penal de Sintra,domestic,,false,,false,coder,arrest-search; hosting-takedown; asset-seizure,true,,true,"date_source: the page's HTML <time class=""entry-date published"" datetime=""2021-07-14T10:50:51+01:00"">14/07/2021 (visible dateline; the stripped text drops it) -- matches candidate date. action_date: the release gives no date for the buscas (investigation began 2019). Stratum: Portugal only, no foreign authority; multiple named organisations with operational roles (PJ/UNC3T + PJ regional units, GNR Corpo de Operações Especiais support, DIAP de Sintra titles the investigation) -> cooperative under the REGISTER two-organisation clause; note the PJ sub-units are one organisation, but GNR and DIAP Sintra are separate. Judicial: 9 detidos (arrest stage); 'constituídos mais dois arguidos' = PT formal suspect status (arguido), pre-charge -> total 11 arguidos, no charge filed; indictments=pending because the release states the inquérito continues ('aguardam ... os ulteriores termos do inquérito'; referral-inferred, PT inquérito = prosecutor-led investigation). Coercive measures: 'prisão preventiva para um deles' is pre-trial remand -> arrest stage, NOT imprisonment. Modality: server racks seized ('seis bastidores de servidores') coded hosting-takedown; bank-account balances and a vehicle coded asset-seizure although the release lists them under 'material probatório' (cash alone as evidence would not qualify -- coordinator may drop the code if the evidentiary framing controls). No infrastructure blocking/domain action stated. Victim operator unnamed ('operadora de telecomunicação detentora dos direitos') -> not counted. [2026-08-17 coordinator: stratum cooperative->domestic by the states-only rule (DE CODEBOOK s.3 v1.11+); coder's value kept as stratum_as_coded] [2026-08-18 coordinator, re-read (4 verifiers, CODING v4): asset-seizure RESTORED under CODING v4 (b): 'o saldo de contas bancárias' -- a bank balance apprehended is value taken, not an evidence item, whatever the release's 'material probatório' framing; the ~EUR 8,000 cash and the car in the same sentence would not carry the code on their own. The 2026-08-17 removal (codex IC reg1, verb reading) is withdrawn -- its note deleted here, recorded in CODING.md v4 changelog. date_basis=page-metadata: publish_date 2021-07-14 is the page's <time datetime>, not a dateline in the saved text]"
REG-2021-0014,walk-2026-08-17,B26,Policía Nacional,le,1,https://www.policia.es/_es/comunicacion_prensa_detalle.php?ID=9661,2021-08-30,,,Desarticulado un sistema de difusión ilícita de señal televisiva de pago que suministraba contenido a través de Internet,,iptv-service,,true,,independent,,spain,spain,Policía Nacional,domestic,,false,,false,none,arrest-search; asset-seizure,true,,false,"date_source: dateline 30/08/21. Arrest/search date not stated (investigation opened early 2020). Target is an IPTV reseller (>500 users, panel found at home); the content provider was identified from the devices but no action against him is stated. Complainant company unnamed -> not an org. asset-seizure coded on 'intervinieron las cuentas de cobro' (payment accounts intervened) -- borderline: the release does not say freeze/forfeiture explicitly; drop the code if the coordinator reads 'intervenir' as evidence collection. Domain/Telegram channel described but not seized/removed. [2026-08-18 coordinator, re-read (4 verifiers, CODING v4): asset-seizure KEPT under CODING v4 (b): 'También se localizaron e intervinieron las cuentas de cobro' -- payment accounts intervened = value taken (verifier proposed removal on the verb reading; alternative recorded and applied)]"
REG-2021-0015,walk-2026-08-17,CC3-3,"Office of Public Affairs, U.S. Department of Justice",prosecutor,1,https://www.justice.gov/archives/opa/pr/multiple-defendants-indicted-alleged-intellectual-property-theft-scheme,2021-09-22,,2021-09-21,Multiple Defendants Indicted in Alleged Intellectual Property Theft Scheme,,iptv-service,,true,"cable-theft scheme reselling copyrighted TV content to thousands of subscribers (Carrasquillo / 'Gears TV' IPTV resale, per candidate table; the release itself does not name the service) | 2026-08-18: the twin tier-1 release saved as CC3-3.twin1.txt names the medium itself -- 'NJ, NY, CA Defendants Indicted for Nationwide Copyrighted IPTV Theft Scheme'; 'the defendants operated a large-scale internet protocol television (IPTV) theft scheme' -- so in_scope rests on a release, not on the candidate table",independent,,united-states,united-states,Justice Department’s Criminal Division; U.S. Attorney for the Eastern District of Pennsylvania; FBI; IRS-Criminal Investigation (IRS-CI),domestic,,false,,false,none,arrest-search; asset-seizure,true,,false,"date_source: dateline 'Wednesday, September 22, 2021'; indictment unsealed 'yesterday' and two arrests on Sept. 21 -> action_date 2021-09-21. Arrests n=2 (Carrasquillo, Gonzales; the release spells him both 'Gonzales' and 'Gonzalez'); Barone received a summons (not an arrest). Indictments n=3 (three named defendants). asset-seizure: seizure warrants for homes/vehicles were executed ('agents attempted to seize those items pursuant to judicially-authorized warrants'), with some vehicles concealed -- coded on the warrant execution; borderline because the verb is 'attempted'. Twin USAO-EDPA release fetched to CC3-3.twin1.txt (1053 words). Only corpus mention of Carrasquillo is the PRO-IP annual-report series extract; no operation/case page -> new. Four named US bodies -> cooperative under the org-count rule (single state). [STRATUM RECOMPUTED 2026-08-17: REGISTER.md was revised mid-slice to the states-only rule (organisation counts play no part); this row was first coded cooperative on the org-count reading described above and is now domestic because countries_executing=1.] [2026-08-18 coordinator, re-read (4 verifiers, CODING v4): asset-seizure KEPT under CODING v4 (a)+(d): profits converted into homes and vehicles, 'agents attempted to seize those items pursuant to judicially-authorized warrants', two counts of removal of property to prevent seizure -- proceeds seizure under warrant, not a search inventory (screen false positive)]"
REG-2021-0016,walk-2026-08-17,DTW-3,內政部警政署刑事警察局 (CIB) 公共關係室,le,1,https://www.cib.npa.gov.tw/ch/app/news/view?module=news&id=1885&serno=bc5d5cfb-d65f-4834-9857-9db06b1223d7,2021-09-27,,2021-09-16,販賣違法機上盒 查封「JOY TV官方授權網路旗艦店」網站,,isd-retail,,true,website 'JoyTV官方授權網路旗艦店' (joytv.com.tw) selling Android TV boxes pre-loaded with an app giving access to cable channels and copyrighted dramas/anime,independent,,taiwan,taiwan,臺灣臺中地方檢察署; 刑事警察局電信偵查大隊（第三隊）; 保安警察第二總隊刑警大隊（偵二、三隊）,domestic,,false,,false,none,arrest-search; hosting-takedown,true,,false,"date_source: '發布日期：110-09-27' (ROC 110 = 2021); search '110年9月16日' = 2021-09-16. One suspect (呂○○) referred to the Taichung District Prosecutors Office under Copyright Act arts. 87 and 91 ('移送...偵辦' = referral for prosecutorial investigation) -> indictments pending, referral-inferred; no detention stated -> arrests not-reported. hosting-takedown coded on the on-site seizure of the website platform ('查扣...網站平臺'; title '查封...網站' = website sealed) -- borderline between domain-seizure and hosting-takedown; the release does not describe a domain transfer. Rights-holders unnamed (programme owners 公視/東森 mentioned as content only). Three named bodies (prosecutor's office directing, CIB telecom investigation brigade, Second Special Police Corps) -> cooperative under the org-count rule; single state. Estimated infringement >NT$100 m. [STRATUM RECOMPUTED 2026-08-17: REGISTER.md was revised mid-slice to the states-only rule (organisation counts play no part); this row was first coded cooperative on the org-count reading described above and is now domestic because countries_executing=1.]"
REG-2021-0017,walk-2026-08-17,CC1-2,Polizeidirektion Osnabrück,le,1,https://www.presseportal.de/blaulicht/pm/104232/5045074,2021-10-13,,2021-09,POL-OS: Osnabrücker Staatsanwaltschaft und Polizei zerschlagen Ring um illegale Pay-TV Plattform - Schaden liegt bei über einer Million Euro,,iptv-service,,true,,independent,,germany,germany,Zentralstelle Internet- und Computerkriminalität (Cybercrime) der Staatsanwaltschaft Osnabrück; Zentralen Kriminalinspektion (ZKI) Osnabrück; Landeskriminalämter Berlin und Hamburg,domestic,,false,,false,none,arrest-search; hosting-takedown; end-user-action,true,,false,"publish_date from the presseportal dateline '13.10.2021 – 10:23'; action = the search action 'Bereits im September 2021' -> 2021-09. PUBLISHER/TIER: hosted on presseportal.de (Blaulicht), the official distribution channel for German police releases ('Original-Content von: Polizeidirektion Osnabrück, übermittelt durch news aktuell') - tier 1 recorded on that basis; flag if the coordinator wants own-domain only. Germany only; named organisations with a role: StA Osnabrück Zentralstelle Cybercrime + ZKI Osnabrück (leading), LKA Berlin and LKA Hamburg (supporting; named); 'regionalen Polizeibehörden in NRW, in Niedersachsen' are unnamed and not counted; Sky Deutschland is the content owner/victim ('Anzeige des Pay-TV Anbieters') and not counted -> cooperative on orgs (>=2). indictments=pending: DE Ermittlungsverfahren with ten Beschuldigte identified and 'Die Ermittlungen dauern an' (referral-inferred per CODING.md; no charge filed). No arrest stated (searches only, 70 devices seized). end-user-action on the statement that Ermittlungsverfahren are also being conducted against customers (>1,300 cases known). Damage >EUR 1.3M. No durability statement. [STRATUM recomputed under REGISTER.md as revised 2026-08-17 (states only; organisation counts play no part): countries_executing=['germany'] -> domestic; first-pass value under the old orgs clause was 'cooperative' - the org-count/'complainant-counted'/'same-force-units' remarks above are now descriptive only (private_named covariate).] [2026-08-17 coordinator, codex IC reg1: publisher_tier 1 confirmed under the REGISTER.md presseportal rule added today: presseportal.de/blaulicht is the German police forces' official release channel ('Original-Content von: Polizeidirektion Osnabrück, übermittelt durch news aktuell'); the publisher is the police body, the domain is the channel]"
REG-2021-0018,de,DOM-2021-1002,Hellenic Police (Ελληνική Αστυνομία),le,1,https://www.astynomia.gr/2021/10/18/18-10-2021-apo-ti-diefthynsi-dioxis-ilektronikou-egklimatos-synelifthisan-dyo-imedapoi-gia-paravasi-tis-nomothesias-peri-pnevmatikis-idioktisias-kai-peri-prostasias-syndromitikon-ypiresion/,2021-10-18,,,Από τη Διεύθυνση Δίωξης Ηλεκτρονικού Εγκλήματος συνελήφθησαν δύο ημεδαποί για παράβαση της νομοθεσίας περί πνευματικής ιδιοκτησίας και περί προστασίας συνδρομητικών υπηρεσιών,,iptv-service,,true,"online platform giving paying users access to pay-TV channels; subscriber panel with 1,465 records (818 active) run from an electronics shop",independent,,greece,greece,Διεύθυνση Δίωξης Ηλεκτρονικού Εγκλήματος,domestic,,false,,false,none,arrest-search,true,,false,"Agrees with DE domestic. arrests n=2: headline 'συνελήφθησαν δύο ημεδαποί' and body 'Οι συλληφθέντες' (two persons, in-flagrante procedure); no arrest date given, action_date null. EPOE (Εταιρία Προστασίας Οπτικοακουστικών Έργων) is named only as the source of a damage estimate by one of its employees — not an operational role, so not in orgs_named. indictments=pending referral-inferred (referred to main judicial investigation, κύρια ανάκριση). Investigation continuing to identify all involved; the 22-10-2021 release (DOM-2021-1003) is a follow-on arrest in this case. Word count includes capture frontmatter and DE extraction notes; quotes from Extracted Text only."
REG-2021-0019,de,DOM-2021-1003,Hellenic Police (Ελληνική Αστυνομία),le,1,https://www.astynomia.gr/2021/10/22/22-10-2021-akoma-ena-atomo-synelifthi-apo-ti-diefthynsi-dioxis-ilektronikou-egklimatos-gia-paravasi-tis-nomothesias-peri-pnevmatikis-idioktisias-kai-peri-prostasias-syndromitikon-ypiresion/,2021-10-22,,,"Ακόμα ένα άτομο
συνελήφθη, από τη Διεύθυνση Δίωξης Ηλεκτρονικού Εγκλήματος, για παράβαση της νομοθεσίας περί πνευματικής ιδιοκτησίας και περί προστασίας συνδρομητικών υπηρεσιών",,iptv-service,,true,further arrest in the platform case of DOM-2021-1002; the person's own role is evidenced only by an Android IPTV device enabling viewing,follow-on:DOM-2021-1002,,greece,greece,Διεύθυνση Δίωξης Ηλεκτρονικού Εγκλήματος,domestic,,false,,false,none,arrest-search; intermediary-process,false,unit=follow-on:DOM-2021-1002,false,"Agrees with DE domestic. DISAGREES with DE on unit: the release itself says the arrest is the result of the continuing investigation in the case of the 18/10/2021 release ('Σχετ. το από 18/10/2021 Δελτίο Τύπου') = DOM-2021-1002, so this is a follow-on arrest stage of that action, not an independent action; per REGISTER.md it should be coded onto DOM-2021-1002 (arrests there would become n=3). arrests n=1: 'Η σύλληψη' / in-flagrante case file against one more person; no arrest date given. No referral sentence in this release, so indictments not-reported. intermediary-process: court order (βούλευμα) lifting communications secrecy — a disclosure order to identify. Word count includes capture frontmatter and DE extraction notes; quotes from Extracted Text only. title_original spans two lines in the capture (newline preserved). [2026-08-18 coordinator, codex IC reg2: follow_on_distinct=['arrests']: 'Ακόμα ένα άτομο συνελήφθη' -- one MORE person arrested in the case of the 18/10/2021 release; parent DOM-2021-1002 arrests 2 + 1]"
REG-2021-0020,walk-2026-08-17,CC3-11,"U.S. Attorney's Office, Southern District of New York",prosecutor,1,https://www.justice.gov/usao-sdny/pr/minnesota-man-charged-computer-intrusion-and-illegally-streaming-content-four-major,2021-10-28,,2021-10-28,Minnesota Man Charged With Computer Intrusion And Illegally Streaming Content From Four Major Professional Sports Leagues,,live-sports-stream,,true,,independent,,united-states,united-states,"U.S. Attorney's Office, Southern District of New York; Federal Bureau of Investigation; Major League Baseball; National Basketball Association; National Football League; National Hockey League",domestic,,false,,true,coder,asset-seizure,true,,false,"TWO releases for one prosecution, coded onto one row: (1) charge release 2021-10-28 (row URL; title_original from it) and (2) sentence release 2023-03-16 (https://www.justice.gov/usao-sdny/pr/minnesota-man-sentenced-three-years-prison-scheme-commit-computer-intrusion-and, fetched as CC3-11_2.txt, 786 words) -- convictions/imprisonments/forfeiture quotes come from release (2). date_source: datelines 'Thursday, October 28, 2021' and 'Thursday, March 16, 2023'; action_date = complaint unsealed 2021-10-28 (conduct 2017-Aug 2021). United States only; USAO-SDNY + FBI named with roles, and the four leagues (MLB, NBA, NFL, NHL) named and thanked 'for their ongoing support and assistance with the case' -> named leagues count -> cooperative under the REGISTER clause. Judicial: charged by Complaint (5 counts, one defendant) -> indictments n=1; 'expected to be presented today before a U.S. magistrate judge' implies custody but no arrest verb -> arrests not-reported; sentenced 2023-03-16 to three years in prison + 3 years supervised release, restitution $2,995,272.64, forfeiture $500,000 (release 2 speaks of 'the Information', i.e. a plea, but does not state the plea -- conviction is coded from the sentence). Modality: no infrastructure action stated against the website (prosecution-only); sentencing-stage forfeiture $500,000 -> asset-seizure per CODING Column 1. Extortion count is outside scope (noted). Medium: website livestreaming MLB/NBA/NFL/NHL games via misappropriated credentials -> live-sports-stream. [2026-08-17 coordinator: stratum cooperative->domestic by the states-only rule (DE CODEBOOK s.3 v1.11+); coder's value kept as stratum_as_coded]"
REG-2021-0021,walk-2026-08-17,DTW-2,內政部警政署刑事警察局 (CIB),le,1,https://www.cib.npa.gov.tw/ch/app/news/view?module=news&id=1885&serno=2ceaf679-d0dc-4437-953b-01204512c55f,2021-12-20,,,【啟動淨頻專案2.0】全臺大掃蕩非法機上盒經銷商及竊訊機房告捷,,hybrid,,true,three-wave sweep (Aug/Sep/Nov 2021) of illegal set-top-box (安博) distributors and 3 signal-theft server rooms; 400+ boxes and 5 servers seized,independent,,taiwan; japan,taiwan,本局電信偵查大隊(第一隊); 保二警察總隊刑事警察大隊; 新竹市警察局第一分局; 金門縣警察局刑事警察大隊; 臺灣新北地方檢察署; 國家通訊傳播委員會(簡稱NCC); 中華民國衛星廣播電視事業商業同業公會; 日本一般社團法人內容產品海外流通促進機構(Content Overseas Distribution Association，簡稱CODA),domestic,,false,,true,coder,arrest-search; hosting-takedown,true,,false,"[orgs-rule-only] Candidate URL was truncated ('…serno=…'); reconstructed as the CIB news view URL with id=1885 (the serno parameter selects the article; page content verified). Publish date 發布日期 110-12-20 (ROC year) = 2021-12-20; action = three waves Aug/Sep/Nov 2021 (查獲時間 110年08月至12月) -> action_date null. Suspects enumerated 3 (安○公司) + 6 (經銷商) + 2 (機房) = 11, matching '逮捕11人'. Case referred to New Taipei District Prosecutors -> indictments pending (referral-inferred). Japan appears only through CODA (a Japanese rights-holder body that filed the complaint) and Japanese broadcasters as victims — no Japanese authority, so not executing. Cooperative on the orgs rule (several Taiwanese agencies + NCC + two named rights-holder bodies); one executing state. [2026-08-17 coordinator: stratum cooperative->domestic by the states-only rule (DE CODEBOOK s.3 v1.11+); coder's value kept as stratum_as_coded]"
REG-2022-0001,walk-2026-08-17,CC2-9,policja.pl (KWP we Wrocławiu / KMP w Wałbrzychu),le,1,"https://policja.pl/pol/aktualnosci/213952,Nielegalnie-udostepnial-sygnal-telewizji-satelitarnej.html",2022-02-03,,,Nielegalnie udostępniał sygnał telewizji satelitarnej,,cardsharing,,true,"cardsharing server serving external users, five access cards in readers",independent,,poland,poland,Komendy Miejskiej Policji w Wałbrzychu,domestic,,false,,false,none,arrest-search; hosting-takedown,true,,false,"hosting-takedown = 'zlikwidowany został serwer sharingowy' (the sharing server was liquidated). Charge presented -> indictments n=1. Recipients to be identified later ('ustalone zostaną osoby') — prospective, no end-user-action coded. Action date 'w ostatnich tygodniach' — null."
REG-2022-0002,walk-2026-08-17,B27,Policía Nacional,le,1,https://www.policia.es/_es/comunicacion_prensa_detalle.php?ID=11141,2022-02-14,,2022-02,Cae en Madrid una organización criminal internacional que vendía decodificadores para distribuir contenidos audiovisuales ilegalmente,,hybrid,,true,"manipulated decoders sold from a Madrid warehouse (ISD retail/wholesale) plus the organisation's own server structure redistributing pay-TV signal to 12,000 subscribers (IPTV service)",independent,,spain; china; france; germany; portugal; canada; united-kingdom,spain,Policía Nacional; Servicio de Vigilancia Aduanera de la Agencia Tributaria; MEDIAPRODUCCIÓN SLU; ALLIANCE FOR CREATIVITY AND ENTERTAINMENT (A.C.E.),domestic,,false,,true,keywords,arrest-search; asset-seizure; hosting-takedown,true,,false,"FETCH: policia.es cookie wall; text via cookies_set.php POST in-session (see B12). publish_date from dateline '14/02/22'; action 'A principios de febrero' -> 2022-02. Stratum cooperative on ORGS: one executing state (Spain; China = manufacturing origin, France/Germany/Portugal = wholesale destinations, Germany/France/Canada/UK = server locations - all countries_named only, no foreign authority named); named organisations with a role: Policía Nacional + Servicio de Vigilancia Aduanera de la Agencia Tributaria (joint operation) + the two named complainant rights-holders MEDIAPRODUCCIÓN SLU and ACE ('denunciaron', Sept 2019) - flag 'complainant-counted'; the row is cooperative even without the complainants (two state bodies). asset-seizure = 'bloqueo de 3 cuentas bancarias' (the EUR 2.700 cash is treated as evidence, not counted); hosting-takedown = service to 12,000 customers deactivated + the user-forum website disabled ('inhabilitado'); the 24.430 decoders seized are physical goods (evidence). Not the same action as the IC Malaga 2022 op (different city, figures, orgs). No court stage/durability statements. [STRATUM recomputed under REGISTER.md as revised 2026-08-17 (states only; organisation counts play no part): countries_executing=['spain'] -> domestic; first-pass value under the old orgs clause was 'cooperative' - the org-count/'complainant-counted'/'same-force-units' remarks above are now descriptive only (private_named covariate).]"
REG-2022-0003,walk-2026-08-17,B28,Policía Nacional,le,1,https://www.policia.es/_es/comunicacion_prensa_detalle.php?ID=11782,2022-04-04,,,La Policía Nacional detiene a dos cibercriminales dedicados a la venta de contenido audiovisual de pago,,hybrid,,true,,independent,,spain,spain,Policía Nacional,domestic,,false,,false,none,arrest-search,true,,false,"fetch: tools/fetch_text.py alone returns the 78-word policia.es cookie-consent shell (L57; wayback and jina failed); re-fetched in a curl_cffi session after POST /cookies_set.php (rung curl_cffi+cookies_set), text coded from that. date_source: dateline '04/04/22'. action_date not stated (investigation from late 2019). Only Policía Nacional named with a role; LaLiga is named only as the owner of the pirated content ('contenido audiovisual de pago propiedad de LaLiga') = victim, not counted; the VOD platform is unnamed -> single organisation, single state -> domestic. Medium hybrid: the release says services 'de CCCAM e IPTV' (cardsharing + IPTV) sold via a website, social media and marketplaces; the two arrested 'poseían los servidores' but no seizure/shutdown verb is stated for the servers, so only arrest-search is coded (no hosting-takedown; coordinator may disagree since 'detención ... quienes poseían los servidores' implies but does not state a takedown). No search (registro) verb either -- the only stated act is the detention in Málaga. Also charged with electricity fraud (defraudación de fluido eléctrico). Judicial: 2 detained ('arrestados por delitos ...' is the arrest, not a charge); nothing further -> not-reported."
REG-2022-0004,de,DOM-2022-1005,Hellenic Police (Ελληνική Αστυνομία),le,1,https://www.astynomia.gr/2022/04/13/13-04-2022-synelifthi-70chronos-pou-drastiriopoiountan-sto-choro-tis-peirateias-syndromitikon-kanalion/,2022-04-13,,2022-04-12,Συνελήφθη 70χρονος που δραστηριοποιούνταν στο χώρο της «πειρατείας» συνδρομητικών καναλιών,,hybrid,,true,sold electronic devices with pirate pay-TV software and illegal subscriptions; 200+ parcels shipped nationwide,independent,,greece,greece,Τμήματος Καταπολέμησης Εμπορίας Ανθρώπων; Υποδιεύθυνση Αντιμετώπισης Οργανωμένου Εγκλήματος και Εμπορίας Ανθρώπων της Διεύθυνσης Ασφάλειας Θεσσαλονίκης; Εταιρίας Προστασίας Οπτικοακουστικών Έργων,domestic,,false,,true,keywords,arrest-search,true,,false,"Agrees with DE domestic. EPOE (rights-holder body) employees assisted the search — named private participant, operational role (private_named). 1,950 EUR cash in the search inventory = evidence under CODING v4 (PRIOR CODE asset-seizure, coded by the first coder for uniformity with the other Greek rows, withdrawn 2026-08-18). Regional press office (Thessaloniki dateline). indictments=pending referral-inferred. Word count includes capture frontmatter and DE extraction notes; quotes from Extracted Text only. [2026-08-18 coordinator, re-read (4 verifiers, CODING v4): asset-seizure REMOVED under CODING v4 (VALUE not THINGS): EUR 1,950 cash in the house-search inventory ('coded for uniformity with the other Greek rows' per the coder); no freeze/account/crypto]"
REG-2022-0005,walk-2026-08-17,DKR-8,문화체육관광부,ministry-regulator,1,https://www.mcst.go.kr/kor/s_notice/press/pressView.jsp?pSeq=19459,2022-04-19,,,문체부-경찰청-국제형사경찰기구 공조로 온라인 저작권 침해 사범 207명 검거,,hybrid,,true,"Aggregate result of the 2021 MCST-KNPA-INTERPOL joint crackdown: 47 sites (webtoon, streaming/link sites such as '○○티비', torrent), 207 persons 검거, 34 sites closed. Streaming sites are among the targets, but the record is a programme-level aggregate across site types -> unit=umbrella (not a census row per REGISTER.md); medium hybrid.",umbrella,,south-korea,south-korea,문화체육관광부; 경찰청; 국제형사경찰기구(INTERPOL,domestic,,false,,false,coder,arrest-search; hosting-takedown; asset-seizure,false,unit=umbrella,false,"fetch: the MCST web page carries only the headline plus 'see attached file' boilerplate (page text lists the hwpx/pdf attachments); the release body was obtained by downloading the attached PDF via the site's UplDownloadFile servlet and extracting it with PyMuPDF (saved as <id>_2.txt; PDF line breaks preserved as \n inside quotes). date_source: page '게시일 2022.04.19.' and PDF '보도 일시 2022. 4. 19.(화) 15:00'. action_date null: results of the joint crackdown conducted 'last year' (2021), no dates. Stratum: MCST + 경찰청 (KNPA) + INTERPOL named with roles; a foreign investigating agency was engaged via INTERPOL for one webtoon-site case but is unnamed ('해당 국가 수사기관') -> countries_executing = south-korea only, cooperative on the organisations clause. UMBRELLA: 47 sites, 3 illustrative cases (○○코믹스 webtoon [2 in custody, Gyeongnam police], ○○티비 4 streaming/link sites [1 person 검거, KRW 175m pre-indictment forfeiture preservation, Jeju police], ○○릭스 20 torrent/streaming-link sites [developer 검거, MCST]); the ○○티비 streaming case would be a row on its own if a separate release exists (none found in either repository). Judicial: '207명을 검거(구속 4명)' -- 검거 in Korean police usage = apprehended/booked, of whom 4 구속 (custodial); coded arrests n=207 with this caveat (a stricter reading gives n=4 custodial arrests); no charges/outcomes -> not-reported. Modality: 34 sites 'closed' (method unstated; coded hosting-takedown -- domain action not described), searches/apprehensions, KRW 175m 추징 보전 (pre-indictment forfeiture preservation) -> asset-seizure. INTERPOL I-SOP project (2021-05 to 2026-04, MCST-funded) described. Related IC pages hold OTHER I-SOP actions (2023 Korea-Indonesia, 2024 crackdown), not this 2021 aggregate -> verdict new. '대체사이트' (mirror sites) described as a general phenomenon, not target-specific -> reconstitution not-reported. [2026-08-17 coordinator: stratum cooperative->domestic by the states-only rule (DE CODEBOOK s.3 v1.11+); coder's value kept as stratum_as_coded]"
REG-2022-0006,walk-2026-08-17,B29,Policía Nacional,le,1,https://www.policia.es/_es/comunicacion_prensa_detalle.php?ID=12282,2022-05-19,,,La Policía Nacional inspecciona 166 establecimientos por distribución ilícita de señal de televisión de partidos de fútbol,,other,,false,"BORDERLINE: coordinated inspection of 166 hostelería premises exhibiting pay-TV football via decoders/micro-controllers; venue-level exhibition, not a service or seller. Kept in scope by DE precedent (hong-kong-customs-restaurant-live-football-tung-chung-2024, greece-northern-greece-kilkis-venue-iptv-2025); coordinator may exclude | 2026-08-18: OUT -- venue-level exhibition: the 166 premises are exhibiting end users of pirate decoders and no service or seller is targeted; REGISTER.md scope = a service or its sellers",independent,,spain,spain,Policía Nacional; La Liga,domestic,,false,,true,coder,end-user-action,false,out-of-scope: BORDERLINE: coordinated inspection of 166 hostelería premise,false,"Modality end-user-action: measure applied to 166 identified premises operators (imputados) — they are the exhibiting end users of pirate decoders. 'imputados' = Spanish pre-charge suspect status (PRIOR CODE indictments pending, withdrawn 2026-08-18: police-only release, no prosecutor or court named); the 166 in the quote are premises holders; and imputado is not a filed charge, so no count was ever taken. No arrests stated. Cooperative on orgs rule (La Liga named complainant). [promoted 2026-08-17: coded against the cookie-unlocked policia.es text; fetch rung curl_cffi+cookies_set] [2026-08-17 coordinator: stratum cooperative->domestic by the states-only rule (DE CODEBOOK s.3 v1.11+); coder's value kept as stratum_as_coded] [2026-08-18 coordinator, re-read (4 verifiers, CODING v4): indictments pending -> not-reported under CODING v4: 'Hay 166 imputados' in a police release naming no prosecutor, court, diligencias or referral; the ES clause was written to exclude exactly this sentence (alternative reading -- imputado as a judicially conferred status -- recorded and not applied). needs_review stays for the scope question (venue-level exhibition; the 166 are target and end users at once)] [2026-08-18 coordinator, codex IC reg2: in_scope true -> false (end-user-only action; the scope question the coder and the verifier both flagged, decided by REGISTER.md's text)]"
REG-2022-0007,de,DOM-2022-1007,Hellenic Police (Ελληνική Αστυνομία),le,1,https://www.astynomia.gr/2022/05/23/23-05-2022-apo-ti-diefthynsi-dioxis-ilektronikou-egklimatos-exichniastikan-dyo-ypotheseis-paraviasis-ton-nomothesion-peri-pnevmatikis-idioktisias-kai-peri-prostasias-syndromitikon-ypiresion/,2022-05-23,,,Από τη Διεύθυνση Δίωξης Ηλεκτρονικού Εγκλήματος εξιχνιάστηκαν δύο υποθέσεις παραβίασης των νομοθεσιών περί πνευματικής ιδιοκτησίας και περί προστασίας συνδρομητικών υπηρεσιών,,iptv-service,,true,two shops giving third parties access to pay-TV channels via an online platform; subscriber panel with 31 active subscribers in the first,independent,,greece,greece,Διεύθυνση Δίωξης Ηλεκτρονικού Εγκλήματος,domestic,,false,,false,none,arrest-search; intermediary-process,true,,false,"Agrees with DE domestic. One release, two shop cases from one complaint/investigation (Central Greece shop: one person arrested and led to prosecutor; Central Macedonia shop: search and seizure but in-flagrante conditions not met, no arrest) — held as one action (unit independent) as the DE repo does; a splitter could make it two. arrests n=1. intermediary-process: court order lifting communications secrecy. No search dates; action_date null. indictments=pending referral-inferred. Word count includes capture frontmatter and DE extraction notes; quotes from Extracted Text only."
REG-2022-0008,walk-2026-08-17,CC2-8,Policja (KWP w Lublinie),le,1,"https://policja.pl/pol/aktualnosci/219317,Sharing-zlikwidowany.html",2022-06-12,,,Sharing zlikwidowany,,cardsharing,,true,,independent,,poland,poland,Wydziału do walki z Cyberprzestępczością Komendy Wojewódzkiej Policji w Lublinie,domestic,,false,,false,none,arrest-search; hosting-takedown; asset-seizure,true,,false,"date_source: 'Data publikacji 12.06.2022'. action 'W minionym tygodniu' -> action_date null. Domestic: only KWP Lublin cyber unit named; victims unnamed. Cardsharing distribution point (modified decoders, 2 subscriber cards, card readers, router) 'zlikwidowany' -> hosting-takedown; 9 places searched (each had modified receiving decoders -- possibly recipients, but the release does not identify them as end users or state measures against them -> no end-user-action); 39-year-old detained and charged (n=1); PLN 2,000 secured against future penalties -> asset-seizure. Polish 'usłyszał zarzuty' = the suspect was formally presented with charges (postanowienie o przedstawieniu zarzutów, a charging act in the preparatory proceedings) -> counted under indictments as a filed charge; readers can re-map (CODING Column 2 non-common-law note). Case 'rozwojowy' (ongoing)."
REG-2022-0009,walk-2026-08-17,CC1-18,Patent- och marknadsöverdomstolen vid Svea hovrätt,court,1,https://www.domstol.se/nyheter/2022/06/forsaljare-av-forprogrammerade-iptv-boxar-och-iptv-abonnemang-har-domts-for-medhjalp-till-brott-mot-signalratten2/,2022-06-14,,,Försäljare av förprogrammerade iptv-boxar och iptv-abonnemang har dömts för medhjälp till brott mot signalrätten,,isd-retail,,true,seller of pre-programmed IPTV boxes and IPTV subscriptions convicted of aiding signal-right infringement,independent,,sweden,sweden,Patent- och marknadsöverdomstolen,domestic,,false,,false,none,,true,,false,"Court-news item on an appellate judgment (case B 12022-21); prosecution-only, modality empty. Single defendant 'den åtalade personen' -> n=1 derived; sentence = villkorlig dom (suspended) + dagsböter (day fines), fully described -> imprisonments none-stated. Judgment date not stated (Publicerad 2022-06-14). Domestic: one court named; 'målsägandebolagen' (plaintiff TV companies) unnamed victims."
REG-2022-0010,ic,brazil-mjsp-operacao-404-fase-4-2022,Brazil Ministry of Justice and Public Security (Ministério da Justiça e Segurança Pública),le,1,https://www.gov.br/mj/pt-br/assuntos/noticias/operacao-404-chega-a-4a-edicao-com-buscas-no-metaverso-suspensao-de-4-canais-e-90-videos-retirados-do-ar,2022-06-21,,,"Operação 404 chega a 4ª edição com buscas no metaverso, suspensão de 4 canais e 90 vídeos retirados do ar",capture-h1,iptv-service,pool-default,true,IC census row: pool tag illegal-iptv-ic; medium defaults to iptv-service (re-read as found),independent,,brazil; united-states; united-kingdom,brazil; united-states; united-kingdom,(wiki participating_agencies #1); (wiki participating_agencies #2); (wiki participating_agencies #3); (wiki participating_agencies #4),cooperative,wiki-fields,false,,true,wiki-flag,arrest-search; hosting-takedown; content-delisting,true,,false,"converted from paper2/coding/brazil-mjsp-operacao-404-fase-4-2022.json (coder agent-w1-1, 2026-08-13); date_source=raw-frontmatter; source_of_record=raw/press-releases/2022-06-21_mj-gov-br_operacao-404-fase-4-metaverso.md; tier_basis=raw-dir:press-releases; other_cited_captures=0; quotes are the cited lines as of the coding date; stratum from wiki fields (participating_countries=3, participating_agencies=4); official_release_sourced=True. CAPTURE TIER: usable - the raw carries the verbatim Portuguese MJSP gov.br release (raw:23-45) plus a labelled working translation. Modality: arrest-search = 30 search-and-seizure warrants in 11 states (raw:31), 10 arrests and device seizures (raw:33), plus parallel foreign warrant execution stated verbatim 'As acoes acontecem tambem fora do pais: no Reino Unido sao 53 mandados e, nos Estados Unidos, seis.' (raw:35). hosting-takedown is a BORDERLINE CALL: the release's site verb is generic removal ('removeu 266 sites no Brasil', raw:31 - not 'bloqueou' or 'apreendeu dominios'), and physical server infrastructure was seized in the searches ('Foram apreendidos computadores, HDs, telefones celulares e estruturas de servidor', raw:33); the frontmatter seed domains_seized: 266 carries the repo's loose verb convention and is NOT read as domain-seizure (no state/court domain-control transfer is stated). content-delisting = 4 streaming channels deactivated + 90 videos taken down (raw:25), 461 music-streaming apps removed (raw:27), 15 social-media profiles excluded (raw:31). No asset/cryptocurrency seizure stated (computers/HDs/phones/server structures are evidence). Judicial: arrests n=10 per the most specific type breakdown 'Foram 6 prisoes em flagrante e 4 temporarias' (raw:33); the same paragraph's state enumeration (3 SP + 2 MG + 1 GO) sums to 6 and highly likely maps to the in-flagrante subset only - recorded here as the intra-release count tension, resolved in favour of the 6+4=10 type breakdown (also the operation page's reading). PRIOR CODE indictments pending (withdrawn 2026-08-18, CODING v4: BR police-only investigation does not meet the pending floor): 25 people stated under active investigation (raw:35) and the release contemplates indictment ('Os investigados podem ser indiciados ainda...', raw:41) -- no prosecutor or court is named; no formal indictment is enumerated (op page missing_fields agrees). latest_record_date 2022-06-21 = release byline; the gov.br page carries a 2022-11-03 metadata update stamp (raw:15) with no substantive change captured - byline preferred. Reconstitution: no cited record speaks to the post-wave status of the 266 sites; later Operacao 404 phases are separate census operations, not reconstitution evidence for these targets. Corpus search ('fase 4', 'metaverso', 404 filenames): no un-cited same-operation source; other 404 sources in wiki/sources/ cover phases 1-3 and 5-8 and the phase-2 US releases. UK/US counterpart releases for the 53+6 warrants are absent from the corpus (matches the op page's largest documented gap). [2026-08-18 coordinator, codex IC reg2: indictments pending -> not-reported (see the PRIOR CODE clause)]"
REG-2022-0011,walk-2026-08-17,CC4-8,Instituto Nacional de Defensa de la Competencia y de la Protección de la Propiedad Intelectual (Indecopi),ministry-regulator,1,https://www.gob.pe/institucion/indecopi/noticias/630376-golpe-a-la-pirateria-digital-indecopi-bloquea-147-webs-ilegales-que-explotaban-obras-y-producciones-protegidas-por-el-derecho-de-autor,2022-07-08,,,¡Golpe a la piratería digital! Indecopi bloquea 147 webs ilegales que explotaban obras y producciones protegidas por el derecho de autor,,streaming-site,,true,"BORDERLINE: 147 sites blocked for streaming of audiovisual works, music/phonograms and graphic novels, plus linking directories and stream-ripping — general copyright piracy sites, not IPTV/pay-TV; kept under streaming-site",independent,,peru,peru,Comisión de Derecho de Autor (CDA) del Indecopi,domestic,,false,,false,none,blocking-order,true,,false,"Ex officio precautionary measures, Resolución N° 0198-2022/CDA-INDECOPI, executed by seven named ISPs (Movistar, Claro, Entel, Bitel, Americatel, GTD, Win) — ISPs are compelled intermediaries, not counted as cooperating organisations for the stratum rule (coordinator may decide otherwise; if named ISPs count, this row is cooperative). Blocking date not stated (dateline 8 de julio de 2022 - 6:02 p. m.)."
REG-2022-0012,de,DOM-2022-1008,Hellenic Police (Ελληνική Αστυνομία),le,1,https://www.astynomia.gr/2022/07/11/11-07-2022-apo-ti-diefthynsi-dioxis-ilektronikou-egklimatos-exichniastikan-dyo-ypotheseis-paranomou-diamoirasmou-tileoptikon-syndromitikon-kanalion/,2022-07-11,,,Από τη Διεύθυνση Δίωξης Ηλεκτρονικού Εγκλήματος εξιχνιάστηκαν δύο υποθέσεις παράνομου διαμοιρασμού τηλεοπτικών συνδρομητικών καναλιών,,iptv-service,,true,"complaint: decoding and retransmission of pay-TV channels to users for a fee, advertised on a social-media page; borderline thin — the arrests rest on viewing devices found at home",independent,,greece,greece,Διεύθυνση Δίωξης Ηλεκτρονικού Εγκλήματος,domestic,,false,,false,none,arrest-search,true,,false,"Agrees with DE domestic. 'αλλοδαπός' (foreign national resident in Athens) — no nationality or foreign authority named, so no second state. Two cases in one release, one investigation ('συντονισμένης δράσης'); held as one action as DE does. First case: two persons (foreigner in Athens, Greek in Chania) shared two payment-app accounts; the foreigner arrested; second case: Athens resident arrested. arrests n=2. Payment app unnamed; no payment-disruption. No dates; action_date null. indictments=pending referral-inferred (referred to investigating judge). Word count includes capture frontmatter and DE extraction notes; quotes from Extracted Text only."
REG-2022-0013,ic,spanish-pay-tv-streaming-network-takedown-2020,Consejo General del Poder Judicial (CGPJ) — Audiencia Nacional,court,1,https://www.poderjudicial.es/cgpj/eu/Botere-Judiziala/Berriak/El-juez-de-la-Audiencia-Nacional-propone-juzgar-a-una-organizacion-criminal-que-gano-15-millones-de-euros-con-la-venta-ilegal-de-contenidos-de-plataformas-pago,2022-07-22,,,El juez de la Audiencia Nacional propone juzgar a una organización criminal que ganó 15 millones de euros con la venta ilegal de contenidos de plataformas de pago,capture-h1,iptv-service,pool-default,true,IC census row: pool tag illegal-iptv-ic; medium defaults to iptv-service (re-read as found),independent,,spain; denmark; sweden; germany; france; netherlands; belgium; czechia; poland,spain; denmark; sweden; germany; france; netherlands; belgium; czechia; poland,(wiki participating_agencies #1); (wiki participating_agencies #2); (wiki participating_agencies #3),cooperative,wiki-fields,false,,false,none,arrest-search; hosting-takedown; asset-seizure,true,,false,"converted from paper2/coding/spanish-pay-tv-streaming-network-takedown-2020.json (coder agent-pilot-B, 2026-08-13); date_source=raw-frontmatter; source_of_record=raw/press-releases/2022-07-22_poderjudicial-cgpj_audiencia-nacional-procesamiento-rapidiptv-15-millones-dash-irani.md; tier_basis=raw-dir:press-releases; other_cited_captures=2; quotes are the cited lines as of the coding date; stratum from wiki fields (participating_countries=9, participating_agencies=3); official_release_sourced=True. RE-CODED UNDER v2 (2026-08-13): corpus-search inputs admitted, cites->lists, page_only flags, suspended-not-custodial rule applied. CAPTURE-UNUSABLE: raw/press-releases/2020-06-10_eurojust_eurojust-supports-new-major-crackdown-fraud-pay-tv.md — its Extracted Text is a Wayback banner plus Eurojust site navigation (it ends at the nav item '20 years of Eurojust: anniversary essays'); the release body is absent despite text_status: parsed; the two paragraphs above Extracted Text (raw lines 27-29) are ingest-authored digest, not document text — not cited. MODALITY (unchanged from v1, usable LNE/EFE capture): arrest-search — LNE:272 'han sido detenidas once personas' and 'se han practicado quince registros' (11 arrests, 15 searches; Gigazine corroborates 'Eleven suspects have been arrested' at raw/news/2020-06-11_gigazine-net_illegal-streaming-ring.md:40). hosting-takedown — LNE:284 'se han desconectado los 50 servidores que conformaban la red'. asset-seizure — LNE:296: 'han sido intervenidos' vehicles, an embargoed property, watches, cash, '2.700.000 euros en criptovalores y 1.100.00 euros bloqueados en diversas cuentas bancarias' ('1.100.00' sic) — stated as seizure/embargo/freeze, not as the v2-excluded evidence-collection cash. NOT coded: domain-seizure (LNE:284 says ~1,000 websites were 'localizado' — located, no seizure/redirect/transfer verb); payment-disruption (Gigazine:50 describes PayPal/bank/crypto payment processing, no processor cutoff in THIS action; the ~150 frozen PayPal accounts at Gigazine:66 belong to a September 2019 DIFFERENT case). CORPUS-SEARCH (v2 input step 3): searching wiki/sources/ for the RapidIPTV target entity found two source pages about this operation's prosecution arc that NEITHER the parent page nor the follow-on page cites (the follow-on's frontmatter is sources: [], source_count: 0) — LINKAGE GAP reported for wiki-side repair: wiki/sources/2022-07-22_poderjudicial-cgpj_audiencia-nacional-procesamiento-rapidiptv-15-millones-dash-irani.md and wiki/sources/2026-04-22_ace_spanish-national-tribunal-rapidiptv-landmark-sentence.md (corpus-search). Both raws are RECONSTRUCTION-tier agent digests, not verbatim extractions (the CGPJ raw is a 'Key facts captured:' bullet list ending 'Saved by: parent agent iter 376.'; the ACE raw is a structured summary with an extracted-findings section) — cited with (reconstruction) markers; they count as page-level support, hence page_only: true on every cell resting on them. JUDICIAL (follow-on rule: RapidIPTV outcomes coded onto this parent row). arrests n=11 from the 2020 action (LNE:272, usable capture). indictments n=9 per the v2 tie-break (most specific OFFICIAL breakdown wins): the CGPJ/Audiencia Nacional procesamiento of 22 July 2022 proposed trial of NINE — 'nueve presuntos miembros' with the leader named (raw:16, reconstruction) / 'of Amir Z. ('Dash, el iraní') and 8 co-defendants' (source page:19) — CONFLICT with the follow-on op page's '- 5 defendants charged (all Iranian-origin).' (line 127) and ACE's '5-defendant IPTV ring' (source page:17). The two counts may reflect different procedural stages (2022 procesamiento roster vs 2026 sentencing roster); no held record reconciles them. convictions n=1: only the ringleader's conviction is individually stated — a plea accepted by the court (conformidad; v2: convictions include guilty pleas): ACE raw:22 'The main perpetrator accepted a 23-month prison sentence (suspended subject to conduct), a EUR 8.7 million personal fine, and the court ordered EUR 12 million in compensation to rightsholders (LaLiga and other plaintiffs).' The ACE record also states plural 'criminal convictions against the five-defendant ring' (raw:22, reconstruction) and the follow-on's Reference [4] title says 'criminal convictions' (line 166), but no record gives a per-defendant conviction breakdown beyond the ringleader and the follow-on page says the other four defendants' fate 'is not fully detailed in tier-2 coverage' (line 156) — per the most-specific-breakdown tie-break the individually stated count (1) is coded; FLAG: if the verbatim ACE release (not held — reconstruction only) states all five convicted, this cell should rise to n=5. imprisonments none-stated (v2: custodial = actually imposed; suspended is NOT custodial): the ACE records state the ringleader's 23-month term was suspended — source page:18 'Ringleader: 23-month prison sentence (suspended), EUR 8.7M personal fine, EUR 12M rightsholder compensation', raw:22 '(suspended subject to conduct)', raw:48 '- Defendants: 5 total; main perpetrator accepted 23-month prison sentence (suspended)' — and no record states custody actually imposed for any defendant; none-stated rather than not-reported because the suspension statement affirmatively states the custodial term was not immediately imposed. CONFLICT: the follow-on op page (line 91) says the ringleader accepted '23 months in prison' with no suspension mention, and its Reference [2] title reads 'Gets Two Years Prison Under Spanish Plea Deal' (line 164) — the suspended reading rests on a reconstruction-tier record; verify against the verbatim ACE release or the Audiencia Nacional text before treating custody as definitively not imposed. latest_record_date 2026-04-22 = the ACE sentence record and the follow-on's announced verdict date (CGPJ record 2022-07-22; LNE 2020-06-10). RECONSTITUTION not-reported: LNE:284 says subscribers were left without service at action time ('habiendo dejado por tanto sin servicio a los suscriptores') — announcement-time down-status inside v2's 14-day window is not durability evidence; no cited record speaks to post-takedown service status, and the 2026 records speak only to prosecution. [codex audit correction 2026-08-13] imprisonments none-stated -> not-reported. `none-stated` requires the record to describe the outcome completely enough that the absence of custody is a fact. The cited reconstruction states only the ringleader's 23-month term and that it was suspended; the other four defendants' dispositions are unreported, so operation-level custody is silence, not an affirmed absence. The suspended ringleader term stays recorded here."
REG-2022-0014,walk-2026-08-17,CC3-14,Royal Canadian Mounted Police (RCMP O Division),le,1,https://www.newswire.ca/news-releases/five-charged-for-unlawfully-distributing-tv-signals-871976179.html,2022-07-27,,2021-06-29,Five charged for unlawfully distributing TV signals,,hybrid,,true,large-scale unlawful IPTV distribution service (GaloTV a.k.a. Soltv) run from a retail location selling set-top boxes and re-broadcasting purchased media services at a discount,independent,,canada,canada,Royal Canadian Mounted Police (RCMP) O Division Cybercrime Investigative Team,domestic,,false,,false,none,arrest-search,true,,false,"URL opened = the CNW/newswire.ca verbatim wire copy of the RCMP release (dateline 'TORONTO, July 27, 2022 /CNW/', 'SOURCE Royal Canadian Mounted Police'); the RCMP's own page (grc-rcmp.gc.ca) returned HTTP 500 this session (fetch log kept as CC3-14.rcmp-original.fetch.txt). Tier 1 recorded because the text is the RCMP's own release distributed on its official wire; flag if own-domain is required. publish_date from the wire dateline. action_date = the search warrant execution 2021-06-29 (Project OLoki began Jan 2020; charges announced 2022-07-27; first court date 2022-07-28). Domestic: Canada; RCMP O Division Cybercrime Investigative Team is the only named body ('several companies' whose services were resold are unnamed). indictments n=5 (Manuel, Carlos, Carla, Elvis Da Rocha and Carlos Lopes; Criminal Code ss. 380(1)(a), 326, 327(1)); convictions=pending (court proceedings set for 2022-07-28); no arrest stated. Seized set-top boxes/receivers/re-broadcast equipment = search-and-seizure (arrest-search); no service takedown verb. No durability statement."
REG-2022-0015,walk-2026-08-17,B30,Policía Nacional,le,1,https://www.policia.es/_es/comunicacion_prensa_detalle.php?ID=13621,2022-09-06,,,La Policía Nacional detiene a un cibercriminal que vendía ilícitamente contenido audiovisual de pago a través de internet y vía satélite,,iptv-service,,true,,independent,,spain; united-kingdom,spain,Policía Nacional,domestic,,false,,false,none,arrest-search,true,,false,"FETCH: policia.es cookie wall; text via cookies_set.php POST in-session (see B12). publish_date from dateline '06/09/22'. United Kingdom is named only as the place from which the infrastructure was administered remotely - no UK authority or cooperation named -> countries_named only; domestic. 'El detenido ha sido acusado de delitos contra la propiedad intelectual, contra los servicios de difusión televisiva de carácter condicional y por defraudación de fluido eléctrico' is the police accusation on arrest, not a charging instrument -> indictments not-reported. No infrastructure action stated beyond the arrest (the release describes web pages, a messaging-app channel with >2,300 subscribers and an app with >50,000 downloads but does not say they were seized or blocked). No court stage/durability statements."
REG-2022-0016,walk-2026-08-17,DNG-2,Nigerian Copyright Commission (NCC),ministry-regulator,1,https://copyright.gov.ng/ncc-arrests-suspected-broadcast-pirate-impounds-contrivances/,2022-09-19,,2022-09-16,"NCC Arrests Suspected Broadcast Pirate, Impounds Contrivances",,other,,true,"illicit redistribution of DSTV/GOTV/Strong broadcast signals via decoders/cables to ~3,000 paying 'subscribers' in Port Harcourt (local pay-TV signal redistribution network; not internet IPTV)",independent,,nigeria,nigeria,Nigerian Copyright Commission (NCC),domestic,,false,,false,none,arrest-search,true,,false,"publish_date from the post dateline 'September 19, 2022' (candidate notes a repost 2022-10-28 at '…-contrivances-2/'); action_date = operation 'from the 16th into the wee hours of 17th September 2022' -> 2022-09-16. Domestic: Nigeria; NCC (Port Harcourt Office) is the only named body - 'other enforcement agencies' unnamed; DSTV/GOTV/Strong are decoder brands/right owners named as victims (not counted). arrests n=1 (Ajaye West William); indictments=pending: 'investigation is ongoing with a view to a likely prosecution' (WEAK floor - intention, not a referral; coordinator may downgrade to not-reported). Modality: arrest + seizure of decoders/materials (arrest-search); the redistribution network is a decoder/cable operation (~3,000 subscribers) -> medium 'other', in_scope borderline (pay-TV signal piracy). No durability statement. [2026-08-18 coordinator, codex IC reg2: indictments pending -> not-reported: 'investigation is ongoing with a view to a likely prosecution' is an intended prosecution, not a proceeding underway/referred/awaited in the release's own words (CODING v4 pending floor)]"
REG-2022-0017,de,DOM-2022-1003,Singapore Police Force (SPF),le,1,https://www.police.gov.sg/media-room/news/20221007_17_persons_arr_for_suspected_involvement_in_sales_of_illegal_streaming_devices,2022-10-07,,2022-10-04,17 Persons Arrested For Suspected Involvement In Sales Of Illegal Streaming Devices,,isd-retail,,true,"simultaneous raids on Sim Lim Square retail shops selling illegal streaming devices; 2,500+ devices seized",independent,,singapore,singapore,Criminal Investigation Department,domestic,,false,,false,none,arrest-search,true,,false,"Agrees with DE domestic; this release names no rights holder at all. Capture is a Wayback Machine snapshot (live URL 404 after SPF site migration) with the whole site chrome around the four-paragraph release; release body complete. PARENT of five follow-on rows: DOM-2024-1013 (charging, 26 Mar 2024) and the four ACE-announced sentencings DOM-2026-1005 (Ge Xin, 24 Oct 2024), DOM-2026-1006 (Wang Yue, 30 May 2025), DOM-2026-1007 (Yu Peng Hsueh-Shu, 18 Nov 2025), DOM-2026-1004 (Lin Da, 28 Jan 2026) — merged, this row would carry indictments n=4 (per-person charge counts 8/17/14/4), convictions n=4, imprisonments n=4 (10, 6, 22, 4 months). The IC repo holds the same action as wiki/operations/singapore-iprb-ace-sim-lim-square-isd-piracy-takedown-2022-2026.md (dedup verdict kept held-de per instruction). SGD figures. Word count includes frontmatter and site chrome."
REG-2022-0018,de,DOM-2022-1002,Hong Kong Customs and Excise Department,le,1,https://www.customs.gov.hk/en/customs-announcement/press-release/index_id_3527.html,2022-10-21,,2022-10-19,Hong Kong Customs detects suspected infringing case involving circumventing paid TV channels (with photo),,isd-retail,,true,shop selling a circumvention app and tablets/video equipment pre-installed with it to watch paid TV channels,independent,,hong-kong,hong-kong,Hong Kong Customs,domestic,,false,,false,none,arrest-search,true,,false,Agrees with DE domestic. Copyright owner assisted but is unnamed — not an organisation for orgs_named. 'An investigation is ongoing' is not a referral; indictments not-reported. HKD figures. Word count includes capture frontmatter and DE extraction notes; quotes from Extracted Text only.
REG-2022-0019,walk-2026-08-17,DNG-3,Nigerian Copyright Commission (NCC),ministry-regulator,1,https://copyright.gov.ng/ncc-raids-real-summit-tv-station-enugu-parleys-stakeholders-against-piracy/,2022-10-30,,2022-09-21,"NCC Raids Real Summit TV Station, Enugu, Parleys Stakeholders against Piracy",,other,,true,"BORDERLINE: target is a local broadcast TV station (Real Summit Television, Nsukka) 'transmitting copyright signals illegally' -- unauthorised retransmission of protected signals by a broadcaster, not an IPTV/streaming service; the source signals are unnamed. Coded in_scope=true under the pay-TV/signal-piracy reading with medium=other; coordinator may exclude.",independent,,nigeria,nigeria,Nigerian Copyright Commission (NCC),domestic,,false,,false,none,arrest-search,true,,false,"fetch: first fetch_text.py attempt returned a 503 (43 words); a re-run ~30 min later returned the article (rung curl_cffi status=200 words=612) -- coded from the re-fetch. date_source: byline 'October 30, 2022'; action_date from the text ('raid executed on 21st September 2022'). Nigeria only; NCC is the only named organisation ('armed Policemen' unnamed unit) -> domestic. Judicial: owner arrested (n=1); 'undergoing prosecution currently' -> a proceeding is underway in the record's own words -> indictments pending (the release does not say a charge was filed or name the court; coordinator may prefer yes-uncounted); no conviction/sentence. Modality: raid + arrest + confiscation of transmission equipment as evidence -> arrest-search (equipment confiscation is not asset-seizure). Rest of the release is NCC outreach activity, irrelevant to the row."
REG-2022-0020,de,DOM-2022-1001,Polizia di Stato (Polizia Postale),le,1,https://www.poliziadistato.it/articolo/38636e268a5aba8662396246,2022-11-11,,,"Polizia postale: operazione contro lo streaming illegale, 70 indagati",,iptv-service,,true,"operation 'Gotha' (name not in this release): hierarchical IPTV association, ~70% of Italian illegal streaming, 900,000+ users; searches and seizures in 23 provinces",independent,,italy; united-kingdom; germany; tunisia,italy,Polizia postale di Catania,domestic,,false,,false,none,arrest-search; hosting-takedown,true,,false,"Agrees with DE domestic: England, Germany and Tunisia are named only as where some leaders were located ('capi ... all'estero in Inghilterra, Germania e Tunisia') — the crime's geography, no foreign authority, request or joint action; listed in countries_named, not executing. Older-format capture (2026-05-31, IC-style frontmatter, CRLF, site navigation retained around the release) — release body complete (lines from the headline to the '11/11/2022' dateline). title_original = the release headline as it appears in the body (also in the frontmatter with a ' | Polizia di Stato' suffix). hosting-takedown is a borderline reading of 'Il flusso illegale delle IPTV è stato inibito agli utenti' plus seizure of streaming-diffusion equipment; mechanism not stated. indictments=pending: 70 indagati; the release says end users will be identified later (announced, not done — no end-user-action). Rights holders unnamed ('più note piattaforme'). Execution date not stated. IC repo holds the same release as a source page but no operation page for Gotha 2022. Word count includes capture frontmatter and site chrome."
REG-2022-0021,de,DOM-2022-1006,Hellenic Police (Ελληνική Αστυνομία),le,1,https://www.astynomia.gr/2022/11/12/12-11-2022-astynomikoi-tis-ypodiefthynsis-antimetopisis-organomenou-egklimatos-kai-eborias-anthropon-synelavan-47chrono-imedapo-kathos-diapistosan-tin-ebloki-tou-se-peirateia-syndromitiko/,2022-11-12,,2022-11-11,Αστυνομικοί της Υποδιεύθυνσης Αντιμετώπισης Οργανωμένου Εγκλήματος και Εμπορίας Ανθρώπων συνέλαβαν 47χρονο ημεδαπό καθώς διαπίστωσαν την εμπλοκή του σε «πειρατεία» συνδρομητικών καναλιών,,hybrid,,true,sold electronic devices with illegal pay-TV access and subscriptions (45+ parcels nationwide); his supplier also arrested,independent,,greece,greece,Τμήματος Καταπολέμησης Εμπορίας Ανθρώπων; Υποδιεύθυνση Αντιμετώπισης Οργανωμένου Εγκλήματος και Εμπορίας Ανθρώπων της Διεύθυνσης Ασφάλειας Θεσσαλονίκης; Εταιρίας Προστασίας Οπτικοακουστικών Έργων,domestic,,false,,true,coder,arrest-search,true,,true,"Agrees with DE domestic. arrests n=2 derived-from-enumeration: 47-year-old seller arrested 11-11-2022 ('Στη σύλληψη 47χρονου ημεδαπού') and his 50-year-old supplier (quote). EPOE employees assisted the searches (private_named, operational). 28,665 EUR cash in the house-search list = evidence under CODING v4 (PRIOR CODE asset-seizure withdrawn 2026-08-17). Blank-firing pistol also seized (unrelated). indictments=pending referral-inferred. Word count includes capture frontmatter and DE extraction notes; quotes from Extracted Text only. [2026-08-17 coordinator, codex IC reg1: asset-seizure removed. EUR 28,665 appears in the list of items 'βρέθηκαν και κατασχέθηκαν' in the house search of the two arrestees (with media players, disks, a blank-firing pistol, SIM cards, phones) -- a search seizure, no freeze/forfeiture/proceeds language; CODING.md Column 1. Flagged for the human re-read. EPOE (Εταιρίας Προστασίας Οπτικοακουστικών Έργων) is a named private complainant -> private_named true]"
REG-2022-0022,ic,spain-europol-ace-iptv-malaga-resellers-malta-uk-portugal-cyprus-greece-2022,Ministerio del Interior (Spain),ministry-regulator,1,https://www.interior.gob.es/opencms/es/detalle/articulo/Operacion-conjunta-de-la-Policia-Nacional-y-EUROPOL-Desarticulada-una-red-criminal-que-distribuia-contenidos-audiovisuales-de-forma-ilegal-a-mas-de-500.000-usuarios-en-varios-paises-europeos/,2022-11-16,,,Desarticulada una red criminal que distribuía contenidos audiovisuales de forma ilegal a más de 500.000 usuarios en varios países europeos,capture,iptv-service,pool-default,true,IC census row: pool tag illegal-iptv-ic; medium defaults to iptv-service (re-read as found),independent,,spain,spain,(wiki participating_agencies #1); (wiki participating_agencies #2); (wiki participating_agencies #3),domestic,wiki-fields,false,,true,wiki-flag,arrest-search; hosting-takedown; asset-seizure,true,,false,"converted from paper2/coding/spain-europol-ace-iptv-malaga-resellers-malta-uk-portugal-cyprus-greece-2022.json (coder agent-w2-2, 2026-08-13); date_source=raw-frontmatter; source_of_record=raw/press-releases/2022-11-16_interior-gob-es_malaga-iptv-500k-users-europol-takedown.md; tier_basis=raw-dir:press-releases; other_cited_captures=0; quotes are the cited lines as of the coding date; stratum from wiki fields (participating_countries=1, participating_agencies=3); official_release_sourced=True. CAPTURE TIERS. raw/press-releases/2022-11-16_interior-gob-es_malaga-iptv-500k-users-europol-takedown.md is USABLE: the Spanish nota de prensa's articleBody, recovered from the page's JSON-LD via a Wayback snapshot because the live URL returns Cloudflare 403 (its raw:11). The whole release body sits on ONE line (raw:17), which is why every cite in this row points there — the line, not my reading, is the granularity the capture offers. raw/news/2022-11-21_theshiftnews_...md is RECONSTRUCTION tier: an agent-authored structured digest of the article under editorial headings (""## Operation Summary"", ""## Infrastructure Seized"", ""## Cross-corroboration""), fetch_method WebFetch, no verbatim article text. NOTHING IS CITED FROM IT, which also keeps a known error out of the coding: it lists ""Bank accounts frozen totalling €3 million"" (theshift raw:41) where the official release gives EUR 3,000,000 as the ring's ANNUAL LAUNDERED PROFIT and reports eight accounts blocked with no total — the wiki caught and documented that compression (op:67, op:145, op:177). MODALITY, from the Spanish verbs. arrest-search: ""La operación ha finalizado con cuatro detenidos en los municipios malagueños de Benahavís (2), Mijas (una persona detenida y otra investigada) y Benalmádena (1), si bien continúan las gestiones para identificar a más posibles implicados relacionados con la organización en otros países."" plus the searches themselves, ""Durante los registros, los agentes accedieron a 10 paneles de administración..."" (both raw:17). hosting-takedown: ""Durante los registros, los agentes accedieron a 10 paneles de administración conectados a 32 servidores ubicados en Francia, Países Bajos y España donde se alojaban los contenidos ilegales de televisión a través de los que la organización ofrecía el servicio. Tras proceder a su desconexión se dejó sin servicio tanto a los revendedores como a los usuarios finales."" (raw:17) — coded on the definition's ""shut down"" limb, NOT on ""seized"": the wiki is right that no server was seized (op:65, results.servers_seized 0), the police reached the panels and disconnected them, and the service stopped. asset-seizure: ""Asimismo, la investigación ha permitido bloquear ocho cuentas bancarias e intervenir numeroso material informático, documentación, 2.800 euros en efectivo y dos vehículos de alta gama valorados en 180.000 euros."" (raw:17) — eight bank accounts BLOCKED is an unambiguous freeze, and the cash and vehicles ride with it; the computer material and documentation are evidence and do not carry this code on their own. NOT coded domain-seizure: the release says the ring used web pages to advertise subscriptions but reports no seizure or blocking of any site or domain (results.domains_seized 0, op:59). NOT coded end-user-action: ""se dejó sin servicio ... a los usuarios finales"" is the consequence of the disconnection, not an action aimed at subscribers. NOT coded blocking-order or payment-disruption: neither appears in the record. CORPUS DEFECT (wiki side, for the coordinator): the operation page asserts ""Real estate (movable and immovable property) seized in Malaga province"" (op:69, repeated at op:147) and attributes real-estate seizure to the action. The official release says the opposite thing about that property — it is how the money was LAUNDERED, not what was seized: ""Los beneficios obtenidos, que ascendían a unos tres millones de euros anuales, eran blanqueados por la organización adquiriendo bienes muebles e inmuebles en la provincia de Málaga y desviando fondos a través de sociedades españolas a cuentas bancarias ubicadas en paraísos fiscales."" (raw:17). The seized-items list in the same release is exhaustive and contains no property: computer material, documentation, EUR 2,800 in cash, two vehicles, plus eight bank accounts blocked. The claim traces to the reconstruction-tier capture, which files ""Real estate (movable and immovable property in Malaga province) seized"" under its ""Infrastructure Seized"" heading (theshift raw:43). My asset-seizure code does not rest on it. JUDICIAL. arrests n=4 (raw:17). Note alongside it, not in the count: a fifth person in Mijas is ""investigada"" (under investigation) but not detained, and the release says work continues to identify more implicated persons in other countries. indictments/convictions/imprisonments not-reported: the release names no charge, no statute (the wiki emptied legal_basis for exactly this reason, op:77), no court and no defendant. I did NOT code indictments as pending: the continuing ""gestiones"" are aimed at IDENTIFYING further suspects, which is investigative expansion rather than a statement that charging proceedings are underway against the four — the distinction the protocol's pending rule turns on. latest_record_date 2022-11-16, the only cited record; the later Shift News piece (2022-11-21) is uncited for tier reasons. RECONSTITUTION not-reported, and this one is BORDERLINE — flagged so the coordinator can flip it if they read the rule differently. The official release is published 28 days after the 19 October 2022 action day, which clears the protocol's 14-day window, and it states the disconnection left resellers and end users without service. But that sentence is past-tense about the moment of disconnection (""Tras proceder a su desconexión se dejó sin servicio...""), not a status check as at publication, and no record says the service stayed down or names a successor. I coded silence rather than durability. CORPUS SEARCH (Benahavís | Benalmádena | Mijas | ""500.000 usuarios"" | ""95 revendedores"", then Malaga/Málaga over wiki/sources/) returned the two cited pages plus twelve unrelated files — Operation Casper 2017, the 2021 Policía Nacional pay-TV action with 3,000 users, Black Axe, the Estepona Twitter-hack case and the sources index. No third record about this action day exists in the corpus, and no Europol own-domain release for it has ever been located (op:86, op:190). No linkage gap found."
REG-2022-0023,ic,europol-ios-xiii-counterfeit-piracy-12526-domains-takedown-2022,Europol,igo,1,https://www.europol.europa.eu/media-press/newsroom/news/international-operation-shuts-down-websites-offering-counterfeit-goods-and-pirated-content,2022-11-28,,,International operation shuts down websites offering counterfeit goods and pirated content – 12 526 websites taken down and 127 365 counterfeit products worth EUR 3.8 million seized,capture,hybrid,override,true,mixed counterfeit + piracy sweep: 'copyrighted content available on internet protocol television (IPTV) and movie streaming services' alongside 127 365 counterfeit products,independent,,albania; belgium; bulgaria; brazil; colombia; croatia; czech-republic; denmark; france; georgia; greece; hungary; ireland; italy; kosovo; lithuania; malta; moldova; montenegro; macedonia; portugal; romania; slovenia; spain; switzerland; united-kingdom; united-states,albania; belgium; bulgaria; brazil; colombia; croatia; czech-republic; denmark; france; georgia; greece; hungary; ireland; italy; kosovo; lithuania; malta; moldova; montenegro; macedonia; portugal; romania; slovenia; spain; switzerland; united-kingdom; united-states,(wiki participating_agencies #1); (wiki participating_agencies #2); (wiki participating_agencies #3); (wiki participating_agencies #4); (wiki participating_agencies #5),cooperative,wiki-fields,false,,true,wiki-flag,domain-seizure; hosting-takedown; content-delisting; arrest-search,true,,false,"converted from paper2/coding/europol-ios-xiii-counterfeit-piracy-12526-domains-takedown-2022.json (coder agent-w2-4, 2026-08-13); date_source=raw-frontmatter; source_of_record=raw/press-releases/2022-11-28_europol_in-our-sites-xiii-12526-websites-counterfeit-piracy-takedown.md; tier_basis=raw-dir:press-releases; other_cited_captures=0; quotes are the cited lines as of the coding date; stratum from wiki fields (participating_countries=27, participating_agencies=5); official_release_sourced=True. Cited source: wiki/sources/europol-ios-xiii-12526-websites-counterfeit-piracy-2022.md -> raw/press-releases/2022-11-28_europol_in-our-sites-xiii-12526-websites-counterfeit-piracy-takedown.md. CAPTURE TIER: USABLE -- verbatim body recovered from the Europol React SPA payload (`window.SERVER_DATA.NodeLoader.node`) via a TLS-impersonating fetch, HTTP 200, 43,754 bytes, no challenge (raw:28, 103-105); the file carries the introduction, the four body sections and the Kosovo footnote as blockquoted verbatim text (raw:32-64). The tables at raw:70-89 are agent-extracted restatements of those same sentences -- not cited; every code below cites the verbatim body instead.
MODALITY -- AGGREGATION PROBLEM (flagged as instructed): the 12 526 figure is a single undifferentiated count. The release describes the targets as ""intellectual property infringement on trademarks, as well as on copyrighted content available on internet protocol television (IPTV) and movie streaming services, peer-to-peer sharing platforms and hosting websites"" (raw:36) but NEVER splits the 12 526 into counterfeit-storefront domains vs streaming/piracy domains, and gives no per-country split either. The IPTV leg is separately evidenced only by the 32 servers / 2 294 channels line. Any streaming-only domain count for this row would be a fabrication; the row's domain modality therefore covers a mixed population.
domain-seizure: coded from the intro's verb -- the operation ""targets, investigates and seizes websites hosting a variety of illicit content"" (raw:36) -- plus the result ""law enforcement agencies across several continents have taken down 12 526 websites"" (raw:44) and the state/court process marker ""10 search warrants were issued"" (raw:48). VERB CAVEAT: the results sentence says ""taken down"", not ""seized""; ""seizes"" appears only in the intro's description of what the recurring operation does. No blocking verb (no injunction, no DNS/ISP block, no Piracy Shield-type measure) and no delisting verb appears anywhere for those 12 526, so blocking-order and content-delisting were NOT coded for them.
hosting-takedown: ""disconnected 32 servers used to distribute and host illegal content for 2 294 television channels"" (raw:44), restated as ""Spanish police disconnected 32 servers hosting the illicit content"" (raw:48) -- the operation-wide 32 and the Spain 32 are the same servers.
content-delisting: ""shut down 15 online shops selling counterfeit products on social media sites"" (raw:44) -- social-profile/storefront removal on a platform, which is the content-delisting definition; these 15 are counterfeit-goods shops, not streaming.
arrest-search: ""10 search warrants were issued and 14 people were detained or formally accused"", ""Spanish Police arrested four people"" (raw:48), and in Bulgaria ""a number of house searches were conducted and a workshop with sewing and embossing machines was discovered"" (raw:50).
PRIOR CODE asset-seizure (withdrawn 2026-08-18, CODING v4): ""Spanish police disconnected 32 servers hosting the illicit content and seized cash, documents and two luxury vehicles"" (raw:48) is a search inventory; the first coder read the two luxury vehicles as proceeds-converted assets in the record's lavish-lifestyle framing (""earning up to EUR 150 000 a month and living a lavish lifestyle in a luxury house, driving expensive cars"", raw:48), and Europol frames the action as ""conducting financial investigations and asset recovery concurrently"" (raw:52). The cash and documents are ambiguous between proceeds and evidence and are not what carries this code. NOT coded asset-seizure: the 127 365 counterfeit products (raw:44), the 600 counterfeit articles and the firearm (raw:50) -- contraband/evidence.
JUDICIAL -- STAGE-MERGING PROBLEM: the only operation-wide judicial figure merges two stages: ""10 search warrants were issued and 14 people were detained or formally accused of intellectual property crimes"" (raw:48). 14 cannot be assigned to arrests or to indictments, and no split is given. The only decomposed figures are a single country's action: ""In one specific action, Spanish Police arrested four people and one person was formally charged"" (raw:48). Spain's 4 and 1 are a SUBSET of the 27-jurisdiction umbrella, not the operation's totals, so n=4 / n=1 would misstate this row; the CODING.md ""most specific official breakdown"" tie-break is for conflicting counts of the same population and does not license substituting a country subset for the operation total. Coded arrests = yes-uncounted and indictments = yes-uncounted, both citing raw:48, with the two figures recorded here: operation-wide 14 detained-or-accused; Spain 4 arrested + 1 formally charged. convictions/imprisonments not-reported -- the release states no court outcome, and the wiki page agrees (""Spain and Bulgaria national prosecutions of the named OCGs proceed under domestic IP-criminal statutes; outcomes not in this Europol release."", op page:296). `pending` was NOT used for convictions: ""formally accused""/""formally charged"" is a charging statement, and the record never says a prosecution or trial is underway or referred. latest_record_date 2022-11-28 = the cited release's byline (the capture also records dateModified epoch 1676472908 = 2023-02-15, a CMS edit, not a new record).
RECONSTITUTION: not-reported. No cited record speaks to what happened to the 12 526 domains, the 32 servers, or the 15 shops after 28 November 2022; the operation period had closed 14 days earlier (14 November, raw:36), so even an announcement-time down-status would fail the 14-day durability window. The page's Contradictions section lists disclosure gaps (registrar choke-points, rights-holder identities, consumer loss) but flags no succession/effectiveness question, so open-question was not used.
CORPUS SEARCH (""12 526""/""12,526"", ""In Our Sites"", ""IOS XIII"", ""2 294"" over wiki/sources/): LINKAGE GAP FOUND. wiki/sources/2026-07-07_euipo_annual-activity-reports-2014-2024-series.md (raw/government-reports/2023-02-28_euipo_annual-activity-report-2022-ic-extract.md) independently reports this operation -- ""In Our Sites (p. 126) — global IP-crime operation, 27 countries; 12 526 websites, 32 servers, 2 294 TV channels, 15 social-media shops"" (that raw:37; also raw:12, raw:30) -- and the operation page cites it nowhere (source_count: 1). (corpus-search) NOT CITED in the cells because it is RECONSTRUCTION-tier (an agent-authored per-edition ""IC extract"" of a 213-page PDF, mixing quoted fragments with paraphrase and page numbers) and adds no verb or count the tier-1 release lacks; it does corroborate every figure and uses ""taken down"" rather than ""seized"" for the 12 526, which is worth recording against the verb caveat above. It also supplies IPC3 programme context that is NOT this operation (""47 successful operations ... 492 arrests and the dismantling of 73 organised crime groups"" since 2016, that raw:12) -- cumulative EUIPO-funded totals that must not be read onto this row. All 11 other corpus hits are other IOS editions (VI, VII, IX, X, XI, XII, Transatlantic III/V, 2017 ICE/Europol) -- different operations.
WIKI-SIDE OBSERVATIONS (not coding conflicts): the References table row [1] records no URL (op page:320) although the raw capture carries the Europol source_url (raw:4, 18). The page's Results table restates every figure faithfully; its ""Domain names seized 12,526"" label (op page:256) sharpens the release's ""taken down"", the same verb drift noted above. [2026-08-18 coordinator, re-read (CODING v4): asset-seizure removed (VALUE not THINGS): 'seized cash, documents and two luxury vehicles' in the Spanish sub-action -- a search inventory; the release's proceeds/asset-recovery words are generic policy remarks, not a measure taken]"
REG-2022-0024,walk-2026-08-17,CC3-7,ICE (U.S. Immigration and Customs Enforcement) / HSI Baltimore,le,1,https://www.ice.gov/news/releases/hsi-baltimore-seizes-55-websites-violated-copyrights-illegally-live-streaming-world,2022-12-12,,2022-12-10,HSI Baltimore seizes 55 websites that violated copyrights by illegally live streaming World Cup matches,,live-sports-stream,,true,,independent,,united-states; qatar,united-states,Homeland Security Investigations (HSI) Baltimore; National Intellectual Property Rights Coordination Center (IPR Center); Fédération Internationale de Football Association (FIFA),domestic,,false,,true,keywords,domain-seizure,true,,false,"date_source: dateline 'December 12, 2022 Washington, DC'. Seizure date Dec. 10 (2022). Qatar named only as tournament host. FIFA counted as a named rights-holder with operational role (its representative identified the sites). No arrests/charges stated. The page links a sibling release ('HSI Baltimore seizes another 23 websites...') -- a second seizure round in the same investigation, likely another candidate row; if coded, it should be follow-on to this one. Only 'HSI Baltimore' corpus hit is an unrelated 2014 Silk Road source. Three named bodies -> cooperative under the org-count rule (single state). [STRATUM RECOMPUTED 2026-08-17: REGISTER.md was revised mid-slice to the states-only rule (organisation counts play no part); this row was first coded cooperative on the org-count reading described above and is now domestic because countries_executing=1.] CO-PUBLICATION (2026-08-19, codex IC reg3 + duplicate screen): CC3-5 (U.S. Attorney's Office, District of Maryland, same day) announces this same seizure -- same 55 domains, same FIFA referral of September 2022, same HSI Baltimore investigation, same SAC Harris quotation. Under REGISTER.md's co-publication rule this row is the action (HSI executed the seizure; the USAO release commends 'HSI for its work in this investigation'), CC3-5 is dup:CC3-7 and a second cite. Round 2 of the same operation (23 further domains, 16 Dec) is CC3-8, follow-on of this row; its USAO twin CC3-6 is dup:CC3-8."
REG-2022-0025,walk-2026-08-17,CC4-9,Instituto Nacional de Defensa de la Competencia y de la Protección de la Propiedad Intelectual (Indecopi),ministry-regulator,1,https://www.gob.pe/institucion/indecopi/noticias/679157-el-indecopi-ordena-bloqueo-de-51-sitios-web-piratas-que-difundian-ilegalmente-partidos-del-mundial-de-qatar-peliculas-y-musica,2022-12-12,,2022-11-17,"El Indecopi ordena bloqueo de 51 sitios web piratas que difundían ilegalmente partidos del Mundial de Qatar, películas y música",,hybrid,,true,"one ex officio order blocking 51 sites: mostly live-sports streaming/linking sites (World Cup 2022; pirlotv, rojadirecta, livetv.sx, daddylive...), plus film streaming (soap2day) and stream-ripping/music sites -- mixed medium",independent,,peru; qatar,peru,Indecopi,domestic,,false,,false,none,blocking-order,true,,false,"date_source: 'Oficina de Promoción y Difusión 12 de diciembre de 2022 - 1:24 p. m.'; action_date = Resolución N° 0477-2022/CDA-INDECOPI del 17 de noviembre de 2022. Ex officio (no rights-holder applicant named) -> single org, domestic. Qatar named only as tournament host. ISPs are compelled intermediaries. Note: this ex officio order predates the 2023-12-20 (328 sites) and 2024-09-20 (400 sites) Indecopi sources already in the corpus."
REG-2022-0026,de,DOM-2022-1004,Hellenic Police (Ελληνική Αστυνομία),le,1,https://www.astynomia.gr/2022/12/15/15-12-2022-exarthrothike-egklimatiki-organosi-pou-drastiriopoiountan-stin-parochi-ypiresion-syndromitikis-tileorasis/,2022-12-15,,2022-12-14,Εξαρθρώθηκε εγκληματική οργάνωση που δραστηριοποιούνταν στην παροχή υπηρεσιών συνδρομητικής τηλεόρασης,,iptv-service,,true,"organisation decoding and retransmitting pay-TV via its own online platform, selling services and retransmission devices; 1,950+ customers",independent,,greece,greece,Υποδιεύθυνσης Ασφαλείας Πατρών,domestic,,false,,false,none,arrest-search; asset-seizure,true,,false,"Agrees with DE domestic: customers 'σε χώρες του εξωτερικού' is the crime's reach, no foreign authority named. asset-seizure: 60,910 EUR and 6 cars seized. Felony case file for criminal organisation, IP law and money laundering. Regional press office (Western Greece, Patras dateline). indictments=pending referral-inferred. Word count includes capture frontmatter and DE extraction notes; quotes from Extracted Text only."
REG-2022-0027,walk-2026-08-17,CC3-8,U.S. Immigration and Customs Enforcement (ICE) / Homeland Security Investigations (HSI) Baltimore,le,1,https://www.ice.gov/news/releases/hsi-baltimore-seizes-another-23-websites-violated-copyrights-illegally-live-streaming,2022-12-19,,2022-12-16,HSI Baltimore seizes another 23 websites that violated copyrights by illegally live streaming World Cup matches,,live-sports-stream,,true,,follow-on:CC3-7,,united-states; qatar,united-states,Homeland Security Investigations (HSI) Baltimore Field Office; National Intellectual Property Rights (IPR) Center; U.S. Attorney’s Office for the District of Maryland; Fédération Internationale de Football Association (FIFA),domestic,,false,,true,keywords,domain-seizure,false,unit=follow-on:CC3-7,false,"publish_date from the ICE dateline 'December 19, 2022'; action_date: 'seized 23 separate internet domains Friday' = 2022-12-16 (the Friday before the 2022-12-19 release; the final was 2022-12-18). UNIT: second round of HSI's 2022 'Operation Offsides' (23 domains, on top of 55 seized Dec. 10 = 78 total); the first round is candidate C3-6 in another slice -> follow-on:CC3-6 so the operation is one row; the IC page operation-offsides-world-cup-streaming-piracy-2026 is the 2026 edition and explicitly lists the 2022 '78 domains' as unverified - not a dup. Sub-heading: 'HSI-led ‘Operation Offsides’ netted 78 seized domain names in 1 week for copyright violations'. Qatar is named only as the tournament host (countries_named, not executing). Cooperative on orgs: HSI Baltimore (led), IPR Center and USAO Maryland (significant assistance), FIFA (rights-holder that identified the sites - named rights-holder, counts). domain-seizure under federal process with seizure-banner redirect. RECONSTITUTION relaunch-reported: after the FIRST round, agents observed 'additional, alternative sites offering illicit streams' (new domains up after the seizure; the record does not say they were the same operators - flag as clone-persistence if the coordinator prefers open-question/not-reported); as_of = release date. No judicial stage stated (no persons charged). [STRATUM recomputed under REGISTER.md as revised 2026-08-17 (states only; organisation counts play no part): countries_executing=['united-states'] -> domestic; first-pass value under the old orgs clause was 'cooperative' - the org-count/'complainant-counted'/'same-force-units' remarks above are now descriptive only (private_named covariate).] REPOINTED (2026-08-19, codex IC reg3): was follow-on:CC3-6; CC3-6 is the USAO twin of THIS release (same 23 domains, same day) and is now dup:CC3-8, so this row follows the round-1 action row CC3-7 directly."
REG-2023-0001,walk-2026-08-17,CC3-4,"U.S. Attorney's Office, Eastern District of Pennsylvania",prosecutor,1,https://www.justice.gov/usao-edpa/pr/leader-illegal-copyright-infringement-scheme-sentenced-5-12-years-imprisonment,2023-03-08,,,Leader of Illegal Copyright Infringement Scheme Sentenced to 5 ½ Years’ Imprisonment,,iptv-service,,true,,follow-on:CC3-3,,united-states,united-states,"U.S. Attorney's Office, Eastern District of Pennsylvania; Federal Bureau of Investigation; Internal Revenue Service-Criminal Investigation; DOJ Computer Crime and Intellectual Property Section",domestic,,false,,false,none,asset-seizure,false,unit=follow-on:CC3-3,false,"publish_date from the release dateline 'Wednesday, March 8, 2023' (page footer says 'Updated March 9, 2023'). UNIT: this is the SENTENCING stage of the Carrasquillo/'Gears TV' IPTV case whose indictment (2021-09-22, DOJ OPA + USAO-EDPA twin) is candidate C3-3 in another slice - coded as follow-on:CC3-3 so the register does not count the case twice; neither stage is held in IC/DE (only the PRO-IP annual-report series source mentions Carrasquillo). If C3-3 is not entered as a row, promote this to independent. Judicial: convictions n=1 (Carrasquillo, 11 counts), imprisonments n=1 (66 months), indictments yes-uncounted (Carrasquillo 'along with his co-defendants' - number not given here; C3-3 has the count). asset-seizure: >$30M forfeiture ordered (sentencing-stage forfeiture tied to this action) plus seizure warrants for homes/vehicles. Restitution $10.7M (cable companies) + >$5M (IRS). Cooperative on orgs (USAO-EDPA, FBI, IRS-CI, CCIPS all named with a role); US only. No durability statement. [STRATUM recomputed under REGISTER.md as revised 2026-08-17 (states only; organisation counts play no part): countries_executing=['united-states'] -> domestic; first-pass value under the old orgs clause was 'cooperative' - the org-count/'complainant-counted'/'same-force-units' remarks above are now descriptive only (private_named covariate).]"
REG-2023-0002,ic,brazil-mjsp-operacao-404-fase-5-2023,Brazil Ministry of Justice and Public Security (Ministério da Justiça e Segurança Pública),le,1,https://www.gov.br/mj/pt-br/assuntos/noticias/operacao-404-5-prende-11-pessoas-e-bloqueia-mais-de-200-sites-e-aplicativos-ilegais,2023-03-14,,,Operação 404.5 prende 11 pessoas e bloqueia mais de 200 sites e aplicativos ilegais,capture-h1,iptv-service,pool-default,true,IC census row: pool tag illegal-iptv-ic; medium defaults to iptv-service (re-read as found),independent,,brazil; united-kingdom; peru,brazil; united-kingdom; peru,(wiki participating_agencies #1); (wiki participating_agencies #2),cooperative,wiki-fields,false,,true,wiki-flag,arrest-search; blocking-order; content-delisting,true,,false,"converted from paper2/coding/brazil-mjsp-operacao-404-fase-5-2023.json (coder agent-w1-2, 2026-08-13); date_source=raw-frontmatter; source_of_record=raw/press-releases/2023-03-14_mj-gov-br_operacao-404-fase-5-199-sites-63-apps-11-arrests.md; tier_basis=raw-dir:press-releases; other_cited_captures=1; quotes are the cited lines as of the coding date; stratum from wiki fields (participating_countries=3, participating_agencies=2); official_release_sourced=True. CAPTURE TIERS: the MJSP raw is a HYBRID capture - explicitly labeled short verbatim extracts (lines 24, 31, 44, 61, 66, 75 in Portuguese, plus the verbatim title line 13) inside agent-authored scaffolding ('Enforcement results (aggregated from the release)' lines 52-58, L24/L25/L26 verification sections). Verbatim-quote lines treated as usable raw evidence; aggregation lines cited only as (reconstruction). The v2 three-tier taxonomy is per-capture and does not authorize this per-line split - protocol gap flagged. The Indecopi raw is RECONSTRUCTION by its own frontmatter (fetch_method: WebSearch summary after gob.pe HTTP 418; text_status: paraphrase-with-verbatim-quote). MODALITY: arrest-search - mjsp:31 'Mandados de busca e apreensão foram cumpridos nos estados de Pernambuco, São Paulo, Paraná, Minas Gerais, Rio Grande do Sul, Bahia, Ceará e Rio de Janeiro.' (32 warrants per aggregation) + mjsp:44 arrests. blocking-order - source verbs are 'bloqueia'/'bloqueados' throughout: title mjsp:13 'Operação 404.5 prende 11 pessoas e bloqueia mais de 200 sites e aplicativos ilegais' (verb covers sites AND apps; 199+63=262 = 'mais de 200') and mjsp:61 'bloqueados 128 domínios e seis canais de aplicativo de mensagem, que contavam com mais de quatro mil inscritos e eram utilizados para distribuição de músicas ainda não lançadas oficialmente'; per the frontmatter-seed caveat the op frontmatter domains_seized:128 and [[domain-seizure]] mechanism links were NOT followed - the record's verb is blocked, not seized. Peru component folded into blocking-order: indecopi:19 (reconstruction) 'ordered the blocking and definitive closure of a network composed of 69 illegal websites' - count conflict: release title says 'cerca de 70', body says 69; most specific = 69, noted not coded. content-delisting page_only borderline call: the aggregation line mjsp:54 '63 illegal music applications removed' and the op page (line 186) use the verb 'removed' (app/platform removal = content-delisting), but the only verbatim verb covering the 63 apps is the title's 'bloqueia' (blocking-order); both codes carried, conflict recorded here. The 6 messaging-app channels ('canais de aplicativo de mensagem... bloqueados', mjsp:61) are platform-level channel takedowns by object but 'bloqueados' by verb - left under blocking-order to stay verb-faithful. JUDICIAL: arrests n=11 from the verbatim breakdown mjsp:44 'Nesta 5ª fase, foram presas onze pessoas: quatro em São Paulo, duas no Paraná, uma na Bahia e quatro em Minas Gerais.' No indictment/conviction/imprisonment stage stated in either record (release cites only the abstract penalty range 'reclusão de dois a quatro anos e multa', mjsp:66). latest_record_date 2023-03-21 = Indecopi release byline (MJSP 2023-03-14, updated 2023-03-15 per mjsp:15). CORPUS SEARCH: 'fase 5 / 404.5' hits in wiki/sources beyond the two cited are contextual back-references only (2022-06-21 fase-4, 2023-11-28 fase-6, 2023-12-20 indecopi fase-6 Peru side, 2026-07-07 IPEC) - all about different phases; no uncited same-operation source; no linkage gap. RECONSTITUTION not-reported: no record on what happened to the blocked sites/apps afterward."
REG-2023-0003,walk-2026-08-17,DNG-4,Nigerian Copyright Commission (NCC),ministry-regulator,1,https://copyright.gov.ng/copyright-commission-confiscates-n2-2-million-infringing-broadcast-materials-in-port-harcourt-arrests-suspects/,2023-03-16,,2022-11-11,"Copyright Commission Confiscates N2.2 Million Infringing Broadcast Materials in Port Harcourt, Arrests Suspects",,other,,true,"illegal cable redistribution of DSTV pay-TV content to ~5,000 subscribers on a commercial basis (base stations at 3 locations) — pay-TV signal piracy, coded medium 'other' (cable, not IP)",independent,,nigeria,nigeria,Nigerian Copyright Commission (NCC); Multichoice Nigeria; Nigerian Security and Civil Defence Corps (NSCDC),domestic,,false,,true,coder,arrest-search; hosting-takedown,true,,false,"[orgs-rule-only] Operation 2022-11-11, released 2023-03-16 (dateline 'March 16, 2023'). Two arrested (a third arrested then escaped — not counted). Confiscated 'contrivances' are the infringing equipment (evidence), not asset-seizure. Multichoice Nigeria = named complainant collaborating in the operation; NSCDC = security backup -> cooperative on the orgs rule only, one state. Suspects taken to NSCDC for detention; no charging stage stated. [2026-08-17 coordinator: stratum cooperative->domestic by the states-only rule (DE CODEBOOK s.3 v1.11+); coder's value kept as stratum_as_coded]"
REG-2023-0004,walk-2026-08-17,DNG-5,Nigerian Copyright Commission (NCC),ministry-regulator,1,https://copyright.gov.ng/ncc-arrests-suspected-broadcast-pirate-impounds-contrivances-3/,2023-03-16,,2022-12-22,"NCC Arrests Suspected Broadcast Pirate, Impounds Contrivances",,other,,true,"illicit redistribution of pay-TV broadcast signals to paying 'subscribers' using boosters and decoders (physical signal-redistribution service, not internet IPTV) -- pay-TV piracy service, medium 'other'",independent,,nigeria,nigeria,Nigerian Copyright Commission (NCC); Multi-Choice,domestic,,false,,false,none,arrest-search,true,,false,"date_source: post dateline 'March 16, 2023'; operation date '22 nd December 2022' (release text spacing). Arrests n=2 derived from enumeration (Chinazaekpere Ezuma + father Benson Ezuma, apprehended together). Multi-Choice's Anti-Piracy Manager named as collaborator -> named rights-holder with operational role -> counted -> cooperative under the org-count rule; 'a team of Mobile Policemen' is generic (Nigeria Police not named) -> not counted. 'investigation was ongoing with a view to likely prosecution' does not meet the pending floor -> indictments not-reported. Seized decoders/boosters = evidence. [STRATUM RECOMPUTED 2026-08-17: REGISTER.md was revised mid-slice to the states-only rule (organisation counts play no part); this row was first coded cooperative on the org-count reading described above and is now domestic because countries_executing=1.]"
REG-2023-0005,ic,coda-cbep-china-b9good-anime-piracy-takedown-2023,Content Overseas Distribution Association (CODA),coalition,1,https://coda-cj.jp/en/news/282/,2023-03-28,,,"“B9GOOD”, one of the largest pirate sites for Japanese anime, criminally exposes four people, including the operator, in China - Content Overseas Distribution Association（CODA）",capture,iptv-service,pool-default,true,IC census row: pool tag illegal-iptv-ic; medium defaults to iptv-service (re-read as found),independent,,china; japan,china; japan,(wiki participating_agencies #1); (wiki participating_agencies #2),cooperative,wiki-fields,false,,true,wiki-flag,arrest-search; asset-seizure; hosting-takedown,false,publisher_type=coalition,false,"converted from paper2/coding/coda-cbep-china-b9good-anime-piracy-takedown-2023.json (coder agent-w1-1, 2026-08-13); date_source=raw-frontmatter; source_of_record=raw/press-releases/2023-03-28_coda_b9good-largest-anime-pirate-site-four-criminally-exposed.md; tier_basis=raw-dir:press-releases; other_cited_captures=2; quotes are the cited lines as of the coding date; stratum from wiki fields (participating_countries=2, participating_agencies=2); official_release_sourced=True. CAPTURE TIERS: all four captures usable (CODA EN + JP arrest-stage releases and JP verdict release carry the full document text inside nav wrappers; TorrentFreak fulltext). Modality: arrest-search = Male A detained 2023-02-14, co-offenders B/C/D searched and interrogated at their homes Feb 18-Mar 21 (EN raw:55, JP raw:57). asset-seizure = the ~4M-yuan residence bought with advertising proceeds, seized by the PSB at arrest stage (EN raw:61) and confirmed confiscated as illegal income in the judgment (verdict raw:61); the 1.8M RMB fine is a penalty, not coded as asset-seizure. hosting-takedown is a BORDERLINE CALL: 'After the criminal exposé of the main parties involved and an analytical investigation of the servers used, the site was completely shut down on March 27.' (EN raw:55) - the site was shut down following the enforcement and server analysis, but no server/domain seizure is itemised (servers were rented in China, Canada, Japan and elsewhere and are not stated seized; op page seeds servers_seized/domains_seized 0). Judicial: arrests n=1 - the most specific official breakdown is CODA's own: one person taken into custody (Male A, 身柄を拘束) and three questioned at home (在宅にて取り調べ); CONFLICTS noted per protocol: TorrentFreak's lede says 'Three people arrested in China last year' (TF raw:57) and the wiki frontmatter seeds arrests: 4 from the '4 criminally exposed' (刑事摘発) framing - both folded into notes, CODA's breakdown coded (same pattern as the pilot's Mobdro tie-break). indictments n=3 derived-from-enumeration: A is stated indicted (公訴提起, verdict raw:57); B and D received court sentences for the joint copyright crime, which entails charges (verdict raw:59); Male C was 'subject to mitigation/exemption measures under Chinese criminal law' (減免措置, verdict raw:59; TF raw:93 'was not sentenced') with his exact disposition (non-prosecution vs sentence exemption) unspecified, so he is NOT counted - the op page's '4 charged / 3 sentenced' framing (frontmatter indictments: 4) is the conflicting wiki-level count. convictions n=3: guilty verdicts 2023-12-26 by the Taizhou court for A (3y imprisonment suspended 3y6m + 1.8M RMB fine), B (1y suspended 1y6m), D (8mo suspended 1y), final after the appeal period (verdict raw:57, 59; TF raw:89, 91 corroborates). imprisonments none-stated: every custodial term imposed was suspended - no immediate custodial component (suspended is not custodial per CODING.md v2); A's pre-trial detention 2023-02-14 to bail 2023-03-19 (EN raw:61) is not an imposed sentence component and no time-served credit is stated. latest_record_date 2024-03-04 (verdict-finalisation release and TF, same day). Reconstitution open-question: the JP arrest release flags that since the crackdown stopped B9GOOD's updates, multiple pirate sites are being circulated online as substitutes (代替サイト) under coded language, and CODA plans to investigate them (JP raw:83) - these are third-party substitute sites, not a named successor or a stated relaunch of B9GOOD by its operators, so not successor-named/relaunch-reported; no affirmative down-status dated 14+ days after the action exists (the 2024-03-04 verdict release refers to the site only in past tense). Evidence date = release date 2023-03-28, same day as the announcement. Corpus search ('b9good', 'B9DM'): wiki/sources/2024-07-26_gigazine_japan-anti-piracy-group-big-results-china-crackdown.md mentions B9GOOD only as context for CODA's broader China programme ('including the earlier B9GOOD matter') - a marginal find, not a same-operation source; no linkage gap. Minor record-level discrepancy not affecting coded cells: CODA's EN arrest release gives the SimilarWeb window as 'January 2021 to December 2022' (EN raw:69) while the JP arrest release gives 2021年3月～2023年2月 (JP raw:71). [v3 S5b review 2026-08-13] The reconstitution evidence (2023-03-28) predates this row's `announced` field (2024-03-04), which S5b flags. Inspected: the coding is correct and the field is the ambiguity. The enforcement action and CODA's report of substitute sites are both March 2023; `announced: 2024-03-04` is a later CODA publication, and the page's own timeframe carries end: 2023-12-26 (verdict). Coded against the action per CODING.md v3."
REG-2023-0006,ic,coda-cbep-brazil-operation-animes-anime-piracy-takedown-2023-2024--phase1-2023,Content Overseas Distribution Association (CODA),coalition,1,https://coda-cj.jp/en/news/289/,2023-03-31,,,36 Japanese anime piracy sites closed due to Brazil’s “Operation Animes” all-out crackdown - Content Overseas Distribution Association（CODA）,capture,iptv-service,pool-default,true,IC census row: pool tag illegal-iptv-ic; medium defaults to iptv-service (re-read as found),independent,coda-cbep-brazil-operation-animes-anime-piracy-takedown-2023-2024,brazil; japan,brazil; japan,,cooperative,wiki-fields,false,,true,wiki-flag,arrest-search; voluntary-transfer,false,publisher_type=coalition,false,"converted from paper2/coding/coda-cbep-brazil-operation-animes-anime-piracy-takedown-2023-2024--phase1-2023.json (coder agent-split-an, 2026-08-13); date_source=raw-frontmatter; source_of_record=raw/press-releases/2023_coda_operation-animes-1-brazil-36-anime-piracy-sites-takedown.md; tier_basis=raw-dir:press-releases; other_cited_captures=0; quotes are the cited lines as of the coding date; stratum from wiki fields (participating_countries=2, participating_agencies=0); official_release_sourced=True; component_of=coda-cbep-brazil-operation-animes-anime-piracy-takedown-2023-2024. COMPONENT A of a two-action page, coded from its own records only; no cell was taken from the parent page's combined coded file. CAPTURE TIER: usable - raw/press-releases/2023_coda_operation-animes-1-brazil-36-anime-piracy-sites-takedown.md carries CODA's verbatim English release body (raw:55-87) inside site navigation chrome (raw:33-47, 105-163); http_status 200, storage_mode fulltext, word_count 961. The phase-2 capture (raw/press-releases/2024_coda_operation-animes-2-brazil-korea-coa-16-sites-takedown.md) is also usable and speaks to this component at its raw:59, but is not cited in any cell here (see RIGHT-CENSORING).

DATES ESTABLISHED (records, not the parent page's rollup): criminal referral filed by CODA members November 2022 ('In November 2022, TOEI ANIMATION CO., LTD., TOHO CO., LTD., and Bandai Namco Filmworks Inc. filed criminal referral through CODA against four pirate sites in Brazil that infringe on Japanese animation.', raw:61); Brazilian raids from 8 February 2023 and closures February-March 2023 ('From February to March 2023, several malicious piracy sites of Japanese anime in Brazil, including “goyabu.com” and “animeyabu.com,” were shut down due to accusations by CODA members.', raw:55; raw:61); the MJSP announced the phase itself on 8 February 2023 - CODA's footnote 2 gives the gov.br release URL and '(Published February 8, 2023; updated February 13, 2023)' (raw:79, raw:81); CODA's own release byline is '2023.04.20' (raw:53). ⚠ The wiki source page and the raw frontmatter both carry publish_date: 2023-03-31, which is (a) a different month from the document's own byline and (b) a month-end value, as is the phase-2 capture's 2024-08-31 against its 2024.08.26 byline - both look like assigned end-of-month placeholders. Byline over capture metadata per CODING.md, so latest_record_date = 2023-04-20 and the conflict is recorded here. ⚠ tools/paper2_dataset.py declares this component's announced as 2023-11-01; no record supports that date. Nothing in either capture places any part of phase 1 in late 2023. The records-supported candidates are 2023-02-08 (MJSP announcement of the phase) or 2023-04-20 (CODA's release, the announcement of the results); 2023-04-20 keeps the two components on the same basis, since the phase-2 component's declared 2024-08-26 is exactly its CODA byline.

MODALITY. arrest-search: 'since February 8, 2023, raids and other investigations have been conducted in each of the three cases, and a total of 13 sites have been closed down, including these four sites as well as nine related sites operated by the suspects' (raw:61), corroborated by the release's own enforcement photo caption 'Scene of the search①' (raw:99, with its siblings at raw:101 and raw:103). voluntary-transfer: 'we conducted knock-and-talks (direct negotiations) with the operators of another 9 sites, and as a result, these 9 sites and their 9 affiliated sites, totaling 18 sites, were also shut down' (raw:61) and 'Furthermore, 22 of these 36 domains have already been surrendered through negotiations' with the post-handover redirect (raw:65) - per CODING.md, post-settlement redirects stay in voluntary-transfer. ⚠ This contradicts the framing carried in the parent page's missing_fields, which attributes knock-and-talk / voluntary transfer to phase 2 only: phase 1's knock-and-talks account for 18 of its 36 closures, more than the 13 closed through the criminal cases. NOT CODED: domain-seizure - no cited record states any state or court seizure or transfer of a domain; both phases' domains moved 'through negotiations' (raw:65). The parent frontmatter's results.domains_seized: 33 is the repo's loose seed convention (22 phase-1 + 11 phase-2 negotiated surrenders). NOT CODED: hosting-takedown - the records apply 'closed down' / 'shut down' to sites and never name a server, host, registrar, or blocking instrument; Operation 404's programme-level footnote ('the blocking of 1,974 sites, the removal of 783 illegal apps, and 128 raids in 20 states', raw:75) is cumulative programme history, not this action, and coding an instrument from it would be inference. Borderline flagged: a coder reading '13 sites have been closed down' (raw:61) as a hosting shutdown would add the code (the corpus's b9good row made that call on a record that at least discussed the servers; this record does not mention servers at all). NOT CODED: blocking-order, content-delisting, payment-disruption, intermediary-process, asset-seizure, end-user-action - none stated.

JUDICIAL. arrests not-reported: neither capture mentions any arrest, detention, or custody in phase 1; the record refers only to 'the suspects' (raw:61). This is silence, not an affirmative absence - the parent frontmatter's results.arrests: 0 and its prose 'No arrests reported in either phase' are a schema seed and a statement about reporting, neither of which is evidence for none-stated (CODING.md). indictments pending, referral-inferred: rights holders filed a criminal referral through CODA in November 2022 and three criminal cases were worked with raids (raw:61); CODA's footnote 3 defines the instrument as 'A request to the local police to investigate a suspect because of a suspected crime' (raw:83). ⚠ Re-mapping note for a reader: this is a rights-holder criminal complaint to POLICE (JP 刑事告発), not a referral to prosecution and not a prosecutor-led investigation; it is coded pending on the same footing the manual gives HR kaznena prijava and IT denunciati (pre-charge referral opening a proceeding against identified suspects), and it is more than the bare search-warrant execution the manual excludes, because a formal complaint was filed and three cases exist. No charging decision, prosecutor, or court is named anywhere in the record. convictions / imprisonments not-reported: silence.

RIGHT-CENSORING. latest_record_date 2023-04-20 = this row's only cited record. A later record from the same publisher revisits this component 16 months on - 'Phase 1 of the operation was conducted from February to March 2023, resulting in the shutdown of 36 Japanese anime piracy sites.' (2024 capture, raw:59) - reporting no judicial development and no recurrence, but it is a past-tense restatement rather than a status affirmation (same treatment the corpus's b9good row gives a later past-tense reference), so it is not cited in a cell and does not move the censoring date.

RECONSTITUTION borderline, flagged: the coded evidence is the announcing release's own status statement, and it qualifies only because the announcement lags the action - byline 2023-04-20 against an action ending in March 2023 is at least 20 days, outside CODING.md's 14-day exclusion, and 71 days after the 8 February raids. If a coordinator instead treats the source page's publish_date 2023-03-31 as authoritative, the gap to the March closures can fall inside 14 days and this cell becomes not-reported. Also noted: 14 of the 36 domains were not surrendered ('Negotiations will continue for the remaining sites to surrender their domains.', raw:65) - those sites are stated closed but their domains stayed with the operators; the record does not frame this as an effectiveness question, so it is not open-question. The record's only effectiveness evidence points the other way (legitimate-service search popularity peaking during the closure window, raw:67).

PARTICIPATING COUNTRIES ESTABLISHED BY THIS COMPONENT'S RECORDS: 2 - Brazil (executing: MJSP / Operation 404 raids from 2023-02-08, raw:61, raw:57) and Japan (CODA plus its member rights holders TOEI ANIMATION, TOHO, Bandai Namco Filmworks; the activity 'was part of a project entrusted from the Ministry of Economy, Trade and Industry', raw:73). South Korea is NOT a phase-1 participant: the strings Korea, COA and webtoon do not occur anywhere in the phase-1 capture (verified by grep, exit 1), and the wiki source page says so explicitly. The parent page's frontmatter participating_countries lists Brazil + Japan + South Korea for the whole page, which over-scopes Korea onto this component.

PAGE DEFECT CONFIRMED (top-20 figures conflated; reported, wiki not edited): the two phases report DIFFERENT top-20 figures against DIFFERENT baselines, and each belongs to its own phase. Phase 1: 'resulting in the closure of 12 of the top 20 animation infringement sites in Brazil as of the time before this measure was implemented (February-April 2022)' (this capture, raw:63). Phase 2: 'As a result of the operation, seven of the top 20 anime infringement sites in Brazil during that period were closed.' (2024 capture, raw:65), where 'that period' is that release's SimilarWeb window '*4: January 2023 – March 2023 by SimilarWeb data.' (2024 capture, raw:93). The operation page carries only the phase-2 figure and re-scopes it to the whole campaign in three places - frontmatter target_entity 'seven of Brazil's top 20 anime-infringement sites were closed across the campaign' (wiki/operations/coda-cbep-brazil-operation-animes-anime-piracy-takedown-2023-2024.md:28), Background (same file:109) and Results and Impact (same file:134) - dropping phase 1's 12 entirely. The 'across the campaign' mis-scope also sits in the phase-2 source page summary (wiki/sources/2024_coda_operation-animes-2-brazil-korea-coa-16-sites-takedown.md:37), while the phase-1 source page summary omits the 12 figure. The two figures are not additive and not comparable (different baseline periods, and phase 2's ranking is of anime sites during Jan-Mar 2023 while phase 1's is of animation sites during Feb-Apr 2022).

CORPUS SEARCH ('Operation Animes', 'Operação Animes', 'Operation Anime 2', goyabu, animeyabu, animeshouse, animesbr, meuanime, and the three coda-cj.jp/en/news URLs): no uncited in-corpus source page about this operation exists - the only wiki/sources/ hits are the two already cited. No linkage gap. The MJSP's own gov.br releases for both phases (URLs at raw:79 and 2024 capture, raw:91) are NOT in the corpus; they are the government-side primary records this row lacks."
REG-2023-0007,walk-2026-08-17,B39,FIOD,le,1,https://www.fiod.nl/illegale-iptv-aanbieder-uit-de-lucht-gehaald-honderdduizenden-tvs-op-zwart/,2023-05-23,,2023-05-23,"Illegale IPTV-aanbieder uit de lucht gehaald, honderdduizenden tv’s op zwart",,iptv-service,,true,,independent,,netherlands,netherlands,FIOD; Openbaar Ministerie; Europol; Functioneel Parket,domestic,,false,,false,coder,arrest-search; hosting-takedown; asset-seizure,true,,false,"date_source: dateline 'Publicatiedatum 23-05-2023, 15:52'; action 'Vandaag' = 2023-05-23. SAME ACTION as the Europol release already held as an IC source page (2023-05-23_europol_one-of-europes-biggest-pirate-iptv-service-taken-down-in-netherlands, cited only by the illegal-iptv-ic crime-type page; no operation page and no DE action page exist) -- so no held action row; verdict possible-dup against that source only. Both are state/IGO tier-1 releases of one action: coordinator should keep ONE register row (FIOD is the executing agency's own release; Europol release is a second cite). Stratum: Netherlands is the only executing state; Europol named with an analytic role ('Europol een belangrijke rol gespeeld bij de analyse') and OM/Functioneel Parket lead -> two-or-more named organisations -> cooperative (Europol is an IGO, not a state, so countries_executing stays [netherlands]). Judicial: 4 aangehouden; no charge or outcome stated (PRIOR CODE indictments not-reported; since 2026-08-18 pending on the Functioneel Parket sentence, see below). Modality: data centre 'stilgelegd' = hosting-takedown; house/business searches + arrests; beslag on bank accounts, five cars, cash = asset-seizure (money-laundering framing, not evidence). Reconstitution: 'Vanaf vandaag werken de IPTV-abonnementen niet meer' is announcement-day down-status (<14 days) -> not-reported. [2026-08-17 coordinator: stratum cooperative->domestic by the states-only rule (DE CODEBOOK s.3 v1.11+); coder's value kept as stratum_as_coded] [2026-08-17 coordinator, codex IC reg1: possible-dup -> new. B39 (FIOD, executing agency's own release: n=4 arrests, three modalities) is the register row for this action; the Europol release AE4 is the same action and is dropped as dup of B39 (REGISTER.md: one row per action; the executing authority's release is the source of record, the IGO release a second cite). Second cite: https://www.europol.europa.eu/media-press/newsroom/news/one-of-europes-biggest-pirate-iptv-service-taken-down-in-netherlands] [2026-08-18 coordinator, re-read (4 verifiers, CODING v4): indictments not-reported -> pending (referral-inferred; prosecutor/court-led investigation stated): investigation led by the Functioneel Parket (public prosecution) and executed by FIOD 'en het Openbaar Ministerie']"
REG-2023-0008,de,DOM-2023-1005,Hellenic Police (Ελληνική Αστυνομία),le,1,https://www.astynomia.gr/2023/06/08/08-06-2023-exarthrothike-egklimatiki-organosi-pou-drastiriopoiountan-stin-parochi-ypiresion-syndromitikis-tileorasis-2/,2023-06-08,,2023-06-07,Εξαρθρώθηκε εγκληματική οργάνωση που δραστηριοποιούνταν στην παροχή υπηρεσιών συνδρομητικής τηλεόρασης,,iptv-service,,true,"organisation supplying decoders for illegal retransmission of pay-TV channels; 1,370 customers, customer-management panel seized",independent,,greece,greece,Υποδιεύθυνσης Ασφαλείας Πατρών,domestic,,false,,false,none,arrest-search; asset-seizure,true,,false,"Agrees with DE domestic. Case file against 7 accused (3 arrested, 4 sought). asset-seizure: 40,966 EUR. indictments=pending referral-inferred. Word count includes capture frontmatter and DE extraction notes; quotes from Extracted Text only."
REG-2023-0009,ic,italy-germany-gdf-impero-iptv-telegram-takedown-2023,"Guardia di Finanza — Comando regionale (Nucleo Speciale Tutela Privacy e Frodi Tecnologiche, Roma); republished verbatim by Citta Metropolitana di Firenze official 'MET — News dalle Pubbliche Amministrazioni' portal (provincia.fi.it)",le,1,http://met.provincia.fi.it/news.aspx?n=368846,2023-06-22,,,"GdF Nucleo Speciale Tutela Privacy e Frodi Tecnologiche: streaming illegale, sequestrate risorse web e proventi illeciti",capture-h1,iptv-service,pool-default,true,IC census row: pool tag illegal-iptv-ic; medium defaults to iptv-service (re-read as found),independent,,italy; germany,italy; germany,(wiki participating_agencies #1),cooperative,wiki-fields,false,,false,none,arrest-search; domain-seizure; content-delisting; asset-seizure,true,,false,"converted from paper2/coding/italy-germany-gdf-impero-iptv-telegram-takedown-2023.json (coder agent-w2-4, 2026-08-13); date_source=raw-frontmatter; source_of_record=raw/press-releases/2023-06-22_gdf-met-fi_nucleo-speciale-tutela-privacy-frodi-tecnologiche-impero-iptv-italia-germania.md; tier_basis=raw-dir:press-releases; other_cited_captures=0; quotes are the cited lines as of the coding date; stratum from wiki fields (participating_countries=2, participating_agencies=1); official_release_sourced=True. Cited sources: (1) wiki/sources/2023-06-22_gdf-met-fi_... -> raw/press-releases/2023-06-22_gdf-met-fi_nucleo-speciale-tutela-privacy-frodi-tecnologiche-impero-iptv-italia-germania.md; (2) wiki/sources/2024-10-23_euipo-europol_uncovering-ecosystem-ip-crime.md -> raw/government-reports/2024-10-23_euipo-europol_uncovering-ecosystem-ip-crime.md.
CAPTURE TIERS: the GdF/MET capture is USABLE for raw:12-48 -- the verbatim Italian release body as republished by the Citta Metropolitana di Firenze MET institutional portal, recovered over plain HTTP after an HTTPS cert-altname failure (raw:7, 57); raw:52-75 (""Tier-1 verification notes"", ""Key extracted facts"") is agent-authored and not cited. NOTE the capture has lost Italian diacritics throughout (""e stato eseguito"", ""attivita illecita"", ""Autorita giudiziaria"", ""responsabilita""); quotes below are exact to the CAPTURE, which is what the cite resolves to. The EUIPO+Europol 2024 capture is RECONSTRUCTION-tier (a 23-line agent digest of a strategic report) and carries NO Impero-specific fact -- its only relevant lines are ecosystem generalities (that raw:19-23) -- so it is cited in no cell and does not move latest_record_date.
MODALITY (from the Italian verbs, not the frontmatter): arrest-search -- ""hanno dato esecuzione a un decreto di perquisizione personale, informatica e locale emesso dalla"" Procura di Milano ""nei confronti di 13 persone"" (raw:22), and in Germany ""le operazioni sono state condotte nei confronti di 2 soggetti italiani"" under the EIO (raw:24). Searches against persons, no arrest verb anywhere. domain-seizure -- the same seizure decree covered ""e di un sito web utilizzati per l'attivita illecita"" (raw:26): a court-ordered sequestro of the website, i.e. transfer of control under state process. content-delisting -- ""60 risorse della piattaforma di messaggistica Telegram"" seized (raw:26): Telegram channels are platform-hosted resources, not domains or hosting, and their removal is the social-profile/repository removal that v2's content-delisting covers; the principal channel was ""Impero IPTV"" (raw:28). BORDERLINE FLAGGED: one could argue the 60 Telegram resources belong under domain-seizure because the instrument is a sequestro; they are coded as delisting because the code set distinguishes by WHAT was acted on, and a Telegram channel is not a domain. asset-seizure -- ""proventi illeciti per oltre 620.000 euro"" seized, ""ricostruiti grazie alle indagini finanziarie svolte sui conti aperti dagli indagati su piattaforme di servizi di pagamento digitale e di trasferimento di denaro tramite internet e su account detenuti presso exchange gestori di criptovalute"" (raw:26) -- explicitly includes cryptocurrency-exchange accounts. NOT coded: hosting-takedown (no server or hosting action stated; frontmatter results.servers_seized: 0 agrees); payment-disruption (funds in the suspects' own accounts were seized -- no processor or advertising cutoff is stated); intermediary-process (financial-account reconstruction is implied but no disclosure order to a CDN/registrar/host is stated, which is what v2 scopes this code to); end-user-action (the page's Follow-Up explicitly records that end-customer follow-on is NOT disclosed, op page:283).
JUDICIAL: arrests not-reported -- the record describes only searches and seizures; nobody is said to have been arrested (frontmatter results.arrests: 0). indictments = pending, NOT n=13. The 13 are ""denunciate""/""indiziate"": ""nei confronti di 13 persone, — dodici di nazionalita italiana e una di origini albanesi, residenti in diverse regioni della penisola e in Germania — indiziate di essere, in concorso tra loro, gli amministratori di canali social che vendevano abusivamente abbonamenti ai palinsesti TV protetti dal diritto d'autore, diffondendo i flussi IPTV ""pirata"" attraverso reti telematiche."" (raw:22), and the release closes: ""Si evidenzia che il procedimento penale verte ancora nella fase delle indagini preliminari e che la responsabilita degli indagati sara definitivamente accertata solo ove intervenga sentenza irrevocabile di condanna."" (raw:46). Italian denuncia at the indagini-preliminari stage makes the 13 indagati (persons under investigation), not imputati -- no rinvio a giudizio is stated, so a formal charge count is not in the record; `pending` is the value the protocol provides for ""proceedings are underway"". This matches the treatment of the sibling GdF operation already coded in this batch (italy-france-germany-tutto-chiaro-cinemagoal-iptv-takedown-2026.json, indictments = pending against ""indagati""). The count IS in the record and is preserved here: 13 denunciati (12 Italian nationals + 1 of Albanian origin), of whom 2 (Italian nationals, the Master tier) were targeted in Frankfurt am Main. The wiki frontmatter's results.indictments: 13 (op page:89) is the seed reading of ""denunciati"" as charges; the coded value deliberately differs and the reason is here. convictions/imprisonments not-reported -- no court outcome exists at the record date and the page's Follow-Up asks for the trial outcome to be tracked (op page:282). latest_record_date 2023-06-22 (release byline; the release also carries a publish_time of 11:47, raw:5).
RECONSTITUTION: not-reported. No cited record speaks to what happened after 22 June 2023. The page's Contradictions & Open Questions list disclosure gaps (platforms not named, customer count, regions, crypto/fiat split, Eurojust dossier, ingest method, end-customer follow-on) but flags NO succession or reconstitution question, so open-question was not used; the seizure of only 60 of a Telegram ecosystem's channels invites the question but the corpus does not pose it.
CORPUS SEARCH (Impero, pezzotto, ""620.000""/""620,000"" over wiki/sources/): 8 hits, none an uncited source ABOUT this operation. Five mention Impero only as a cross-reference exemplar in other documents (2014-10-21_cjeu_bestwater, 2019-11-28_euipo_bournemouth-phase-3, 2024-09-01_eurojust_flyer-illegal-iptv-services-eu, 2024-10-23_euipo-europol_uncovering-ecosystem (cited anyway), the two 2026 Tutto Chiaro captures). One is worth recording: wiki/sources/2024-07-04_bka_bundeslagebild-cybercrime-2023.md:61 states ""The Hessische Polizei (Hesse State Police) played the German role in the 2023 Impero IPTV / Telegram pay-TV takedown"" (corpus-search) -- but its own raw capture attributes that to outside knowledge, not to the BKA report: ""(e.g. the Hessische Polizei role in the 2023 Impero IPTV / Telegram pay-TV takedown — separate source)"" (raw/government-reports/2024-07-04_bka_bundeslagebild-cybercrime-2023.md:37). Not cited: it is a reconstruction-tier digest whose Impero sentence is not the publisher's, and it adds nothing the GdF release does not already state. No linkage gap.
WIKI-SIDE OBSERVATIONS: References row [1] records no URL (op page:310) although the capture carries source_url http://met.provincia.fi.it/news.aspx?n=368846 (raw:2). The page's Background attributes example payment providers (""PayPal, Skrill, Revolut"", ""Wise, Western Union digital, MoneyGram digital"", op page:163, 240-241) that the record does NOT name -- the release names only the three account CLASSES; the page does label them as illustrative, but they are absent from the source and were not coded from."
REG-2023-0010,ic,egypt-ace-movizland-mena-vod-piracy-takedown-2023,Alliance for Creativity and Entertainment (ACE),coalition,1,https://www.alliance4creativity.com/news/ace-action-prompts-arrest-of-a-major-piracy-operator-in-the-middle-east-north-africa-mena-region/,2023-06-28,,,ACE Action Prompts Arrest of a Major Piracy Operator in the Middle East North Africa (MENA) Region,capture,iptv-service,pool-default,true,IC census row: pool tag illegal-iptv-ic; medium defaults to iptv-service (re-read as found),independent,,egypt,egypt,(wiki participating_agencies #1); (wiki participating_agencies #2); (wiki participating_agencies #3),domestic,wiki-fields,false,,true,wiki-flag,arrest-search; hosting-takedown,false,publisher_type=coalition,false,"converted from paper2/coding/egypt-ace-movizland-mena-vod-piracy-takedown-2023.json (coder agent-w1-1, 2026-08-13); date_source=raw-frontmatter; source_of_record=raw/press-releases/2023-06-28_ace_movizland-arrest-mena-piracy-operator.md; tier_basis=raw-dir:press-releases; other_cited_captures=3; quotes are the cited lines as of the coding date; stratum from wiki fields (participating_countries=1, participating_agencies=3); official_release_sourced=True. CAPTURE TIERS: ACE own-domain capture is PARTIAL (Incapsula bot wall, L11) - headline/dateline/lead paragraph verbatim (raw:24), remaining bullets are labelled read-not-quoted facts (raw:26-33), so only the lead line is cited as raw evidence; TorrentFreak 2023-06-30, Advanced Television and TorrentFreak whack-a-mole captures are usable fulltext. This page had a documented L54 contamination history (it once carried the 2024 Laroza release's URL/title/raw); all WITHDRAWN claims are excluded from coding: 'largest pirate site in MENA' (Laroza's descriptor), the case-specific CDN/registry-subpoena method, and the Ministry of Interior attribution (which rests on the retrospective series-level MPA quote in ACE's 2024 Laroza release, wiki/sources/2024-09-12_ace_laroza-largest-mena-piracy-site-dismantled.md - a corpus-search-adjacent source about a DIFFERENT operation, relevant here only for agency attribution, which is not a coded column). Modality: arrest-search = arrest of the Cairo-based operator, announced by ACE 2023-06-28 (ACE raw:24 verbatim lead; AT raw:57; TF raw:69 'the alleged owner was arrested'). hosting-takedown is a BORDERLINE CALL: ACE's own release announces ONLY the arrest; the site shutdown is tier-2 TorrentFreak's attribution ('Egyptian law enforcement authorities have shut down Movizland', TF raw:57; 'taking down Movizland', TF raw:67); no source reports an infrastructure-level seizure (op page: servers/domains 0 structurally), mechanism unstated. Judicial: arrests n=1; no charge, prosecution, conviction or sentencing stage appears in any cited record through 2026 (op page Follow-Up Actions confirms), and the record does not state proceedings are underway, so indictments stay not-reported rather than pending. latest_record_date 2023-09-06 = TorrentFreak whack-a-mole (cited in the reconstitution cell); the TF takedown article's own byline is June 30, 2023 (raw:51) although its wiki slug says 06-29 (already documented on the source page). Reconstitution open-question: no Movizland-specific successor, relaunch or affirmed 14+day down-status exists in any cited record; the record itself frames regional persistence as the action's effectiveness question - TF 2023-06-30 poses it directly (raw:89, quoted in evidence, followed by 'pirate brands such as Egybest, MyCima, Shahed4U, Yalla-Shoot and Yallakora live on') and TF 2023-09-06 documents the whack-a-mole re-routing ('Over the past months, we have seen reincarnations of several pirate brands previously shut down by ACE', raw:99) - note Movizland is NOT among the brands listed as living on; the op page's Challenges section flags the same displacement pattern. Per the clone-sites rule this codes open-question (record frames clones/persistence as the open effectiveness question), not no-reconstitution-reported (no affirmative dated down-status). Corpus search ('movizland'): the only un-cited source-page mention is the 2024 Laroza release (above); no same-operation linkage gap."
REG-2023-0011,ic,coda-taiwan-xiongai-xiaoyun-isd-illegal-tv-app-takedown-2023,Content Overseas Distribution Association (CODA),coalition,1,https://coda-cj.jp/en/news/371/,2023-09-27,,,Taiwan: Criminal bust of illegal TV viewing app and Illicit Streaming Device; total of 11 operators arrested in two cases - Content Overseas Distribution Association（CODA）,capture,iptv-service,pool-default,true,IC census row: pool tag illegal-iptv-ic; medium defaults to iptv-service (re-read as found),independent,,taiwan; japan,taiwan; japan,(wiki participating_agencies #1); (wiki participating_agencies #2); (wiki participating_agencies #3),cooperative,wiki-fields,false,,true,wiki-flag,arrest-search,false,publisher_type=coalition,false,"converted from paper2/coding/coda-taiwan-xiongai-xiaoyun-isd-illegal-tv-app-takedown-2023.json (coder agent-w1-4, 2026-08-13); date_source=source-page; source_of_record=raw/press-releases/2023-09-27_coda_taiwan-xiongai-tv-app-xiaoyun-isd-11-arrests.md; tier_basis=raw-dir:press-releases; other_cited_captures=0; quotes are the cited lines as of the coding date; stratum from wiki fields (participating_countries=2, participating_agencies=3); official_release_sourced=True. Capture tier: the single CODA capture is USABLE despite nav boilerplate (site menu at raw:31-53 and 105-163; the full release body is present at raw:55-103) — same pattern as the pilot's police.hu call; text_status: parsed is accurate here. Modality: arrest-search only — March 2023 raids ""in Yilan County, Taichung City, and other areas and arrested four suspects"" for the 熊愛影視APP app, and in August they ""raided the base of a criminal organization"" and ""arrested seven suspects"" for the 小雲機上盒 ISD (both on raw:55). Equipment seizure is stated only as a press-conference photo caption (""Seized APP, ISD and other equipment"", raw:73) and via ""the recent seizure"" (raw:67) — evidence seizure within the raids, subsumed under arrest-search. No domain, hosting, blocking, delisting, payment or asset action is stated anywhere in the record — no further modality coded. Judicial: arrests n=11 derived-from-enumeration (4 + 7, both counts on raw:55; the title line ""total of 11 operators arrested in two cases"" raw:49 states the aggregate). Indictments pending, referral-inferred: at the investigating agency's request CODA confirmed the infringement and the member company ""filed a criminal complaint with the Yilan District Public Prosecutors Office in July"" (raw:63) — a referral into prosecution; and for the ISD case ""the investigation has been ongoing since then"" (raw:65). No charging articles, prosecutions, or convictions are disclosed (operation page frontmatter mirrors this: arrest-stage outcome). Damage context: ""The damage is estimated at more than NT$1.81 billion (approximately ¥8.35 billion) in initial estimates."" (raw:61). latest_record_date 2023-09-27 = the release's own byline ""2023.09.27"" (raw:53); the raw frontmatter publish_date field is empty and collection_date is 2026-05-31 — byline over capture timestamp per protocol. Reconstitution: no cited record speaks to what happened to the app or ISD service after the arrests — not-reported. Corpus search (熊愛影視 / 小雲機上盒 / Xiongai / Xiaoyun): only the already-cited source page — no linkage gap. The operation page's missing_fields notes CODA's other Taiwan releases (2021, 2024, 2025 matters) as context, but those are separate matters not ingested as sources for this operation and none is a follow-on judicial record for THESE 11 arrestees."
REG-2023-0012,walk-2026-08-17,DTH-5,กรมสอบสวนคดีพิเศษ (DSI),le,1,https://www.dsi.go.th/th/Detail/4d98610a8cfc2171138c49904c51ba7f,2023-09-28,,2023-09,"DSI ส่งสำนวนคดีพิเศษ กลุ่มเครือข่ายเว็บไซต์หนังออนไลน์ละเมิดลิขสิทธิ์รายใหญ่ 5 สำนวน มูลค่าความเสียหายกว่า 8,274 ล้านบาท",,streaming-site,,true,,umbrella,,thailand,thailand,กรมสอบสวนคดีพิเศษ (กองคดีเทคโนโลยีและสารสนเทศ),domestic,,false,,false,none,,false,unit=umbrella,false,"publish_date 'เผยแพร่: 28 ก.ย. 2566' (2023-09-28); the five case files were sent on 11, 26 and 27 September 2023 -> action_date 2023-09. UNIT = umbrella: one release reporting the referral to the IP&IT prosecutor of FIVE separate special cases - 58/2560 dootv.com (9 natural + 3 legal persons; = TH-6/7/8 cluster), 113/2560 Doo4k.tv (7), 5/2562 biapp.tv (4, 2 fled with warrants), 21/2563 sakkarinsai8.com streaming-server host (1), 22/2563 movie2free (2) - 23 natural persons + 3 legal persons in total; per REGISTER.md umbrella records are not census rows; each case's referral should be coded onto its own action row where one exists (dootv, Doo4k) - the sakkarinsai8/biapp/movie2free cases have no root candidate in this slice. Cells are still filled from the text for the coordinator: indictments=pending (23 natural persons referred with a recommendation to prosecute; legal persons in notes). Domestic: DSI only (Bangkok Broadcasting & TV / Channel 7 named as victim of case 1; prosecutor is recipient). Medium: movie-streaming sites + a streaming server host also relaying EPL (streaming-site). No infrastructure action in this release; no durability statement."
REG-2023-0013,de,DOM-2023-1002,Hellenic Police (Ελληνική Αστυνομία),le,1,https://www.astynomia.gr/2023/09/29/29-09-2023-exarthrothike-egklimatiki-organosi-paranomis-parochi-ypiresion-syndromitikis-tileorasis-10-syllipseis-pano-apo-25-ekat-evro-paranomo-periousiako-ofelos/,2023-09-29,,2023-09-28,Εξαρθρώθηκε εγκληματική οργάνωση παράνομης παροχή υπηρεσιών συνδρομητικής τηλεόρασης &#8211; 10 συλλήψεις &#8211;,,iptv-service,,true,"organisation running illegal IPTV portals with resellers, 13,000 customers, VOD library",independent,,greece,greece,Υποδιεύθυνσης Ασφαλείας Πατρών,domestic,,false,,false,none,arrest-search; asset-seizure,true,,false,"Agrees with DE domestic: one arrestee is 'αλλοδαπός' (no nationality given), digital banks 'που εδρεύουν στο εξωτερικό' are the crime's payment channel — no foreign authority. asset-seizure: 93,500 EUR, 6,400 GBP, 6 luxury cars, 6 motorcycles. title_original reproduces the capture's HTML entities '&#8211;' exactly as captured. Portals not stated seized/blocked. indictments=pending referral-inferred. Word count includes capture frontmatter and DE extraction notes; quotes from Extracted Text only."
REG-2023-0014,de,DOM-2023-1001,Hong Kong Customs and Excise Department,le,1,https://www.customs.gov.hk/en/customs-announcement/press-release/index_id_3929.html,2023-10-11,,2023-10-11,Hong Kong Customs detects suspected infringing cases involving unauthorised communication of copyright works to the public (with photo),,isd-retail,,true,"10 retail shops offering illicit streaming devices (set-top boxes and designated apps); ~1,200 devices seized",independent,,hong-kong,hong-kong,Hong Kong Customs,domestic,,false,,false,none,arrest-search,true,,false,"Agrees with DE domestic. Older-format capture (2026-05-31, IC-style frontmatter, CRLF line endings, page chrome such as 'Previous Page' retained after the release) — the release body itself is complete. First application of the 'communication right' under the Copyright (Amendment) Ordinance 2022 to illegal streaming devices, per the release. Copyright owner unnamed. HKD figures. Word count includes capture frontmatter/chrome; quotes from Extracted Text only."
REG-2023-0015,ic,austria-germany-bk-iptv-pay-tv-decryption-takedown-2023,Bundeskriminalamt Oesterreich (BK),le,1,https://www.bundeskriminalamt.at/news.aspx?id=766E495644386B38346E493D,2023-10-24,,,Handel mit illegal entschluesselten TV-Inhalten: 20 Festnahmen in Oesterreich,capture,iptv-service,pool-default,true,IC census row: pool tag illegal-iptv-ic; medium defaults to iptv-service (re-read as found),independent,,austria; germany,austria; germany,(wiki participating_agencies #1),cooperative,wiki-fields,false,,false,none,arrest-search; asset-seizure,true,,false,"converted from paper2/coding/austria-germany-bk-iptv-pay-tv-decryption-takedown-2023.json (coder agent-w1-4, 2026-08-13); date_source=raw-frontmatter; source_of_record=raw/press-releases/2023-10-24_bundeskriminalamt-at_handel-mit-illegal-entschluesselten-tv-inhalten-20-festnahmen.md; tier_basis=raw-dir:press-releases; other_cited_captures=0; quotes are the cited lines as of the coding date; stratum from wiki fields (participating_countries=2, participating_agencies=1); official_release_sourced=True. Capture tiers: the BK Austria capture is USABLE (full verbatim German release body at raw:44-62, retrieved via Wayback snapshot 2024-11-17 per raw frontmatter; not a nav shell). The second cited source, the EUIPO+Europol ecosystem report (raw/government-reports/2024-10-23_euipo-europol_uncovering-ecosystem-ip-crime.md), is RECONSTRUCTION tier — an agent-authored bullet digest, not a verbatim extraction (its raw even contains a parenthetical referencing the May 2026 Tutto Chiaro operation, an event postdating its 2024-10-23 date) — and carries no operation-specific fact about this Austrian case (grep for Austria/Wiener Neustadt in that raw: zero matches), so it is not cited. Modality: arrest-search — 20 arrests plus numerous house searches: heading ""20 Festnahmen und zahlreiche Hausdurchsuchungen"" (raw:58) and ""20 Verdaechtige in Wien, Niederoesterreich, Salzburg, Vorarlberg und Tirol"" arrested (raw:60); asset-seizure — ""Bankguthaben in Hoehe von 1,6 Millionen Euro"", cash and an Audi A7 ""beschlagnahmt"", 60 bank accounts and one safety-deposit box secured (raw:60; also raw:46). The 55 electronic data carriers were seized and analysed as evidence within the searches (arrest-search), not coded asset-seizure. Did NOT code hosting-takedown: the record states the perpetrators had ""35 Server angemietet"" (raw:60) but states no seizure or shutdown of those servers — the operation page itself notes the server takedown action is not itemised in the BK release; frontmatter servers_seized: 0. Judicial: arrests n=20 is the Austria-specific count; the record additionally states uncounted foreign arrests — ""Mittaeter in Deutschland und in weiteren europaeischen Laendern ausgeforscht und festgenommen"" (raw:60) — coded per the most-specific-official-breakdown rule with the uncounted foreign remainder here in notes (the total therefore exceeds 20 but no aggregate is stated). Indictments pending: the record states the Staatsanwaltschaft Wiener Neustadt opened a criminal investigation proceeding — ""ein Ermittlungsverfahren ein, und uebermittelte die deutschen Ermittlungsergebnisse an das"" Bundeskriminalamt (raw:48) — and that further tax/financial-crime investigations are being conducted (raw:60); the offenses are described (""gewerbsmaessigen Betruges, der Geldwaesche, des Zugangskontrollgesetzes"" plus Urheberrechtsgesetz, raw:52) but no formal indictment of any defendant is stated — proceedings-underway reading of the pending rule; borderline call flagged. Convictions/imprisonments: silent — the release is arrest-stage; a parallel civil proceeding in Germany (raw:52) is civil, not coded. Reconstitution: no cited record speaks to what happened to the decryption/IPTV service after the action — not-reported. latest_record_date 2023-10-24 = BK release date (raw:62 byline ""Artikel Nr: 26259 vom Dienstag, 24. Oktober 2023, 12:00 Uhr""). Corpus search (Wiener Neustadt / 20 Festnahmen / illegal entschl*): only the already-cited BK source page — no linkage gap."
REG-2023-0016,walk-2026-08-17,DTH-6,กรมสอบสวนคดีพิเศษ (DSI),le,1,https://www.dsi.go.th/th/Detail/833b449ec77a045c25dadf41854473bc,2023-10-25,,2023-10-24,"DSI จับกุมผู้บริหาร ดูทีวี มีเดีย ละเมิดลิขสิทธิ์รายการโทรทัศน์ของช่อง 7 จำนวน 592 รายการ มูลค่าความเสียหาย 2,809,255,221 บาท",,streaming-site,,true,,independent,,thailand; united-kingdom; united-states,thailand,กรมสอบสวนคดีพิเศษ; ศูนย์สืบสวนสะกดรอยและการข่าว; กองคดีเทคโนโลยีและสารสนเทศ,domestic,,false,,false,none,arrest-search,true,,false,"date_source: 'เผยแพร่: 25 ต.ค. 2566' (BE 2566 = 2023); action_date 24 Oct 2023 ('วานนี้ (วันอังคารที่ 24 ตุลาคม 2566)'). Special case 58/2560; conduct March 2015-Aug 2018. Thailand executes; the UK and US are named only as locations of the company's offices/servers/payment rails (no authority named) -> countries_named only. Only DSI units named with roles; victim BBTV Channel 7 (named, victim only) -> domestic. Target: DooTV Media Co., Ltd (legal person, notes only) ran dootv.com and thaiflix.com, subscription VOD (USD 14/30 days via PayPal) of Channel 7 programmes for viewers abroad, cloud servers in the UK geo-blocked from Thailand -> streaming-site. Judicial: 2 executives arrested and handed to DSI investigators (n=2); 6 more suspects to be pursued (future); no charge/outcome stated -> not-reported. Modality: arrests only (no search/seizure or site action stated) -> arrest-search. 'สับเปลี่ยนเว็บไซต์และพัฒนาเว็บไซต์ใหม่ๆ' (rotating/replacing sites) describes evasion during the offence period (pre-action) -> history, not durability."
REG-2023-0017,walk-2026-08-17,B31,Policía Nacional,le,1,https://www.policia.es/_es/comunicacion_prensa_detalle.php?ID=15942,2023-11-02,,,La Policía Nacional desarticula una organización criminal dedicada a distribuir fraudulentamente contenido audiovisual,,iptv-service,,true,,independent,,spain,spain,Policía Nacional,domestic,,false,,false,none,arrest-search; hosting-takedown,true,,false,"fetch: tools/fetch_text.py alone returns the 78-word policia.es cookie-consent shell (L57; wayback and jina failed); re-fetched in a curl_cffi session after POST /cookies_set.php (rung curl_cffi+cookies_set), text coded from that. date_source: dateline '02/11/23'. action_date not stated (investigation began February 2022). Only Policía Nacional named; rights-holders unnamed ('los titulares de los derechos'), no court/prosecutor named -> domestic. IPTV via apps on tvBox/smartTV/smartphone from two operating centres (Alicante, Sevilla), >18,300 customers, sold through a telecom-consultancy front company (unnamed legal person -- notes only). Modality: 4 entradas y registros; the two operating centres' IT infrastructure 'desmantelando toda la infraestructura informática' -> hosting-takedown (physical dismantling of the serving infrastructure during the searches). Judicial: 8 detained, 'acusadas de' is the arrest allegation, not a filed charge -> indictments not-reported. Also 'material informático' intervened as evidence (not asset-seizure). Estimated lucro cesante EUR 366,250."
REG-2023-0018,walk-2026-08-17,CC1-4,Polizeipräsidium Stuttgart,le,1,https://www.presseportal.de/blaulicht/pm/110977/5640168,2023-11-02,,2023-10-31,POL-S: Staatsanwaltschaft und Polizei Stuttgart geben bekannt: Illegal Pay-TV Sender zur Verfügung gestellt,,iptv-service,,true,self-developed paid streaming platform offering pay-TV channels,independent,,germany,germany,Polizeipräsidium Stuttgart; Staatsanwaltschaft,domestic,,false,,false,coder,arrest-search,true,,false,"[orgs-rule-only] Hosted on presseportal.de (news aktuell Blaulicht) — the official distribution channel of German police press offices ('Original-Content von: Polizeipräsidium Stuttgart'); publisher_tier kept at 1 per ACQUISITION_LOG practice, coordinator to confirm the own-domain policy (needs_review for that reason only). Publisher on the page is the police presidium (candidate table said prosecutor); the StA is co-announcer, named without city in the body ('Staatsanwaltschaft und Polizei Stuttgart'). Search only, no arrest stated -> arrests not-reported; indictments:pending = StA-led investigation of a suspect, referral-inferred (thin). Seized media are evidence, not asset-seizure. Stratum cooperative on the orgs rule only (police + prosecutor, one state). [2026-08-17 coordinator: stratum cooperative->domestic by the states-only rule (DE CODEBOOK s.3 v1.11+); coder's value kept as stratum_as_coded] [2026-08-18 coordinator, re-read (4 verifiers, CODING v4): indictments quote re-anchored (value pending unchanged): the old quote was the bare search sentence CODING excludes; the prosecutor co-authors the announcement (StA-led Ermittlungsverfahren) -- the thinnest pending in the sample, recorded as such] [2026-08-18 coordinator, re-read (4 verifiers, CODING v4): needs_review cleared: presseportal.de/blaulicht is the police release channel per REGISTER.md ('Original-Content von: Polizeipräsidium Stuttgart, übermittelt durch news aktuell'); tier 1 stands] [2026-08-19 reverse pending screen] indictments: pending -> not-reported. The recorded quote WAS the headline, 'Staatsanwaltschaft und Polizei Stuttgart geben bekannt' -- a statement about who issued the press release, not about who directs the proceeding. The word Staatsanwaltschaft occurs three times in the capture and NONE is in the body: the page title, the headline, and presseportal's auto-generated 'Themen in dieser Meldung' tag block. Ermittlungsverfahren and Beschuldigter do not occur at all; the body is a search and an evidence haul, and the investigation language attributes the work to 'die Beamten'. Contrast CC1-6, which carries the identical headline formula and states 'auf Antrag der Staatsanwaltschaft Stuttgart' in its body -- the headline carries no information, the body does."
REG-2023-0019,walk-2026-08-17,DTH-7,กรมสอบสวนคดีพิเศษ (DSI),le,1,https://www.dsi.go.th/en/Detail/c251cf221b13160024ae3267e84b5f79,2023-11-15,,2023-11-15,"DSI จับกุมโปรแกรมเมอร์และนักการตลาดเว็บไซต์ ดูทีวี มีเดีย ละเมิดลิขสิทธิ์รายการโทรทัศน์ของช่อง 7 จำนวน 592 รายการ มูลค่าความเสียหาย 2,809,255,221 บา",,streaming-site,,true,subscription websites dootv.com / thaiflix.com re-distributing Channel 7 programmes (592 titles) to members in Thailand and abroad,follow-on:DTH-6,,thailand; united-kingdom; united-states,thailand,กองคดีเทคโนโลยีและสารสนเทศ; ศูนย์สืบสวนสะกดรอยและการข่าว กรมสอบสวนคดีพิเศษ,domestic,,false,,false,none,arrest-search,false,unit=follow-on:DTH-6,false,"Second arrest stage (2 arrested 2023-11-15: programmer + marketing head, warrants of 2023-08-07) of DSI special case 58/2560 (DooTV Media); the release itself says two company executives were arrested earlier on 2023-10-24 ('ก่อนหน้านี้ได้จับกุมผู้ต้องหาซึ่งเป็นผู้บริหารบริษัท ดูทีวี มีเดีย จำกัด จำนวน 2 ราย เมื่อวันที่ 24 ตุลาคม 2566') = candidate TH-6 in another slice -> unit follow-on:TH-6 (the parent's arrests should total 4 across the two stages). UK/USA named as company office locations only. Both DSI units -> domestic (a candidate-table entry listing ศาลอาญา and ช่อง 7 refers to the warrant court and the victim). English-path URL (/en/) serves the Thai text; title as printed is truncated at 'บา'. [2026-08-18 coordinator, codex IC reg2: follow_on_distinct=['arrests']: programmer + marketing head arrested 2023-11-15 are not the two executives arrested 2023-10-24 (DTH-6); the release says so ('ก่อนหน้านี้ได้จับกุม ... จำนวน 2 ราย เมื่อวันที่ 24 ตุลาคม 2566'); parent arrests 2 + 2]"
REG-2023-0020,walk-2026-08-17,CC2-7,Policja (policja.pl) — Komenda Miejska Policji w Bydgoszczy,le,1,"https://policja.pl/pol/aktualnosci/238606,Bydgoszczanin-zatrzymany-za-sharing.html",2023-11-23,,,Bydgoszczanin zatrzymany za sharing,,cardsharing,,true,,independent,,poland,poland,Wydział do walki z Przestępczością Gospodarczą i Korupcją Komendy Miejskiej Policji w Bydgoszczy,domestic,,false,,false,none,arrest-search,true,,false,"publish_date 'Data publikacji 23.11.2023'; no action date. Domestic: Poland; KMP Bydgoszcz economic-crime unit only ('przedstawiciel poszkodowanej platformy cyfrowej' present is unnamed -> not counted). arrests n=1 (44-year-old); indictments n=1: PL 'przedstawili ... zarzut' (charge presented; see CC2-13/CC2-4 note on re-mapping). Two premises searched; decoders, card readers, 11 digital-TV cards etc. seized as evidence ('będą dowodami w sprawie') -> arrest-search only (no server 'liquidated' verb). Users noted as also criminally liable in general terms, no measure applied -> no end-user-action. 'Sprawa ma charakter rozwojowy'. No conviction/durability statement."
REG-2023-0021,ic,brazil-mjsp-operacao-404-fase-6-2023,Ministerio da Justica e Seguranca Publica,ministry-regulator,1,https://www.gov.br/mj/pt-br/assuntos/noticias/com-apoio-do-mjsp-operacao-internacional-contra-a-pirataria-tira-mais-de-600-sites-irregulares-do-ar,2023-11-28,,,"Com apoio do MJSP, operação internacional contra a pirataria tira mais de 600 sites irregulares do ar",capture,iptv-service,pool-default,true,IC census row: pool tag illegal-iptv-ic; medium defaults to iptv-service (re-read as found),independent,,brazil; united-kingdom; united-states; peru; argentina,brazil; united-kingdom; united-states; peru; argentina,(wiki participating_agencies #1); (wiki participating_agencies #2); (wiki participating_agencies #3); (wiki participating_agencies #4); (wiki participating_agencies #5),cooperative,wiki-fields,false,,true,wiki-flag,blocking-order; arrest-search; content-delisting,true,,false,"converted from paper2/coding/brazil-mjsp-operacao-404-fase-6-2023.json (coder agent-w1-3, 2026-08-13); date_source=raw-frontmatter; source_of_record=raw/press-releases/2023-11-28_mj-gov-br_operacao-404-fase-6-606-sites.md; tier_basis=raw-dir:press-releases; other_cited_captures=1; quotes are the cited lines as of the coding date; stratum from wiki fields (participating_countries=5, participating_agencies=5); official_release_sourced=True. CAPTURE TIERS — all three raw captures are reconstruction; no usable raw exists for this operation, so every coded cell is page-level. (i) The MJSP capture claims text_status: full but is an agent-restructured digest: headers like 'Cooperacao internacional (verbatim)' and 'Historico da Operacao 404 (mencionado no release)' refer to the release in the third person — the same finding the pilot recorded for the Fase-7 MJSP capture. (ii) The ipkey.eu capture is a structured extract (text_status: extracted-with-verbatim-quote). (iii) The Indecopi capture is a WebSearch paraphrase (raw:6: fetch_method 'WebSearch summary (gob.pe returned HTTP 418 to WebFetch — Cloudflare/Akamai bot protection per L11/L13)'). MODALITY: blocking-order from 'Ao todo, 606 sites irregulares foram bloqueados.' (mjsp:16) with the jurisdiction split 238 BR / 328 PE / 40 UK (mjsp:20-23) and the Peru-side 'Indecopi's Copyright Commission ordered the blocking of access in Peruvian territory to 328 illegal digital piracy websites' (indecopi:19). Did NOT code domain-seizure although frontmatter seeds mechanisms_used [[domain-seizure]], enforcement_type domain-seizure, and results.domains_seized: 606 — every record verb is bloqueados/blocked/bloqueio, never seized or transferred (SCHEMAS loose-verb convention; frontmatter contradicts source text). arrest-search from '**22 mandados** de busca e apreensao cumpridos no Brasil por determinacao judicial' (mjsp:25) + '**2 mandados** de busca e apreensao executados nos paises parceiros' (mjsp:26); the equipment/HD seizure for forensic analysis (mjsp:30) is evidence collection inside arrest-search, not asset-seizure. content-delisting (v2 code) from 'Desindexacao de conteudo em mecanismos de busca' (mjsp:28) + 'Remocao de perfis e paginas em redes sociais' (mjsp:29). The '**19 aplicativos** de streaming retirados do ar' (mjsp:24) carry no mechanism verb (app-store removal vs hosting takedown vs block unstated) — noted, not separately coded. JUDICIAL: the Fase-6 release is silent on arrests (the release's own phase history shows Fase 5 with '11 prisoes', mjsp:73, so the silence is conspicuous; op page flags the anomaly) — all four stages not-reported; right-censoring at 2023-12-20 (Indecopi, the latest cited record). COUNT CONFLICT: the Indecopi capture aggregates '24 search warrants' Brazil-side (indecopi:24) vs the MJSP breakdown 22 in Brazil + 2 abroad (mjsp:25-26) — most specific official breakdown (22+2) governs; 22+2=24 so the aggregate is consistent, not contradictory. Indecopi adds that 157 of Peru's 328 blocks were music-piracy domains (indecopi:19). RECONSTITUTION: no cited record speaks to site status after 2023-11-28 — not-reported. CORPUS SEARCH ('fase 6', 'sexta fase', '404.6', '606'): the only in-corpus hits are the three sources the op page already cites — no linkage gap."
REG-2023-0022,de,DOM-2023-1003,Hellenic Police (Ελληνική Αστυνομία),le,1,https://www.astynomia.gr/2023/12/04/04-12-2023-apo-ti-diefthynsi-dioxis-ilektronikou-egklimatos-exarthrothike-egklimatiki-organosi-pou-drastiriopoiountan-systimatika-stin-paranomi-anametadosi-syndromitikon-kanalion/,2023-12-04,,2023-12-01,Από τη Διεύθυνση Δίωξης Ηλεκτρονικού Εγκλήματος εξαρθρώθηκε εγκληματική οργάνωση που δραστηριοποιούνταν συστηματικά στην παράνομη αναμετάδοση συνδρομητικών καναλιών,,iptv-service,,true,"organisation running a retransmission server and reseller network of pre-configured IPTV boxes; 2,000+ customers",independent,,greece,greece,Διεύθυνση Δίωξης Ηλεκτρονικού Εγκλήματος,domestic,,false,,false,none,arrest-search; asset-seizure; end-user-action,true,,false,"Agrees with DE domestic (five Greek regions). arrests n=11 derived-from-enumeration: 9 core members arrested 1 Dec 2023 ('συνελήφθησαν -9- βασικά μέλη της οργάνωσης') + 2 further persons arrested during the searches (one ran his own retransmission network, one was a viewer); quote carries the +2 span. Case file (δικογραφία) covers 12 members (3 not arrested, incl. the two leaders) + 43 customers; indictments=pending referral-inferred (referred to main investigation). end-user-action: 43 customers in the case file plus one person arrested for viewing. asset-seizure: 52,915 EUR seized (plus 46 bank cards, 3 passbooks). The organisation's server ('ένας εξυπηρετητής (server)') is described but not stated seized — no hosting-takedown. Word count includes capture frontmatter and DE extraction notes; quotes from Extracted Text only."
REG-2023-0023,walk-2026-08-17,CC2-6,Policja.pl - Portal polskiej Policji (KMP Bydgoszcz),le,1,"https://policja.pl/pol/aktualnosci/239128,Kolejny-bydgoszczanin-zatrzymany-za-sharing.html",2023-12-06,,,Kolejny bydgoszczanin zatrzymany za sharing,,cardsharing,,true,,independent,,poland,poland,Policja,domestic,,false,,false,none,arrest-search,true,,false,"date_source: 'Data publikacji 06.12.2023'. Arrest/search date not stated. Small cardsharing operator (10 decoders, 3 cards; shared signal with own premises and family). indictments n=1 = 'usłyszał zarzut' (charge presented; PL preparatory-proceeding charging -- re-map to pending if the coordinator treats zarzut as pre-charge). A representative of the injured pay-TV platform attended the search but the platform is unnamed -> not an org. Title 'Kolejny bydgoszczanin...' ('another Bydgoszcz resident') implies an earlier sibling action, not held in either repository."
REG-2023-0024,de,DOM-2023-1006,Hellenic Police (Ελληνική Αστυνομία),le,1,https://www.astynomia.gr/2023/12/15/15-12-2023-apo-ti-diefthynsi-dioxis-ilektronikou-egklimatos-synelifthi-45chronos-gia-paranomi-anametadosi-syndromitikon-kanalion/,2023-12-15,,2023-12-13,Από τη Διεύθυνση Δίωξης Ηλεκτρονικού Εγκλήματος συνελήφθη 45χρονος για παράνομη αναμετάδοση συνδρομητικών καναλιών,,iptv-service,,true,"viewing and sharing of pay-TV signal; phone held many chats about supply, installation, technical support and subscriptions — a reseller",independent,,greece,greece,Διεύθυνση Δίωξης Ηλεκτρονικού Εγκλήματος; Εισαγγελίας Πρωτοδικών Πειραιά,domestic,,false,,false,none,arrest-search,true,,false,Agrees with DE domestic. indictments=pending referral-inferred. Word count includes capture frontmatter and DE extraction notes; quotes from Extracted Text only.
REG-2023-0025,de,DOM-2023-1004,Hellenic Police (Ελληνική Αστυνομία),le,1,https://www.astynomia.gr/2023/12/19/19-12-2023-apo-ti-diefthynsi-dioxis-ilektronikou-egklimatos-synelifthi-54chronos-gia-peirateia-syndromitikon-kanalion/,2023-12-19,,2023-12-15,Από τη Διεύθυνση Δίωξης Ηλεκτρονικού Εγκλήματος συνελήφθη 54χρονος για «πειρατεία» συνδρομητικών καναλιών,,live-sports-stream,,true,"sharing of pay-TV signal, specifically live streaming of football matches without licence; borderline thin — evidence is a phone and a PC with viewing/sharing apps",independent,,greece,greece,Διεύθυνση Δίωξης Ηλεκτρονικού Εγκλήματος,domestic,,false,,false,none,arrest-search,true,,false,Agrees with DE domestic. Exclusive rights holder ('την αποκλειστικά δικαιούχο εταιρία') unnamed. indictments=pending referral-inferred. Word count includes capture frontmatter and DE extraction notes; quotes from Extracted Text only.
REG-2023-0026,de,DOM-2023-1007,Polizia di Stato — Polizia Postale (Commissariato di P.S. online),le,1,https://www.commissariatodips.it/notizie/articolo/maxi-operazione-della-polizia-postale-contro-lo-streaming-illegale/index.html,2023-12-19,,,MAXI OPERAZIONE DELLA POLIZIA POSTALE CONTRO LO STREAMING ILLEGALE,,iptv-service,,true,hierarchical association distributing pay-TV live schedules and on-demand content via illegal IPTV and live-streaming sites; 21 persons investigated,independent,,italy,italy,Polizia di Stato; Procura distrettuale della Repubblica- Direzione Distrettuale Antimafia  di Catania; Centro Operativo per la Sicurezza Cibernetica di Catania; Servizio Polizia Postale di Roma,domestic,,false,,false,none,arrest-search; hosting-takedown,true,,false,"Agrees with DE domestic: 'transnazionale', promoters 'all'estero', distribution 'internazionale' describe the crime; no foreign authority, request or cooperation named. hosting-takedown is a borderline reading of 'inibire il flusso illegale delle IPTV e dei siti di live streaming' (the flow was cut off; mechanism not stated — could equally be blocking; no server/domain counts). indictments=pending: IT indagati (pre-charge), 21 persons; note the release's own caveat that the adversarial stage has not yet begun. SKY, DAZN, MEDIASET, AMAZON Prime, NETFLIX named as victims only — not in orgs_named. The Procura string carries the release's no-break space (U+00A0) before 'di Catania' verbatim; the release also has a U+00A0 after 'ha', so the modality quote starts at 'eseguito'. No operation date given (release dated 19.12.2023; 'operazione in corso'). The IC repo holds a source page for the same release (wiki/sources/2023-12-19_poliziadistato-it_operazione-pirateria-audiovisiva-catania-dda-21-indagati.md) but no operation page. Word count includes capture frontmatter and DE extraction notes; quotes from Extracted Text only."
REG-2023-0027,ic,interpol-i-sop-korea-indonesia-iptv-piracy-takedown-2023,"INTERPOL (General Secretariat, Lyon)",igo,1,https://www.interpol.int/en/News-and-Events/News/2023/Indonesia-Korea-and-INTERPOL-cooperation-shuts-down-illegal-IPTV-service,2023-12-21,,,"Indonesia, Korea and INTERPOL cooperation shuts down illegal IPTV service",capture-h1,iptv-service,pool-default,true,IC census row: pool tag illegal-iptv-ic; medium defaults to iptv-service (re-read as found),independent,,south-korea; indonesia,south-korea; indonesia,(wiki participating_agencies #1); (wiki participating_agencies #2); (wiki participating_agencies #3); (wiki participating_agencies #4),cooperative,wiki-fields,false,,true,wiki-flag,arrest-search,true,,false,"converted from paper2/coding/interpol-i-sop-korea-indonesia-iptv-piracy-takedown-2023.json (coder agent-w1-3, 2026-08-13); date_source=raw-frontmatter; source_of_record=raw/press-releases/2023-12-21_interpol_indonesia-korea-iptv-piracy-takedown-i-sop.md; tier_basis=raw-dir:press-releases; other_cited_captures=2; quotes are the cited lines as of the coding date; stratum from wiki fields (participating_countries=2, participating_agencies=4); official_release_sourced=True. CAPTURE TIERS — every capture for this operation is page-level, so all coded cells are page_only. (i) INTERPOL 2023-12-21 capture: reconstruction — its I-SOP context paragraph contains an event postdating the release date ('with a phase-two extension begun in 2025 funded at KRW 4.2 billion / EUR 2.8 million', raw:27) plus an agent-authored 'Key facts (verbatim from INTERPOL release)' block; the body paragraphs (raw:15-25) read verbatim but the capture fails the verbatim-extraction test as a whole. (ii) MCST 2023-12-04 capture: reconstruction — its closing section describes the INTERPOL release published 17 days AFTER its own date (raw:46). (iii)+(iv) both DJKI captures (2024-01-17, 2023-11-07): WebFetch digests with agent scaffolding ('Lembaga yang disebut verbatim:'). (v) INTERPOL 2025-01-15 phase-II capture: reconstruction digest ('The release cites Phase I achievements including...', raw:25) — not cited in cells (retrospective 'Arrest of operators behind major illegal platforms' adds nothing specific). (vi) MCST 2024-09-10 capture: CAPTURE-UNUSABLE below its agent-digest header — an mcst.go.kr navigation shell (menus/footer/login widgets, raw:45-983) whose release body exists only as unretrieved hwpx/pdf attachments (raw:435-445; L57 class) — never cited. MODALITY: arrest-search from 'led to simultaneous raids being held in both countries in late October, leading to the arrests.' (interpol:21), the 2023-10-말 압수수색 joint-participation list (mcst:28), and Indonesia-side 'dilakukan penindakan atau olah TKP yang dilakukan secara serempak di Indonesia dan Korea' with IPTV operating equipment found at the raided residence (dgip-jan:17). Did NOT code hosting-takedown for the service shutdown: '피의자 3명을 검거하고 서비스를 중단시켰다' (mcst:15) and the INTERPOL headline 'shuts down illegal IPTV service' state a service stop with no server/domain/hosting verb (the 40 set-top boxes in Goyang were 'ditemukan'/found, dgip-jan:24, not stated seized) — this is the unspecified-platform-takedown taxonomy gap the pilot flagged on Noonoo. NOTE: this is the OPPOSITE borderline call from the pilot's Noonoo hosting-takedown:page-only, because the Noonoo record said 'seized' while no TVOOO record uses a seizure/server verb — flagged for coordinator consistency review. JUDICIAL: arrests n=3 ('led to the arrest of three suspects behind the illegal Internet Protocol television (IPTV) service.', interpol:17; '피의자 3명을 검거', mcst:15) with jurisdiction breakdown 'Dua dari tiga pelaku layanan IPTV ilegal lintas negara ditangkap di Korea Selatan.' (dgip-jan:26 — 2 in Korea, 1 by implication in Indonesia). No record reports charging, prosecution, trial, or sentencing (MBC's May/July 2023 고소 are rights-holder criminal complaints, not indictments of the suspects) — indictments/convictions/imprisonments not-reported; right-censoring at 2024-01-17. COUNT/NAME CONFLICTS (no coded cell affected): VOD files 'nearly 110,000' (INTERPOL, interpol:15) vs '약 108,000여 개' (mcst:19) vs '108.000' (dgip-jan:20) — the two national agencies give the more specific 108,000; brand 'TVOOO' (MCST, redacted orthography) vs 'TVDOL' (DJKI Nov capture:15) — same service per the wiki's disambiguation. The DJKI Jan capture also lists 'Korean Intellectual Property Office (KIPO)' among named institutions (dgip-jan:37), which no other record carries. RECONSTITUTION: no cited record speaks to service status after the late-October-2023 raids; shutdown statements are announcement-time — not-reported, empty cites. CORPUS SEARCH ('TVOOO', 'TVDOL'): four additional corpus pages mention the brand (2024-08-19 MCST bulk-sweep; 2025-01-15 MCST I-SOP phase-II MOU + photo-news; 2025-12-01 DJKI Seoul global meeting) — all retrospective programmatic references to the takedown as a Phase-I deliverable, none a record of this operation's own facts, none adds judicial or reconstitution data; no linkage gap."
REG-2024-0001,walk-2026-08-17,DVN-7,Bộ Công an (bocongan.gov.vn),le,1,https://bocongan.gov.vn/bai-viet/quang-binh-bat-3-doi-tuong-hoat-dong-pham-toi-xam-pham-quyen-tac-gia-quyen-lien-quan-d22-t37543,2024-01-09,,2023-12-23,"Quảng Bình: Bắt 3 đối tượng hoạt động phạm tội xâm phạm quyền tác giả, quyền liên quan",,streaming-site,,true,,independent,,vietnam,vietnam,"Cơ quan An ninh điều tra Công an tỉnh Quảng Bình; Phòng An ninh mạng và phòng, chống tội phạm sử dụng công nghệ cao (Phòng An ninh mạng), Công an tỉnh Quảng Bình; Cục A05 Bộ Công an; Công an tỉnh Phú Yên; Công an TP. Hồ Chí Minh",domestic,,false,,false,none,arrest-search; asset-seizure,true,,false,"publish_date from the article dateline '09/01/2024'; action_date = the coordinated operation 'ngày 23/12/2023' (three task forces; charges/detention orders served just before publication). Vietnam only; cooperative on orgs: Quảng Bình provincial police (Security Investigation Agency + cyber unit, lead) with MPS Dept A05, Phú Yên police and Ho Chi Minh City police (all named with a role). Target: film-streaming sites 'bilutvt.net' and 'tvhayh.org' (since 2019; overseas rented servers; ad revenue VND 80-100M/month, est. VND 2-3bn total; 188,322 film files / ~40TB found). arrests n=3 = 'lệnh tạm giam đối với 3 bị can' (detention orders; VN pre-trial custody = arrest stage) + title 'Bắt 3 đối tượng'; indictments n=3 = 'khởi tố bị can' against 3 (Phan Ngọc Tuấn, Ngô Quang Huy, Nguyễn Thành Nhân); two further persons (Tạ Thị Loan, Dương Thị Huyền Trân) 'worked with' as related, not charged. asset-seizure coded on '03 tài khoản ngân hàng liên quan' seized in the emergency search - flag: bank accounts listed among seized items (may be evidence rather than freezing). No site takedown verb; no durability statement. [STRATUM recomputed under REGISTER.md as revised 2026-08-17 (states only; organisation counts play no part): countries_executing=['vietnam'] -> domestic; first-pass value under the old orgs clause was 'cooperative' - the org-count/'complainant-counted'/'same-force-units' remarks above are now descriptive only (private_named covariate).]"
REG-2024-0002,walk-2026-08-17,DTH-8,กรมสอบสวนคดีพิเศษ (DSI) กระทรวงยุติธรรม,le,1,https://www.dsi.go.th/th/Detail/133504584911699323,2024-01-23,,,DSI ส่งสำนวนพร้อมผู้ต้องหาคดีละเมิดลิขสิทธิ์ช่อง7 ถึงอัยการแล้ว,,streaming-site,,true,paid-membership websites dootv.com and thaiflix.com restreaming recorded Channel 7 programmes (2015-2018) from UK cloud servers,follow-on:DTH-6,,thailand; united-kingdom,thailand,กรมสอบสวนคดีพิเศษ,domestic,,false,,false,none,,false,unit=follow-on:DTH-6,false,"date_source: 'เผยแพร่: 23 ม.ค. 2567' (BE 2567 = 2024). Judicial-stage record: on Monday 22 Jan 2024 DSI delivered 5 named suspects and the case file (special case 58/2560, opened 2017) to the IP&IT prosecutors; 3 key suspects abroad. indictments=pending (referral to prosecutor; 'ถูกดำเนินคดีในข้อหา' lists the charges being pursued; referral-inferred, 5 persons -- if the coordinator treats delivery to the prosecutor as a filed charge, n=5). Arrests: the suspects were physically 'นำตัว...ส่ง' (brought) to the prosecutor but no arrest is stated -> not-reported. United Kingdom named only as the cloud-server location; no UK authority acted. Channel 7 (บริษัท กรุงเทพโทรทัศน์และวิทยุ จำกัด) named as injured party -> not an org. No infrastructure action in this release -> empty modality; the original 2017-2018 raids (if any) are not described. Title as on the page (line-broken in the .txt: 'DSI \n ส่งสำนวนพร้อมผู้ต้องหาคดีละเมิดลิขสิทธิ์ช่อง7 ถึงอัยการแล้ว'). FOLLOW-ON (2026-08-19, cross-row duplicate screen): this is the prosecutorial referral of DSI special case 58/2560, the same case number DTH-6 states, against the same Doo TV / dootv.com target. It reports no measure of its own (`modality` is empty) and its judicial cell is the referral. Counted as an action it added a row and no fact."
REG-2024-0003,walk-2026-08-17,DKR-1,문화체육관광부,ministry-regulator,1,https://www.mcst.go.kr/kor/s_notice/press/pressView.jsp?pSeq=20837,2024-02-02,,,"사이버 도박 가입 유인하는 케이-콘텐츠 불법 공유 사이트 ’티브이(TV)ㅇ’, ‘스포ㅇㅇ‘ 피의자 검거",,streaming-site,,true,"Two illegal K-content sharing/streaming sites: 'TVo' (films, dramas, variety + illegal sports broadcasts; >5m monthly visitors) and 'Spo-oo' (illegal live sports streaming) monetised by gambling-site ads. Illegal streaming sites -> in scope; medium streaming-site (live sports part -> hybrid also defensible).",independent,,south-korea; united-states,south-korea; united-states,문화체육관광부 저작권범죄과학수사대; 미국 국토안보수사국,cooperative,,false,,false,none,arrest-search,true,,false,"fetch: the MCST web page carries only the headline plus 'see attached file' boilerplate (page text lists the hwpx/pdf attachments); the release body was obtained by downloading the attached PDF via the site's UplDownloadFile servlet and extracting it with PyMuPDF (saved as <id>_2.txt; PDF line breaks preserved as \n inside quotes). date_source: page '게시일 2024.02.02.' and PDF '보도시점 2024. 2. 2.(금) 08:00'. action_date: the arrest/search dates are not stated (site self-closed ~Aug 2022 when the investigation closed in; suspects caught later) -> null. Stratum: MCST's copyright crime forensic investigation unit conducted a joint investigation with the US Homeland Security Investigations ('미국 국토안보수사국과 공조수사') -> two states with roles -> cooperative. Dedup: grep for TVo hits the Korea-Indonesia 'TVOOO' IPTV case (interpol-i-sop-korea-indonesia-iptv-piracy-takedown-2023, Dec 2023) -- a DIFFERENT case (Indonesian IPTV operators via INTERPOL; this row is a Korean-run streaming site with US HSI, Feb 2024, KRW ~400m proceeds); verdict new. Judicial: 2 suspects '검거하고 송치' = apprehended and referred to the prosecution -> arrests n=2 (검거 can be non-custodial booking in Korean police usage; custody status not stated) and indictments pending (referral-inferred: 송치 = case sent to prosecutors, charge not yet filed). Modality: residence search-and-seizure (압수수색) + apprehension -> arrest-search; the TVo site was closed voluntarily by the operators in Aug 2022 BEFORE the arrests ('자진 폐쇄') -- pre-action self-closure, not an enforcement takedown, so no infrastructure code and no voluntary-transfer (no settlement). Also flags a P2P-assisted streaming technique at other sites (general). Reconstitution not addressed."
REG-2024-0004,walk-2026-08-17,DKR-6,한국저작권보호원,ministry-regulator,1,https://www.kcopa.or.kr/lay1/bbs/S1T12C38/F/38/view.do?article_seq=5246,2024-02-21,,2024-02-09,미국판 누누티비 폐쇄 해외 저작권 바우처로 해결,,streaming-site,,true,"target '코코아 TV' = US-based pirate site streaming Korean broadcast content to Korean-Americans -> in scope as a streaming site; the census exclusion is state_executed=false (below), not scope",independent,,south-korea; united-states,south-korea,한국저작권보호원; 코코와 (KOCOWA),domestic,,false,false,false,none,,false,"no state-executed measure (state announcer, private executor)",true,"date_source: '작성일 2024.02.21'; action_date = '지난 9 일' (site closure on 9 Feb 2024). The release states KOCOWA, helped by the voucher, pursued a lawsuit and 'succeeded in closing the site' -- mechanism of closure (court order vs settlement vs voluntary) is not stated, so no modality coded (voluntary-transfer would be a guess). Publisher KCOPA is a public institution under MCST (statutory copyright-protection agency) -> classified ministry-regulator; publisher_tier 1 as own-domain official. United States named as the site's market/location ('미국판', 미주지역), no US authority acted. needs_review: whether a voucher-funded private civil suit counts as a state enforcement action for the census. [STRATUM RECOMPUTED 2026-08-17: REGISTER.md was revised mid-slice to the states-only rule (organisation counts play no part); this row was first coded cooperative on the org-count reading described above and is now domestic because countries_executing=1.] [2026-08-18 coordinator, re-read (4 verifiers, CODING v4): in_scope true -> false; the row stays in the register as a record of the closure, out of the census. Modality correctly left empty by the coder (mechanism unstated); action_date 2024-02-09 is '지난 9 일' resolved against the posting date] [2026-08-18 coordinator, codex IC reg2: in_scope false -> true and state_executed=false: the target is a streaming site (in scope by REGISTER.md's text); what disqualifies the row from the census is that no state body applied the measure -- the closure was a private civil suit (KOCOWA) funded by a KCOPA voucher, announced in a programme recruitment notice. codex IC reg2: do not overload in_scope with the state-executor condition]"
REG-2024-0005,de,DOM-2024-1008,Hellenic Police (Ελληνική Αστυνομία),le,1,https://www.astynomia.gr/2024/03/09/09-03-2024-apo-ti-diefthynsi-dioxis-ilektronikou-egklimatos-synelifthi-60chronos-gia-peirateia-syndromitikon-kanalion/,2024-03-09,,2024-03-07,Από τη Διεύθυνση Δίωξης Ηλεκτρονικού Εγκλήματος συνελήφθη 60χρονος για «πειρατεία» συνδρομητικών καναλιών,,iptv-service,,true,live streaming of football matches and film libraries sold as subscriptions; 10 IPTV Android boxes and configuration software seized,independent,,greece,greece,Διεύθυνση Δίωξης Ηλεκτρονικού Εγκλήματος; Εισαγγελίας Πρωτοδικών Αθηνών,domestic,,false,,false,none,arrest-search,true,,false,"Agrees with DE domestic. indictments=pending referral-inferred (led to prosecutor, referred to investigating judge). Word count includes capture frontmatter and DE extraction notes; quotes from Extracted Text only."
REG-2024-0006,de,DOM-2024-1009,Hellenic Police (Ελληνική Αστυνομία),le,1,https://www.astynomia.gr/2024/03/14/14-03-2024-apo-ti-diefthynsi-dioxis-ilektronikou-egklimatos-synelifthi-43chronos-gia-peirateia-syndromitikon-kanalion/,2024-03-14,,2024-03-12,Από τη Διεύθυνση Δίωξης Ηλεκτρονικού Εγκλήματος συνελήφθη 43χρονος για «πειρατεία» συνδρομητικών καναλιών,,iptv-service,,true,"live retransmission of pay-TV channels sold as subscriptions, advertised online; subscriber panel and modified IPTV boxes seized",independent,,greece,greece,Διεύθυνση Δίωξης Ηλεκτρονικού Εγκλήματος; Εισαγγελίας Πρωτοδικών Αθηνών,domestic,,false,,false,none,arrest-search,true,,false,"Agrees with DE domestic. indictments=pending referral-inferred: led to the prosecutor and referred to an investigating judge (Ανακριτής) — pre-trial judicial investigation, not a court charge. Two pay-TV companies affected, unnamed. Word count includes capture frontmatter and DE extraction notes; quotes from Extracted Text only."
REG-2024-0007,de,DOM-2024-1013,Singapore Police Force,le,1,https://www.police.gov.sg/Media-Hub/News/2024/20240326_one_man_and_two_companies_to_be_charged_for_sales_of_illegal_streaming_devices,2024-03-26,,2024-03-26,One Man And Two Companies To Be Charged For Multiple Offences Relating To Sales Of Illegal Streaming Devices,,isd-retail,,true,charging of a Sim Lim Square retailer (and his two companies) over 400+ illegal streaming devices seized in the 4 October 2022 raids,follow-on:DOM-2022-1003,,singapore,singapore,Criminal Investigation Department,domestic,,false,,false,none,,false,unit=follow-on:DOM-2022-1003,false,"Agrees with DE domestic (no rights holder named). DISAGREES with DE on unit: the release itself ties the charging to the 4 October 2022 Sim Lim Square raids (DOM-2022-1003); under REGISTER.md a charging stage is coded onto the parent, so unit=follow-on:DOM-2022-1003. indictments coded pending because the release (00:05 on the charging day) says the man 'will be charged in court on 26 March 2024'; a coordinator counting the same-day charge may set n=1 (natural persons; the two companies are legal persons, in notes only). Statutes: s.150(1)(b) read with s.445(b), punishable under s.447(2)(a)/(b), Copyright Act 2021. Detail matches Ge Xin (two companies, sentenced 24 Oct 2024 per DOM-2026-1005), but this release does not name him. Modality empty (charging only; the raid is the parent's). Capture header carries a duplicated '## Extracted Text' line. Word count includes frontmatter and DE extraction notes; quotes from Extracted Text only."
REG-2024-0008,walk-2026-08-17,DTH-9,กรมสอบสวนคดีพิเศษ (DSI),le,1,https://www.dsi.go.th/th/Detail/55110647624f22127447bed87bce7e1c,2024-03-27,,2024-03-27,"DSI ส่งสำนวนคดีเว็บไซต์ละเมิดลิขสิทธิ์ฟุตบอลพรีเมียร์ลีกอังกฤษ จำนวน 20 แฟ้ม 8,611 แผ่น มูลค่าความเสียหายกว่า 1 พันล้านบาท",,iptv-service,,true,,follow-on:DTH-4,,thailand; united-kingdom; united-states,thailand,กรมสอบสวนคดีพิเศษ (กองคดีเทคโนโลยีและสารสนเทศ); บริษัท ทรู วิชั่นส์ กรุ๊ป จำกัด; สมาคมผู้สร้างภาพยนตร์แห่งสหรัฐอเมริกา ( MPA); เดอะฟุตบอล แอสโซซิเอชั่น พรีเมียร์ลีก ลิมิเต็ด,domestic,,false,,true,keywords,,false,unit=follow-on:DTH-4,false,"publish_date 'เผยแพร่: 27 มี.ค. 2567' (2024-03-27); action = the referral on Wednesday 27 March 2024. UNIT: judicial-stage follow-on of the fwiptv.cc case (special case 33/2563; raid 2021-02-04 = candidate TH-4) -> follow-on:DTH-4. Referral of the case file (20 folders, 8,611 pages) together with the accused - 9 accused (2 legal persons + 7 natural persons) to the IP&IT prosecutor -> indictments=pending (referral; natural persons 7 - noted, cell value pending per CODING 'N cases referred'). No arrests stated in this release. Cooperative on orgs: DSI + three named rights-holder complainants (True Visions Group, MPA, The FA Premier League Ltd - filed complaints; flag 'complainant-counted'). UK and US appear via the league/MPA (countries_named only). fwiptv.cc: THB 300/month subscription site, >700k monthly views, TrueVisions channels + Disney/Netflix/Warner films + EPL; damage THB 1,025,332,830. No infrastructure action in this release (modality empty); no durability statement. [STRATUM recomputed under REGISTER.md as revised 2026-08-17 (states only; organisation counts play no part): countries_executing=['thailand'] -> domestic; first-pass value under the old orgs clause was 'cooperative' - the org-count/'complainant-counted'/'same-force-units' remarks above are now descriptive only (private_named covariate).]"
REG-2024-0009,de,DOM-2024-1010,Hellenic Police (Ελληνική Αστυνομία),le,1,https://www.astynomia.gr/2024/04/03/03-04-2024-apo-ti-ypodiefthynsi-dioxis-ilektronikou-egklimatos-voreiou-ellados-synelifthisan-2-atoma-gia-peirateia-syndromitikon-kanalion/,2024-04-03,,,Από την Υποδιεύθυνση Δίωξης Ηλεκτρονικού Εγκλήματος Βορείου Ελλάδος συνελήφθησαν -2- άτομα για «πειρατεία» συνδρομητικών καναλιών,,isd-retail,,true,39-year-old traded devices giving illegal internet access to pay-TV channels; the 32-year-old is a user who possessed and used such a device (two separate cases in one release),independent,,greece,greece,Υποδιεύθυνση Δίωξης Ηλεκτρονικού Εγκλήματος Βορείου Ελλάδος; Εισαγγελίας Πρωτοδικών Θεσσαλονίκης,domestic,,false,,false,none,arrest-search; end-user-action,true,,false,"Agrees with DE domestic. Two preliminary examinations ('για κάθε υπόθεση'), one seller and one user, in one release — held as one action as DE does. arrest-search coded on the arrests ('επιχειρησιακές επεμβάσεις'); no search or seizure is described. end-user-action: the 32-year-old user was arrested (an enforcement measure applied to an identified end user). No dates; action_date null. indictments=pending referral-inferred. Word count includes capture frontmatter and DE extraction notes; quotes from Extracted Text only. [2026-08-17 coordinator, codex IC reg1: unit kept as ONE independent action under the aggregation rule now written in REGISTER.md: one release, one unit (Υποδιεύθυνση Δίωξης Ηλεκτρονικού Εγκλήματος Βορείου Ελλάδος), one investigation in which the seller and the end user were arrested after 'επιχειρησιακές επεμβάσεις'; two preliminary examinations ('για κάθε υπόθεση') are two case files from one action, not two actions. The alternative (two rows) is recorded; DE holds it as one action]"
REG-2024-0010,walk-2026-08-17,CC1-17,Patent- och marknadsöverdomstolen vid Svea hovrätt,court,1,https://www.domstol.se/nyheter/2024/04/fallande-dom-for-brott-mot-upphovsrattslagen-da-filmer-strommats-via-ip-tv/,2024-04-09,,,Fällande dom för brott mot upphovsrättslagen då filmer strömmats via IP-tv,,iptv-service,,true,,independent,,sweden,sweden,Patent- och marknadsöverdomstolen,domestic,,false,,false,none,,true,,false,"date_source: 'Publicerad : 2024-04-09 12.59'. action_date null: the judgment date is not given in the text (attachment 'PMB 13963-23 1' has no date label). Appellate judgment record: PMÖD confirmed the lower court's conviction on the liability part for unlawful streaming of films via an IPTV service; the number of defendants is not stated -> indictments and convictions yes-uncounted; sentence not stated -> imprisonments not-reported. Two film companies (unnamed, 'Två filmbolag') were awarded reasonable compensation and damages for harm to the films' reputation; the claim for non-pecuniary damage was rejected -- civil claimants, unnamed -> not counted as organisations. No infrastructure action stated (prosecution/judgment-only record) -> empty modality. Sweden only, court only -> domestic. No held Swedish IPTV action in either repository -> independent."
REG-2024-0011,de,DOM-2024-1011,Hellenic Police (Ελληνική Αστυνομία),le,1,https://www.astynomia.gr/2024/04/10/10-04-2024-apo-ti-diefthynsi-dioxis-ilektronikou-egklimatos-synelifthi-56chronos-gia-peirateia-syndromitikon-kanalion/,2024-04-10,,,Από τη Διεύθυνση Δίωξης Ηλεκτρονικού Εγκλήματος συνελήφθη 56χρονος για «πειρατεία» συνδρομητικών καναλιών,,iptv-service,,true,"decoding and retransmission of pay-TV channels sold as subscriptions, advertised online",independent,,greece,greece,Διεύθυνση Δίωξης Ηλεκτρονικού Εγκλήματος; Εισαγγελίας Πρωτοδικών Αθηνών,domestic,,false,,false,none,arrest-search,true,,false,"Agrees with DE domestic. The release gives no arrest date (only the 10 April 2024 dateline), so action_date is null. indictments=pending referral-inferred. Word count includes capture frontmatter and DE extraction notes; quotes from Extracted Text only."
REG-2024-0012,walk-2026-08-17,CC3-10,"U.S. Attorney's Office, District of South Carolina",prosecutor,1,https://www.justice.gov/usao-sc/pr/florida-man-sentenced-one-year-and-one-day-federal-prison-providing-illegal-access,2024-05-02,,,Florida Man Sentenced to One Year and One Day in Federal Prison for Providing Illegal Access to Digital Streaming Services,,other,,true,"sale of access codes (typically $10/month) giving customers the full Dish Network / Sling TV libraries incl. pay-per-view sports, plus websites and apps to view them - a for-profit illegal streaming-access service (first PLSA conviction), not an IPTV retransmission service as such",independent,,united-states,united-states,"U.S. Attorney's Office, District of South Carolina; FBI Columbia Field Office",domestic,,false,,false,none,,true,,false,"publish_date from the dateline 'Thursday, May 2, 2024' ('Updated May 2, 2024'). Sentencing record: guilty plea (conviction n=1), 12 months + 1 day imprisonment (custodial, n=1), $22,639.27 restitution + $250,000 fine (fine is not asset-seizure; no forfeiture stated), 3 years supervision. indictments n=1 derived from the guilty plea (a charge existed; derived-from-enumeration). No arrest, search, or infrastructure action stated -> modality empty ('no infrastructure action stated'). STRATUM: US only; two named state bodies with a role (USAO-SC prosecuting, FBI Columbia investigating) -> cooperative on orgs; Dish Network and Sling TV are named as the victims whose content was accessed, not as participants -> not counted. Only prior mention of Valverde in the corpus is the IPEC annual-report series source (not an action row) -> new. Judge Mary G. Lewis / U.S. District Court is the sentencing forum (not listed as an org; would not change the stratum). [STRATUM recomputed under REGISTER.md as revised 2026-08-17 (states only; organisation counts play no part): countries_executing=['united-states'] -> domestic; first-pass value under the old orgs clause was 'cooperative' - the org-count/'complainant-counted'/'same-force-units' remarks above are now descriptive only (private_named covariate).]"
REG-2024-0013,de,DOM-2024-1004,Hellenic Police (Ελληνική Αστυνομία),le,1,https://www.astynomia.gr/2024/05/22/22-05-2024-exarthrothike-egklimatiki-organosi-pou-apokomise-ofelos-5-800-000-evro-apo-paranomi-parochi-ypiresion-syndromitikis-tileorasis/,2024-05-22,,2024-05-22,Εξαρθρώθηκε εγκληματική οργάνωση που αποκόμισε όφελος 5.800.000 ευρώ από παράνομη παροχή υπηρεσιών συνδρομητικής τηλεόρασης,,iptv-service,,true,"organisation supplying decoders/retransmission devices for pay-TV, 6,443 customers",independent,,greece,greece,Υποδιεύθυνσης Ασφαλείας Πατρών,domestic,,false,,false,none,arrest-search; asset-seizure,true,,false,"Agrees with DE domestic (digital banks abroad = payment channel of the crime). Date anomaly: dateline 'Πάτρα, 22 Μαίου 2024' but the body says the operation was 'χθες 22-5-2024' — action_date coded from the explicit body date; the release is internally inconsistent by one day. asset-seizure: two cars 'προερχόμενα από εγκληματική δραστηριότητα' (no cash sum stated). indictments=pending referral-inferred. Word count includes capture frontmatter and DE extraction notes; quotes from Extracted Text only."
REG-2024-0014,walk-2026-08-17,B32,Policía Nacional,le,1,https://www.policia.es/_es/comunicacion_prensa_detalle.php?ID=16215,2024-05-31,,,La Policía Nacional desmantela un entramado que obtuvo más de 5.300.000 euros mediante la distribución ilícita de contenidos audiovisuales,,iptv-service,,true,"IPTV distribution, 130+ channels, 14.000 subscribers, 16 web pages",independent,,spain,spain,Policía Nacional; Alliance for Creativity and Entertainment; Unidad Central de Ciberdelincuencia,domestic,,false,,true,coder,arrest-search; domain-seizure; hosting-takedown; asset-seizure,true,,true,"Domain-seizure coded because the 16 sites redirect to a Policía Nacional seizure banner ('intervenida') under police process; hosting-takedown from 'intervención y bloqueo de los servidores'; asset-seizure = 80.000 EUR frozen in bank accounts (vehicle + 2 computers seized at searches are evidence). Leader 'de origen neerlandés' is nationality, not a Dutch authority role. ACE = named complainant -> cooperative on the orgs rule; single state. Investigation began Nov 2022; action date not stated. [promoted 2026-08-17: coded against the cookie-unlocked policia.es text; fetch rung curl_cffi+cookies_set] [2026-08-17 coordinator: stratum cooperative->domestic by the states-only rule (DE CODEBOOK s.3 v1.11+); coder's value kept as stratum_as_coded]"
REG-2024-0015,walk-2026-08-17,CC1-5,Polizeipräsidium Karlsruhe,le,1,https://www.presseportal.de/blaulicht/pm/110972/5791460,2024-05-31,,2024-05-29,POL-KA: (KA) Karlsruhe - 35-Jähriger wegen des Verdachts des gewerbsmäßigen Computerbetruges sowie der Geldwäsche in Untersuchungshaft,,iptv-service,,true,"suspect sold internet access to a pay-TV broadcaster's paid content in >4,000 cases over several years (a pay-TV piracy access/reseller system; the release does not use the word IPTV)",independent,,germany,germany,Polizeipräsidium Karlsruhe; Generalstaatsanwaltschaft Karlsruhe,domestic,,false,,false,none,arrest-search; asset-seizure,true,,false,"date_source: presseportal dateline '31.05.2024 – 15:15'. Joint release of Generalstaatsanwaltschaft Karlsruhe (Cybercrime-Zentrum Baden-Württemberg) and Polizeipräsidium Karlsruhe -> 2 named orgs with operational roles -> cooperative under the REGISTER rule (single state; DE country rule would say domestic). Untersuchungshaft is remand = arrest stage, not imprisonment. indictments=pending is referral-inferred from the prosecutor-led Ermittlungsverfahren ('vorgeworfen', GenStA investigators, U-Haft). Complainant 'ein deutscher Medienkonzern für Pay-TV Angebote' unnamed -> not an org. Karlsruhe/Cybercrime-Zentrum grep hits are unrelated fraud operations. [STRATUM RECOMPUTED 2026-08-17: REGISTER.md was revised mid-slice to the states-only rule (organisation counts play no part); this row was first coded cooperative on the org-count reading described above and is now domestic because countries_executing=1.]"
REG-2024-0016,walk-2026-08-17,DTH-10,กรมสอบสวนคดีพิเศษ (DSI),le,1,https://www.dsi.go.th/th/Detail/da997d4012091d79d2691161d5dcd8c1,2024-06-06,,2024-06-05,DSI ส่งสำนวนมีความเห็นสั่งฟ้องสามีอดีตดาราดัง เจ้าของเว็บไซต์ Doo4k.tv ข้อหาดักหนัง-เผยแพร่สื่อลามก มูลค่าความเสียหายกว่า 93 ล้านบาท,,streaming-site,,true,"Doo4k.tv and other sites streaming foreign films/audiovisual works (per the follow-on judgment release, also retransmission of TrueVisions pay-TV channels) -- in scope; medium streaming-site here (the follow-on record shows pay-TV retransmission, so hybrid is defensible).",independent,,thailand,thailand,กรมสอบสวนคดีพิเศษ; กองคดีเทคโนโลยีและสารสนเทศ; พนักงานอัยการ สำนักงานคดีพิเศษ; สำนักงานอัยการพิเศษฝ่ายคดีทรัพย์สินทางปัญญาและการค้าระหว่างประเทศ 3,domestic,,false,,false,coder,arrest-search,true,,false,"date_source: 'เผยแพร่: 6 มิ.ย. 2567' (BE 2567 = 2024) and text 'ลงวันที่ 5 มิถุนายน 2567'; action_date = 5 June 2024 (file forwarded). Special case 113/2560 (opened BE 2560 = 2017). PARENT row for the Doo4k.tv prosecution; DTH-15 (court judgment 2025-03-13) is coded as follow-on:DTH-10 and carries the conviction/sentence cells. Record type: prosecution-stage (DSI forwarded the case file + suspects to the Office of the Attorney General's Special Litigation Office recommending indictment of Mr Phumiphat and associates, 7 persons; earlier, on 11 Sept 2023, DSI had recommended indictment of 25 suspects on copyright charges, which the IP & International Trade prosecutors (Office 3) discontinued because the victim withdrew the complaint, returning the file for Computer Crime Act charges). Stratum: DSI + the prosecutors' IP office (which decided to discontinue the copyright counts and returned the file) named with roles -> cooperative under the REGISTER clause (if a prosecutor's charging decision is not counted as 'operational', domestic). Judicial: the principal is 'อยู่ระหว่างคุมขัง' (in detention) -> arrests n=1 (only his custody is stated; the other 6 suspects' status is not); indictments pending (DSI opinion to indict, forwarded to prosecutors -- Thai 'ส่งสำนวน ... ควรสั่งฟ้อง' = referral with recommendation, referral-inferred). Modality: no infrastructure action described in this record ('no infrastructure action stated'). Victim unnamed here (TrueVisions per DTH-15). Reconstitution not addressed. [2026-08-17 coordinator: stratum cooperative->domestic by the states-only rule (DE CODEBOOK s.3 v1.11+); coder's value kept as stratum_as_coded] [2026-08-18 coordinator, manuscript pass: arrest-search ADDED: the row codes arrests (n>=1) with an empty modality list; CODING.md Column 1 defines arrest-search as 'arrests, raids, search-and-seizure against persons/premises', so a recorded arrest is the code by definition (found while writing the manuscript's 'no modality coded' sentence)]"
REG-2024-0017,walk-2026-08-17,CC2-5,policja.pl (KWP w Bydgoszczy / KMP w Bydgoszczy),le,1,"https://policja.pl/pol/aktualnosci/246312,Dwaj-mieszkancy-Podkarpacia-odpowiedza-za-sharing-Zatrzymali-ich-bydgoscy-policj.html",2024-06-10,,,Dwaj mieszkańcy Podkarpacia odpowiedzą za sharing. Zatrzymali ich bydgoscy policjanci,,cardsharing,,true,two home cardsharing operators (Mielec area) redistributing pay digital-TV signal to 12 and 18 recipients,independent,,poland,poland,Komendy Miejskiej Policji w Bydgoszczy,domestic,,false,,false,none,arrest-search,true,,false,"Two separate small operators (53-year-old in Mielec, 43-year-old nearby) handled in one police action; coded as one row. Charges presented -> indictments n=2. Search date not stated. A representative of 'jednej z poszkodowanych platform cyfrowych' was present — platform unnamed, so domestic."
REG-2024-0018,de,DOM-2024-1003,Hong Kong Customs and Excise Department (via HKSAR Government Information Services),le,1,https://www.info.gov.hk/gia/general/202406/12/P2024061200696.htm,2024-06-12,,2024-06-12,Hong Kong Customs detects suspected infringing cases involving unauthorised communication of copyright works to public (with photo),,isd-retail,,true,six retail shops offering illicit streaming devices; ~125 devices seized,independent,,hong-kong,hong-kong,Hong Kong Customs,domestic,,false,,false,none,arrest-search,true,,false,Agrees with DE domestic. Copyright owners (plural) unnamed. Word count includes capture frontmatter and DE extraction notes; quotes from Extracted Text only.
REG-2024-0019,walk-2026-08-17,CC1-8,Bundeskriminalamt (BKA),le,1,https://www.bka.de/DE/IhreSicherheit/Fahndungen/Personen/BekanntePersonen/Selimi/SelimiKastriot/selimiKastriot.html,2024-06-18,,,"Fahndung nach SELIMI, Kastriot",,streaming-site,,false,"artefact is a standing public wanted notice (Fahndung) for the alleged founder of the kinox.to streaming portal and its filehosters, not a release describing an enforcement action against infrastructure; kinox.to is a link/streaming portal (scope-marginal even as a target). No action, date, or outcome is stated",independent,,germany; kosovo,germany,Bundeskriminalamt (BKA); Landeskriminalamt Sachsen; Generalstaatsanwaltschaft Dresden,domestic,,false,,false,coder,,false,out-of-scope: artefact is a standing public wanted notice (Fahndung) for t,true,"[orgs-rule-only] date_source: page footer 'Letzte Aktualisierung: 18. Juni 2024' (last update, not first publication; the notice asks about sightings since 01.07.2014, i.e. it dates from 2014). Kosovo = birthplace only, not an executing state. 'dringender Tatverdacht' is a suspicion standard, not a filed charge -> indictments not-reported. The Oct-2014 kinox.to raids (GStA Dresden) are the actual action and were not located on a tier-1 host per the candidate walk. Stratum would be cooperative on the orgs rule (BKA + LKA Sachsen + GStA Dresden, one state) if the row were in scope. [2026-08-17 coordinator: stratum cooperative->domestic by the states-only rule (DE CODEBOOK s.3 v1.11+); coder's value kept as stratum_as_coded]"
REG-2024-0020,walk-2026-08-17,B1,Guardia di Finanza - Comando Provinciale Milano,le,1,https://www.gdf.gov.it/it/gdf-comunica/notizie-ed-eventi/comunicati-stampa/anno-2024/giugno/contrasto-al-fenomeno-della-pirateria-audiovisiva,2024-06-20,,2024-06,Contrasto al fenomeno della pirateria audiovisiva,,iptv-service,,true,,independent,,italy,italy,Comando Provinciale della Guardia di Finanza di Milano; Procura della Repubblica; SKY ITALIA,domestic,,false,,true,coder,arrest-search; blocking-order,true,,false,"Subtitle on page: 'Milano - Perquisizioni in tutta Italia nei confronti di 13 amministratori di IPTV pirata, oscurati oltre 1,3 milioni di utenti'. publish_date from dateline 'Data di pubblicazione : 20 giugno 2024'. action_date: searches 'In concomitanza con gli europei di calcio 2024' (June 2024) -- month only. Stratum: only Italy executes; suspects 'residenti in diverse regioni italiane e all'estero' with no foreign state named, and ISPs 'nazionali ed esteri' do not add a state; but the release names three organisations with a role (GdF Milano executes, Procura della Repubblica di Milano coordinates, SKY ITALIA filed the denuncia that started the case) so the REGISTER.md two-organisation clause makes it cooperative; if the coordinator treats a complainant as victim-only, the police+prosecutor pair alone still satisfies the clause. Judicial: 'indagati' (IT pre-charge suspects) -> indictments=pending per CODING Column 2 mapping; 13 persons 'indiziate del reato previsto dall'art. 171 ter'; no arrests mentioned (silence -> not-reported). Modality: 'oscuramento dei siti pirata' / 'oscurata la trasmissione del segnale' coded as blocking-order (Italian oscuramento = darkening/blackout of sites; the release does not say sequestro or ISP order, so hosting-takedown or domain-seizure would also be defensible -- coordinator may re-map). Legal persons: none. End-user follow-up ('ulteriori approfondimenti ... identificare compiutamente i singoli utenti') is intent, not a measure -> not coded. [2026-08-17 coordinator: stratum cooperative->domestic by the states-only rule (DE CODEBOOK s.3 v1.11+); coder's value kept as stratum_as_coded]"
REG-2024-0021,walk-2026-08-17,CC1-16,Patent- och marknadsöverdomstolen vid Svea hovrätt (Sveriges Domstolar),court,1,https://www.domstol.se/nyheter/2024/06/fallande-dom-i-mal-om-upphovsrattsbrott-som-skett-via-en-iptv-tjanst/,2024-06-20,,,Fällande dom i mål om upphovsrättsbrott som skett via en IPTV-tjänst,,iptv-service,,true,,independent,,sweden,sweden,Patent- och marknadsöverdomstolen,domestic,,false,,false,none,,true,,false,"publish_date 'Publicerad : 2024-06-20 12.47'. Case PMB 5652-23 (the page header renders it 'PNB 5652-23'; the attached PDF is 'PMB 5652-23'). Appellate judgment: the Patent and Market Court of Appeal convicted the single defendant ('den tilltalade') for the whole charged period (~1 year 8 months of unlawful streaming of films via an IPTV service) and increased the sentence; the sentence type/length is NOT stated -> imprisonments not-reported. Prosecutor's SEK 4,000,000 forfeiture claim was rejected (no asset-seizure); two unnamed film companies received compensation (civil claim; unnamed -> not counted as organisations). Prosecution-only record: no infrastructure action stated (modality empty). Domestic: Sweden; the court is the only named organisation (the action IS its judgment). The lower-instance judgment (Patent- och marknadsdomstolen) is not held in either repository, so this row is independent, not a follow-on."
REG-2024-0022,walk-2026-08-17,CC2-4,Policja (policja.pl) — Komenda Powiatowa Policji w Krakowie,le,1,"https://policja.pl/pol/aktualnosci/247009,Policjanci-zlikwidowali-nielegalny-proceder-sharingu.html",2024-06-26,,2024-06-25,Policjanci zlikwidowali nielegalny proceder sharingu,,cardsharing,,true,,independent,,poland,poland,Wydział do walki z Przestępczością Gospodarczą Komendy Powiatowej Policji w Krakowie,domestic,,false,,false,none,arrest-search; hosting-takedown,true,,false,"publish_date 'Data publikacji 26.06.2024'; action 'we wtorek (25 czerwca br.)' -> 2024-06-25. Domestic: Poland; KPP Kraków economic-crime unit is the only named organisation ('przedstawiciel pokrzywdzonych platform cyfrowych' present at the search is unnamed -> not counted; the IT expert is not an organisation). arrests n=1 (49-year-old detained); indictments n=1: PL 'usłyszał zarzut' = charge presented in preparatory proceedings the same day (art. 6 ust. 1-2 / art. 7 ust. 1 conditional-access Act) - coordinator may re-map to pending if 'zarzut' is treated as pre-indictment (same treatment as CC2-13, CC2-7). hosting-takedown: the whole sharing-server infrastructure (equipment confirmed as sharing servers by the expert) was seized/'zlikwidowali'. Losses ~PLN 65,000. No conviction/durability statement."
REG-2024-0023,walk-2026-08-17,CC4-10,Instituto Nacional de Defensa de la Competencia y de la Protección de la Propiedad Intelectual (Indecopi),ministry-regulator,1,https://www.gob.pe/institucion/indecopi/noticias/978379-indecopi-ordena-bloqueo-de-23-sitios-web-pirata-que-retransmitian-partidos-de-futbol-de-la-liga-1-infringiendo-derecho-de-autor,2024-06-26,,,Indecopi ordena bloqueo de 23 sitios web pirata que retransmitían partidos de fútbol de la Liga 1 infringiendo derecho de autor,,live-sports-stream,,true,,independent,,peru,peru,Indecopi; 1190 PERÚ I LATAM S.A.C.,domestic,,false,,false,none,blocking-order,true,,false,"date_source: 'Nota de prensa 26 de junio de 2024' and 'Lima, 26 de junio de 2024'. Administrative precautionary blocking orders (Resoluciones 375-2024/CDA-INDECOPI and 376-2024/CDA-INDECOPI) against 23 Liga 1 restreaming sites, executed by eight named ISPs (compelled intermediaries, not counted as cooperating orgs). Applicant 1190 PERÚ I LATAM S.A.C. (exclusive Liga 1 licensee) counted as a named rights-holder with operational role -> 2 orgs -> cooperative under the REGISTER rule. Existing Indecopi corpus sources (2023-12-20 328 sites, 2024-09-20 400 sites, 2025-11-28 international) are different orders. [STRATUM RECOMPUTED 2026-08-17: REGISTER.md was revised mid-slice to the states-only rule (organisation counts play no part); this row was first coded cooperative on the org-count reading described above and is now domestic because countries_executing=1.]"
REG-2024-0024,walk-2026-08-17,CC1-15,Patent- och marknadsöverdomstolen vid Svea hovrätt,court,1,https://www.domstol.se/nyheter/2024/07/grovt-upphovsrattsbrott-avseende-illegal-iptv/,2024-07-05,,,Grovt upphovsrättsbrott avseende illegal IPTV,,iptv-service,,true,,independent,,sweden,sweden,Patent- och marknadsöverdomstolen,domestic,,false,,false,none,,true,,true,"date_source: 'Publicerad : 2024-07-05 11.01' on the page. Appellate judgment (case PMB 14039-23) upholding the lower court's conviction of two defendants for grovt upphovsrättsbrott (aggravated copyright offence) in an illegal IPTV network (>=5,000 customers, four years); damages reduced from ~196 MSEK to ~114 MSEK; sentence ('påföljd') unchanged but not described -> imprisonments not-reported. indictments n=2 derived from 'de två tilltalade' (the two accused). No infrastructure action stated (prosecution-only record) -> empty modality. Three plaintiff companies ('de tre målsägandebolagen') unnamed -> not orgs. needs_review: this is a judicial-stage record whose underlying police action is not held by either repository; if another register row (e.g. a Swedish police/prosecutor release on the same network) exists, this row should become follow-on to it. Note the release text contains a soft hyphen in 'televisions­utsändningar' -- the convictions quote reproduces it character-exactly."
REG-2024-0025,ic,coda-cbep-china-shenlan-coco-subscription-streaming-takedown-2024,Content Overseas Distribution Association (CODA),coalition,1,https://coda-cj.jp/en/news/513/,2024-07-16,,,"Operators of unlicensed subscription-like websites criminally exposed in China for the first time. A total of 13 people, including the operators of the two cases, were arrested one after the other. - Content Overseas Distribution Association（CODA）",capture,iptv-service,pool-default,true,IC census row: pool tag illegal-iptv-ic; medium defaults to iptv-service (re-read as found),independent,,china; japan,china; japan,(wiki participating_agencies #1); (wiki participating_agencies #2); (wiki participating_agencies #3),cooperative,wiki-fields,false,,true,wiki-flag,arrest-search; hosting-takedown,false,publisher_type=coalition,false,"converted from paper2/coding/coda-cbep-china-shenlan-coco-subscription-streaming-takedown-2024.json (coder agent-w2-3, 2026-08-13); date_source=raw-frontmatter; source_of_record=raw/press-releases/2024-07-16_coda_shenlan-coco-first-overseas-subscription-site-criminal-exposure.md; tier_basis=raw-dir:press-releases; other_cited_captures=1; quotes are the cited lines as of the coding date; stratum from wiki fields (participating_countries=2, participating_agencies=3); official_release_sourced=True. CAPTURE TIERS: all three captures USABLE. CODA (curl_cffi fulltext, word_count 1394) carries the full English release body at raw:55-93 inside site-navigation chrome (raw:33-47, raw:99-161) — the coda-cj.jp pattern. TorrentFreak fulltext usable (body raw:57-121; the trailing 'You Might Also Like'/'Popular Posts' blocks raw:139-166 are site chrome and include headlines postdating the article, e.g. 'Operator of Bato.to Criminally Investigated in China…' dated 2026-01-29 (tf raw:149-151) — chrome, not a reconstruction tell, and not cited). GIGAZINE is usable but DERIVATIVE: it is explicitly a report about the TorrentFreak article (gigazine raw:39, 41-43) and adds no independent case fact; it also mistranslates the criminal complaints as civil — 'CODA also revealed that it won two new piracy streaming lawsuits on July 16, 2024.' (gigazine raw:59) — so nothing is coded from it. MODALITY: arrest-search — Taizhou PSB 'dispatched 54 agents and other personnel to Chongqing, Jiangsu, Shandong, Shanghai, Hebei, and Anhui Provinces to conduct simultaneous raids against several suspects in various locations' with 10 arrested (coda raw:61), one further arrest in Hubei on 24 January (raw:65), and Yangzhou PSB's 11 investigators sent 'to the homes and workplaces of the suspect brothers in the second case to search their homes' with two arrested (raw:75). hosting-takedown is a BORDERLINE CALL, made the same way as the B9GOOD row: the record states the operators' server infrastructure was seized and their administrative control taken — '9 laptops, 2 desktop computers, 2 servers, 11 cell phones, and multiple storage devices were seized during the raid, and all data on the servers were preserved as evidence after obtaining the management accounts and passwords for “SHEN LAN”' (raw:63) and 'During the raid, PCs, server equipment, etc. were seized, and all data on the server was preserved as evidence by obtaining “COCO” management accounts and passwords' (raw:77) — and the corroborating record states the outcome as shutdown: 'services offering tens of thousands of anime titles were shut down' (tf raw:57). The counter-argument recorded here: the equipment is described as seized/preserved AS EVIDENCE in a raid, and the operation page's frontmatter seeds servers_seized: 0; the coded call rests on the servers themselves being taken plus the administrative accounts being obtained, which is control of the hosting, not merely evidence collection. NOT coded: domain-seizure (no domain action of any kind in either record; frontmatter domains_seized: 0 agrees); asset-seizure — the record quantifies criminal proceeds (5 million yuan for Shenlan, raw:73; 4 million+ yuan for COCO, raw:83) and the verdict imposes 'a fine of 3.6 million yuan' (raw:93), but a fine is a penalty and no freeze, forfeiture, or confiscation of illegal gains is stated (contrast the B9GOOD row, where confiscation was explicit); the seized laptops/phones/storage are evidence. JUDICIAL: arrests n=13 — 'arresting 13 people, including the operator, on suspicion of violating copyright laws for two incidents' (raw:55), broken down as Shenlan 10 (raw:61) + 1 in Hubei = 11 (raw:65) and COCO 2 brothers, 'male B (44) and male C (46)' (raw:75); TorrentFreak corroborates the same 13 and 11 (tf raw:57, 85). indictments n=1 and convictions n=1, both from the dated in-page update: 'Regarding the operator of “COCO” (Male B) mentioned in this release, on June 20, 2025, the Guangling District People’s Procuratorate of Yangzhou City handed down a guilty verdict for copyright infringement, sentencing him to three years’ imprisonment, suspended for four years, and a fine of 3.6 million yuan (approximately JPY 83 million). The appeal period has since expired, and the judgment has become final.' (raw:93). The indictment count is DERIVED (borderline, flagged): no charging event, count, or date is reported anywhere in the record — the only charging evidence is that this one defendant was tried to a final guilty verdict, which entails charges (same derivation the zzzfun row used). At release time CODA wrote only prospectively about charging — 'We will also closely monitor the details of the case that will be revealed in the criminal trial after the indictment and seek severe criminal penalties.' (raw:87) — which is awaited-proceedings language, not an indictment. PARTIAL STATE: the charging/verdict status of the other 12 arrestees (all 11 Shenlan suspects and COCO's Male C) is not reported in any cited record; the operation page's missing_fields concurs ('Shenlan-case sentencing outcomes (the 11 arrested) are not itemised in CODA reporting'). imprisonments none-stated: the single reported sentence is 'three years’ imprisonment, suspended for four years' (raw:93) — suspended is not custodial under v2, and no time served, remand credit, or immediate custody is stated for any defendant. RECORD-DATE CONFLICT (noted per manual): the capture's byline and frontmatter publish_date are 2024-07-16, but the cited verdict text sits inside an explicitly dated in-page update, '[Update: March 12, 2026]' (raw:91). latest_record_date is set to 2026-03-12, the publication date of the cited text, not the article byline — right-censoring for this row therefore runs from March 2026, by which date the record still reports no outcome for the other 12 arrestees. Both other cited records are earlier (2024-07-17, 2024-07-26). RECONSTITUTION: no-reconstitution-reported. TorrentFreak, publishing 191 days after the 8 January Shenlan raid and 42 days after the 5 June COCO raid, states the target's present status affirmatively — '…making a total of 11 arrests in connection with the now shuttered service.' (tf raw:85) — and frames both services as closed ('services offering tens of thousands of anime titles were shut down', tf raw:57; 'the Shenlan service previously taken down', tf raw:91). Both dates clear the 14-day durability window. BORDERLINE flagged: this is a trade-press characterisation in a news lede, not a monitoring report, and the later CODA update (2026-03-12) says nothing about site status either way; no cited record names any successor or reports any relaunch, so no evidence-bearing value outranks this one. CORPUS SEARCH ('shenlan', 'shen lan', 深藍, 深蓝, 'COCO' over wiki/sources/): the only same-operation sources are the three already cited (the other 'COCO' hits are substring matches inside unrelated US sentencing sources — mdfl_omotosho-xdedic, edky_sabbagh, edca_holly-adams). No linkage gap. ENTITY NOTE: the capture renders the site name as 'SHEN LAN' (raw:61) while the wiki normalises it to Shenlan (深藍); the auto-translation also attributes the guilty verdict to the 'Guangling District People’s Procuratorate' (raw:93) — a procuratorate prosecutes and a court convicts, so the verdict body is highly likely the Guangling District People's Court; the capture is cited as-is and the discrepancy recorded here rather than corrected in the coded cells (the operation page reproduces the same procuratorate attribution)."
REG-2024-0026,de,DOM-2024-1005,Hellenic Police (Ελληνική Αστυνομία),le,1,https://www.astynomia.gr/2024/07/22/22-07-2024-apo-ti-diefthynsi-dioxis-ilektronikou-egklimatos-synelifthi-25chronos-gia-peirateia-syndromitikon-kanalion/,2024-07-22,,2024-07-19,Από τη Διεύθυνση Δίωξης Ηλεκτρονικού Εγκλήματος συνελήφθη 25χρονος για «πειρατεία» συνδρομητικών καναλιών,,iptv-service,,true,live retransmission of pay-TV channels sold as subscriptions and advertised online; 8 IPTV Android boxes seized,independent,,greece,greece,Διεύθυνση Δίωξης Ηλεκτρονικού Εγκλήματος; Εισαγγελίας Πρωτοδικών Αθηνών,domestic,,false,,false,none,arrest-search,true,,false,Agrees with DE domestic. Complainant company unnamed ('συνδρομητικά τηλεοπτικά κανάλια της'). indictments=pending referral-inferred. Word count includes capture frontmatter and DE extraction notes; quotes from Extracted Text only.
REG-2024-0027,walk-2026-08-17,DTH-11,กรมสอบสวนคดีพิเศษ (DSI),le,1,https://www.dsi.go.th/th/Detail/3a476a0b57f0a1f19530a4312c26fa3f,2024-07-31,,2024-07-31,"DSI ร่วมกรมการปกครอง กระทรวงมหาดไทย ปฏิบัติการล่าเครือข่ายบัญชีม้า จากพนันออนไลน์/ละเมิดลิขสิทธิ์พรีเมียร์ลีก จับ 2 ราย เสียหายกว่า 2,900 ล้านบาท",,live-sports-stream,,true,"network of free Premier League live-streaming websites (Tvsod.com, Bee789.com, Ballza.com, 7mscorethai.com/.net, Dooballdotlink.com, Suckballhd.com, Amloin789.com, 7upth.com) used as a funnel to online gambling; mule accounts",independent,,thailand,thailand,กรมสอบสวนคดีพิเศษ; กรมการปกครอง; กองคดีเทคโนโลยีและสารสนเทศ,domestic,,false,,false,coder,arrest-search,true,,false,"[orgs-rule-only] Arrest/search stage (21 sites searched, 2 arrested on Criminal Court warrants — นายอธิวัฒน์ and นายยุทธพงษ์ — 2024-07-31) of DSI special case 291/2565 (EPL streaming + gambling mule accounts) — the same case has other tier-1 stages in the candidate walk (TH-9 2024-03-27 file submission, TH-12, TH-14 further arrest 2024-11-02, TH-16 asset seizure 2025-08-20 [coded here as follow-on:DTH-11], TH-18/19 2025). Coordinator should pick ONE parent row for case 291/2565; this row is coded independent as the arrest action. The Football Association Premier League Ltd is named as victim (บริษัทผู้เสียหาย) only. The fetched text carries non-breaking spaces and hard line breaks inside sentences, so quotes are kept short. Stratum cooperative on the orgs rule only (DSI + Department of Provincial Administration, one state). Dateline 'เผยแพร่: 31 ก.ค. 2567' = 2024-07-31 (Buddhist year 2567). [2026-08-17 coordinator: stratum cooperative->domestic by the states-only rule (DE CODEBOOK s.3 v1.11+); coder's value kept as stratum_as_coded]"
REG-2024-0028,ic,philippines-korea-bi-knpa-365tv-iptv-piracy-takedown-2024,"Republic of the Philippines, Bureau of Immigration (BI)",le,1,https://immigration.gov.ph/bi-agents-nab-korean-fugitive-wanted-for-copyright-violation-in-pampanga/,2024-08-08,,,BI agents nab Korean fugitive wanted for copyright violation in Pampanga,capture,iptv-service,pool-default,true,IC census row: pool tag illegal-iptv-ic; medium defaults to iptv-service (re-read as found),independent,,philippines; south-korea,philippines; south-korea,(wiki participating_agencies #1); (wiki participating_agencies #2),cooperative,wiki-fields,false,,true,wiki-flag,arrest-search,true,,false,"converted from paper2/coding/philippines-korea-bi-knpa-365tv-iptv-piracy-takedown-2024.json (coder agent-w2-1, 2026-08-13); date_source=raw-frontmatter; source_of_record=raw/press-releases/2024-08-08_immigration-gov-ph_bi-knpa-interpol-365tv-korean-iptv-piracy-arrest-pampanga.md; tier_basis=raw-dir:press-releases; other_cited_captures=0; quotes are the cited lines as of the coding date; stratum from wiki fields (participating_countries=2, participating_agencies=2); official_release_sourced=True. CAPTURE TIERS. The BI/INTERPOL capture is HYBRID: raw:29-45 is the Bureau of Immigration own-domain release reproduced verbatim — USABLE, and it preserves the publisher's own grammatical error (""did not departed since then"", raw:45), a verbatim tell no digest would produce; raw:57-75 reproduces two blocks of the INTERPOL Project I-SOP page (the August 2024 entry and the programme description) under agent-composed headings — treated as usable for the two quoted paragraphs; raw:79-117 is agent-authored analysis (secondary-source cross-check, L24 verification, contradictions) — RECONSTRUCTION, nothing coded from it. The capture carries NO fetch metadata (no http_status, no content_hash, no word_count, no fetcher), so the usable call on the INTERPOL blocks rests on their internal texture alone; L52 warns that interpol.int serves an SPA shell that returns 200 empty without Camoufox, so a re-fetch would be worth doing before this row is used for anything finer than what is coded here. The SECOND cited source is RECONSTRUCTION tier and is not coded from: raw/press-releases/2025-01-15_interpol_korea-launch-second-phase-global-crackdown-digital-piracy.md is an agent-authored digest that describes its own release in the third person (""The release cites Phase I achievements including:"", raw:20; ""The release also positions Phase II as continuation of the Korea-Indonesia and Korea-Philippines deliverables of Phase I"", raw:26) and — CORPUS DEFECT — embeds a live wiki wikilink inside an immutable raw capture (""[[portugal-us-fbi-pj-evo-release-group-piracy-takedown-2023]]"", raw:24). It never names this case, this suspect or any judicial stage; it is a programme-level Phase II funding release. MODALITY: arrest-search only — ""In a statement, Immigration Commissioner Norman Tansingco said 55-year-old Kim Jongsik was arrested Aug. 6 at his residence in Bgy Sto Nino, Angeles City by operatives from the BI's fugitive search unit (FSU)."" (raw:31) and ""The joint operation involving NBI, BI, KNPA, MCST, and KCOPA supported a raid on the suspect's residence in the Philippines, during which law enforcement seized PCs, mobile phones and illegal streaming devices."" (raw:63). Did NOT code hosting-takedown despite the INTERPOL entry's headline ""Philippines, Korea, and INTERPOL cooperation shut down illegal IPTV service"" (raw:59): that is a characterisation of the operation's effect, and the record itemises only PCs, phones and streaming devices taken in a residential raid — no server, hosting, domain or app-store action is stated anywhere, which the operation page states as well (""0 server seizures itemised in the tier-1 record"", ""0 domain seizures itemised in the tier-1 record""). The seized PCs, phones and streaming devices are evidence/contraband from the raid, not asset-seizure (same call as the Singapore ISD row); no monetary, bank or crypto seizure is stated. Did NOT code end-user-action: the expatriate subscriber base is neither quantified nor acted against. JUDICIAL: arrests n=1 — a single-operator case in both tier-1 records (raw:31; ""Philippine authorities arrested the operator of an unlicensed IPTV service targeting Korean expatriates"", raw:61). indictments n=1 — the record states the charge and names the instrument: ""Tansingco said Kim is subject of an arrest warrant issued by the Busan district court in October 2022 when he was charged with violating Korea's copyright act."" (raw:33) and ""A red notice on Kim was also issued by the Interpol the following month as a result of his criminal indictment, the BI chief added."" (raw:35). The charging act is Korean and predates the arrest, which is what makes this row different from the investigation-stage rows (Huge Hit, Rosenheim, Cagliari): the indictment is a completed stage on the face of the record, so a count is coded rather than pending. convictions pending — the Korean prosecution is charged and awaiting the defendant: an arrest warrant issued on a filed charge (raw:33) with the defendant in custody for removal to face it (""He is now detained at the BI custodial facility in Camp Bagong Diwa, Taguig City where he will remain until he is deported."", raw:37). No verdict or plea appears in any cited record. imprisonments not-reported — no sentence anywhere; the custody described is pre-removal immigration detention, which is not a custodial component of a sentence and is NOT coded as an imprisonment. DATE CONFLICT recorded: the BI release places the Red Notice in November 2022 (""the following month"" after the October 2022 warrant, raw:35) while the INTERPOL entry says the suspect ""had been sought by Korea under an INTERPOL Red Notice since October 2022"" (raw:61) — a one-month discrepancy between two tier-1 publishers on the Notice date; not a Column value. latest_record_date 2024-08-08 = the BI release byline and the date carried by the INTERPOL August 2024 entry. NOT advanced to 2025-01-15 (the second cited source) because that record is reconstruction-tier, names no stage and no defendant here, and nothing is coded from it; and NOT advanced to the Korea Herald's 2024-11-06 extradition report, which exists in the corpus only as an agent-written cross-check line inside the capture (raw:81), not as a captured record. Consequence: this row is right-censored at 2024-08-08, two days after the arrest, even though the corpus's own prose asserts a completed extradition — the extradition is real reporting the coding cannot reach at raw level, and it is not a Column value in any case (extradition is not a modality code and not a judicial stage). RECONSTITUTION not-reported: no cited record speaks to the status of the service after 6 August 2024. The INTERPOL headline's 'shut down' claim is same-month announcement language, well inside the 14-day window, and is a claim about the action rather than an observed down-status; the operation page's own Follow-Up Actions section confirms nothing further is documented (""The '365TV' application and associated upstream signal-acquisition infrastructure are not documented as having been further investigated in the tier-1 record.""). No successor or relaunch is named. CORPUS SEARCH ('365TV', 'Jongsik', 'Angeles City', 'Pampanga', 'I-SOP' across wiki/sources/ and raw/): the only records of THIS action are the two cited sources. Three other files mention 365TV, all as agent-written context rather than as records of the operation — two KCOPA policy captures (raw/policy-documents/2025-01-01_kcopa-or-kr_international-cooperation-overseas-offices.md:11 and .../local-language-monitoring-overseas-k-content.md:20, which list 'the Philippines 365TV BI-KNPA takedown (2024)' in an analyst's roll-up of I-SOP referrals) and the 2024-08-19 MCST release, which its own source page describes as a bulk-sweep distinct from the single-target 365TV deliverable and whose raw contains no mention of the Philippines. NO LINKAGE GAP. Noted for the coordinator: the '365TV' brand in this row's slug and title is tier-2 (Manila Bulletin, via sticker stamps recovered in the raid) and appears in NEITHER tier-1 capture — the operation page says so itself; nothing in this coding depends on the brand. [2026-08-19 reverse pending screen] convictions: pending -> not-reported. Both halves of the supporting sentence land BELOW the conviction stage: 'charged with violating Korea's copyright act' is a filed charge (this row already codes indictments n=1 off the same sentence), and 'an arrest warrant issued by the Busan district court' is a bare warrant, the B22 class. The capture contains zero occurrences of trial, verdict, convict, await, hearing or prosecut. The custody stated is administrative immigration detention pending deportation under a 2023 summary deportation order, which the release never ties to a trial. ⚠ The general point matters more than the cell: the manual's escalator lifts a PROSECUTOR-LED INVESTIGATION to the next stage; it is not a rule that each coded stage makes the next one pending. If it were, every row with indictments n>=1 would carry convictions pending and the conviction column would stop measuring anything."
REG-2024-0029,walk-2026-08-17,CC1-3,Polizeiinspektion Nienburg / Schaumburg,le,1,https://www.presseportal.de/blaulicht/pm/57922/5842670,2024-08-13,,2024-08-13,POL-NI: Durchsuchungsmaßnahmen im Rahmen eines großen Ermittlungsverfahrens,,iptv-service,,true,Release says 'illegalem Pay-TV Streaming' and a server installation was removed; the service is not named. In scope (pay-TV streaming). Medium coded iptv-service on the 'Pay-TV Streaming' + Serveranlage description; 'other' would also be defensible.,independent,,germany,germany,Polizeiinspektion Nienburg; Amtsgericht Verden; Zentralen Polizeidirektion Niedersachsen,domestic,,false,,false,coder,arrest-search; hosting-takedown,true,,false,"Publisher is a German police inspectorate publishing via presseportal.de (news aktuell relay of 'Original-Content von: Polizeiinspektion Nienburg / Schaumburg') -- tier-1 by authorship, but the domain is presseportal.de, not a police domain; coordinator decides publisher_tier (I left 1). date_source: dateline '13.08.2024 – 12:24'; action 'heute Vormittag (13.08.2024)'. Germany only; three named organisations with a role in the action (PI Nienburg leads the Ermittlungsverfahren, Amtsgericht Verden ordered/prompted the searches ('regte ... an'), the ZPD Niedersachsen technical unit assisted removing the server installation) -> cooperative under the REGISTER two-organisation clause. Judicial: no arrests stated (silence -> not-reported); one 62-year-old Beschuldigter named; 'Die Ermittlungen ... dauern an' in a DE Ermittlungsverfahren -> indictments pending (referral-inferred per CODING Column 2: prosecutor-led investigation language qualifies for the next stage; here it is a police-led Ermittlungsverfahren with a court search order -- coordinator may downgrade to not-reported since no Staatsanwaltschaft is named). Modality: 7 searches in three Länder; 'Transport einer größeren Serveranlage' = server installation seized/removed -> hosting-takedown; smartphones/data carriers seized as evidence (not asset-seizure). No service name, no domain action. [2026-08-17 coordinator: stratum cooperative->domestic by the states-only rule (DE CODEBOOK s.3 v1.11+); coder's value kept as stratum_as_coded]"
REG-2024-0030,walk-2026-08-17,DKR-3,문화체육관광부,ministry-regulator,1,https://www.mcst.go.kr/kor/s_notice/press/pressView.jsp?pSeq=21316,2024-08-22,,,"‘공짜 케이-콘텐츠는 그만’, 태국 내 불법 사이트 최초 접속 차단",,streaming-site,,true,,independent,,south-korea; thailand; united-states,south-korea; thailand,"문화체육관광부; 한국저작권보호원; 태국 지식재산청; 태국 디지털경제사회부; 미국영화협회(MPA) 태국지부; 에이스(ACE, Alliance for Creativity and Entertainment); 태국 영화협회; 태국 통신사(True); KBS; SBS; JTBC; SLL",cooperative,,false,,true,keywords,blocking-order,true,,false,"FETCH: MCST press pages carry only the title, date and attachment links in HTML; the release body is in the attached hwpx/pdf. The PDF ('[0822]문체부보도자료-태국 내 케이-콘텐츠 불법유통 사이트 최초 접속 차단.pdf', 3 pages) was downloaded from the page's file_download endpoint and its text appended to DKR-3.txt below a marker; PDF lines are hard-wrapped, so quotes are single physical lines. register_check --refetch will see only the HTML shell. publish_date '게시일 2024.08.22.' / '보도시점 2024. 8. 22.(목) 08:00'. Action: a Thai court access-blocking order against the whole streaming site 'i***.com' (~6,400 Korean dramas/US films; first site-level block in Thailand), obtained by MCST + KCOPA in cooperation with Thai government bodies (DIP, MDES), MPA Thailand, ACE, the Thai film association and the ISP True, on behalf of Korean rights-holders KBS/SBS/JTBC/SLL (who delegated enforcement to KCOPA since 2022). Cooperative on both axes: Korea and Thailand executing/cooperating; the US appears only through private bodies (MPA/ACE - '미국 등 해외 민간기구') so it is countries_named, not executing. All listed orgs are named with a role (Korean broadcasters delegated their rights - flag 'complainant-counted'; True is the ISP that cooperated - flag as intermediary). No court order date stated. No persons; no durability statement. Candidate mentions a KCOPA twin release (article_seq=5804) not fetched here."
REG-2024-0031,ic,coda-cbep-brazil-operation-animes-anime-piracy-takedown-2023-2024--phase2-2024,Content Overseas Distribution Association (CODA),coalition,1,https://coda-cj.jp/en/news/535/,2024-08-31,,,16 Japanese anime piracy sites were shut down due to Brazil’s “Operation Anime 2 ” and its associated measures - Content Overseas Distribution Association（CODA）,capture,iptv-service,pool-default,true,IC census row: pool tag illegal-iptv-ic; medium defaults to iptv-service (re-read as found),independent,coda-cbep-brazil-operation-animes-anime-piracy-takedown-2023-2024,brazil; japan; south-korea,brazil; japan; south-korea,,cooperative,wiki-fields,false,,true,wiki-flag,arrest-search; voluntary-transfer,false,publisher_type=coalition,false,"converted from paper2/coding/coda-cbep-brazil-operation-animes-anime-piracy-takedown-2023-2024--phase2-2024.json (coder agent-split-an, 2026-08-13); date_source=raw-frontmatter; source_of_record=raw/press-releases/2024_coda_operation-animes-2-brazil-korea-coa-16-sites-takedown.md; tier_basis=raw-dir:press-releases; other_cited_captures=0; quotes are the cited lines as of the coding date; stratum from wiki fields (participating_countries=3, participating_agencies=0); official_release_sourced=True; component_of=coda-cbep-brazil-operation-animes-anime-piracy-takedown-2023-2024. COMPONENT B of a two-action page, coded from its own records only; no cell was taken from the parent page's combined coded file. CAPTURE TIER: usable - raw/press-releases/2024_coda_operation-animes-2-brazil-korea-coa-16-sites-takedown.md carries CODA's verbatim English release body (raw:55-103) inside site navigation chrome (raw:33-47, 105-163); http_status 200, storage_mode fulltext, word_count 1074. The phase-1 capture is background for this component (it supplies the phase-1 comparison at raw:59 of this capture) and is not cited in any cell here.

DATES ESTABLISHED (records, not the parent page's rollup): complaints filed through CODA September 2023 ('Regarding “Operation Anime 2”, in September 2023, three companies—Toei Animation Co., Ltd., Toho Co., Ltd., and Bandai Namco Filmworks Inc.—filed criminal complaints through CODA against multiple piracy websites infringing Japanese anime in Brazil.', raw:61); knock-and-talk operations from March 2024 ('knock-and-talk operations were conducted starting in March 2024 against multiple site operators', raw:61); the enforcement action itself on 25 April 2024 ('On April 25, 2024, local time in Brazil, three malicious Japanese anime piracy websites were exposed in Brazil through a criminal complaint (*1) filed by a CODA member company.', raw:55), announced by the MJSP the next day ('*3: News Release on “Operation Animes” by the MJSP. (Published April 26, 2024)', raw:89); CODA's own release byline is '2024.08.26' (raw:53), which is the completion report. The component's declared announced date 2024-08-26 in tools/paper2_dataset.py matches that byline exactly. ⚠ The wiki source page and the raw frontmatter carry publish_date: 2024-08-31, a month-end value five days after the document's own byline (the phase-1 capture shows the same pattern: 2023-03-31 against a 2023.04.20 byline) - byline over capture metadata per CODING.md, so latest_record_date = 2024-08-26. ⚠ The action date and the announcement date diverge by four months here (25 April action, 26 August report), which is what makes this row's reconstitution evidence durability evidence rather than announcement-time status.

MODALITY. arrest-search: the three sites were 'exposed' through a criminal complaint on 25 April 2024 (raw:55) and the release captions its own enforcement photo 'Scene of the raid' (raw:69). Flagged as resting partly on a photo caption: the prose verb is CODA's 'exposed' (JP 摘発, criminal enforcement action against operators) and no arrest, warrant, or search inventory is itemised. voluntary-transfer: 'knock-and-talk operations were conducted starting in March 2024 against multiple site operators. As a result, three sites—animeshouse.net, animesbr.cc, and meuanime.io—along with ten related sites, totaling thirteen sites, were shut down.' (raw:61) - 13 of this component's 16 closures came from knock-and-talk, not from the criminal action - and 'out of the 16 domains, 11 have already been voluntarily submitted (transferred) through negotiations' with the post-handover redirect (raw:67); per CODING.md post-settlement redirects stay in voluntary-transfer. NOT CODED: domain-seizure - the domains were 'voluntarily submitted (transferred) through negotiations' (raw:67); no state or court seizure or transfer is stated in any cited record. The parent frontmatter's results.domains_seized: 33 is the repo's loose seed convention (11 here + 22 in phase 1, all negotiated). NOT CODED: hosting-takedown - 'shut down' is applied to sites; no server, host, registrar, or blocking instrument is named anywhere in the release, and Operation 404's programme-level footnote ('the blocking of 2,580 sites, the removal of 747 illegal apps, and 152 raids in 20 states', raw:87) is cumulative programme history, not this action. Same borderline as component A, called the same way in both so the two rows stay comparable. NOT CODED: blocking-order, content-delisting, payment-disruption, intermediary-process, asset-seizure, end-user-action - none stated. The geo-blocking at raw:57 is the offenders' own evasion measure, not an enforcement modality.

JUDICIAL. arrests not-reported: no arrest, detention, or custody is mentioned; the release names no individual. Silence, not affirmative absence (the parent frontmatter's results.arrests: 0 and its prose 'No arrests reported in either phase' are a schema seed and a statement about reporting, neither of which is evidence for none-stated). indictments pending, referral-inferred: criminal complaints filed through CODA in September 2023, three sites shut down through them, and the record states proceedings continue - 'As a result, a total of three sites were shut down, including two sites and one related site. Investigations are still ongoing for these three sites as well as one additional site.' (raw:61); footnote 1 defines the instrument as 'criminal referral; A request to the local police to investigate a suspect because of a suspected crime.' (raw:85). ⚠ Re-mapping note: this is a rights-holder criminal complaint to POLICE (JP 刑事告発) with an ongoing police investigation, not a prosecutor-led proceeding and not a charging decision; coded pending on the footing the manual gives HR kaznena prijava and IT denunciati. It is above the manual's floor because the investigation is stated to be underway against four identified sites, not the unbounded inquiry into unidentified others that the floor excludes, but no prosecutor, charge, or court appears anywhere in the record. This component's pending is better supported than component A's (explicit 'still ongoing' language versus phase 1's completed-raids narrative). convictions / imprisonments not-reported: silence. No suspended-sentence, plea, or custodial outcome exists in either phase to weigh.

RECONSTITUTION: coded from the 26 August 2024 status statement, 123 days after the 25 April action, well outside CODING.md's 14-day exclusion. Two qualifications recorded rather than resolved: (a) the knock-and-talk closures have no stated end date ('starting in March 2024', raw:61) and the parent page reads them as completed by August 2024, so an unknown subset of the 16 closures may fall inside 14 days of this status statement, while the 25 April action does not; (b) the affirmation is explicit for the 11 transferred domains, and the remaining 5 are the subject of 'Negotiations will continue to acquire the remaining sites as well.' (raw:67) - stated closed, domains still with the operators. Neither the record nor the page raises a successor or effectiveness question about these targets, so this is not open-question.

PARTICIPATING COUNTRIES ESTABLISHED BY THIS COMPONENT'S RECORDS: 3 - Brazil (executing: 'The investigation was conducted through the Cyber Operations Laboratory (Ciberlab) of Brazil’s Ministry of Justice and Public Security (MJSP), with coordination from Directorate of Integrated Operations and Intelligence (Diopi).', raw:73), Japan (CODA and its member rights holders Toei Animation, Toho, Bandai Namco Filmworks, raw:61; 'This activity was part of a project entrusted from the Ministry of Economy, Trade, and Industry.', raw:81) and South Korea ('CODA has collaborated with the Copyright Overseas promotion Association(COA) of South Korea as part of an international partnership aimed at strengthening the effectiveness of infringement measures(*5).', raw:73). COA's contribution is quantified: 'This operation targeted a total of eight sites, including the three sites exposed through criminal complaints by CODA member companies and five webtoon infringement sites reported by COA.' (raw:73). Not counted: 'Ltahub of Brazil' at raw:95 is a footnote reference to an earlier courtesy visit to CODA, not a participant in this action; it is also a Brazilian body, so it does not add a country either way. The Korea participation is what distinguishes this component from component A, whose records establish only Brazil and Japan (the strings Korea, COA and webtoon do not occur in the phase-1 capture at all).

PAGE DEFECT CONFIRMED (top-20 figures conflated; reported, wiki not edited): this component's figure is 'As a result of the operation, seven of the top 20 anime infringement sites in Brazil during that period were closed.' (raw:65). 'the operation' in that sentence is Operation Anime 2, and 'that period' is this release's SimilarWeb window '*4: January 2023 – March 2023 by SimilarWeb data.' (raw:93). Component A's own figure, from its own release, is different and on a different baseline: 'resulting in the closure of 12 of the top 20 animation infringement sites in Brazil as of the time before this measure was implemented (February-April 2022)' (2023 capture, raw:63). The operation page carries only this component's seven and re-scopes it to the whole campaign in three places - frontmatter target_entity (wiki/operations/coda-cbep-brazil-operation-animes-anime-piracy-takedown-2023-2024.md:28), Background (:109) and Results and Impact (:134) - while phase 1's twelve appears nowhere in the wiki. The 'across the campaign' scope enters the wiki at the phase-2 source page summary (wiki/sources/2024_coda_operation-animes-2-brazil-korea-coa-16-sites-takedown.md:37), which is not what raw:65 says. The two figures are not additive: different ranking populations (anime versus animation), different baseline windows, and each release attributes its figure to its own phase. A second, smaller conflation in the same frontmatter: missing_fields attributes knock-and-talk / voluntary transfer to 'Phase 2 partly', but phase 1's record shows knock-and-talks producing 18 of its 36 closures.

CORPUS SEARCH ('Operation Animes', 'Operação Animes', 'Operation Anime 2', animeshouse, animesbr, meuanime, goyabu, animeyabu, and the coda-cj.jp/en/news/289, /535, /348 URLs): no uncited in-corpus source page about this operation exists - the only wiki/sources/ hits are the two already cited by the page. No linkage gap. The MJSP gov.br release for this phase (URL at raw:91, published 2024-04-26) and CODA's referenced news/348 item about the COA visit (raw:97) are NOT in the corpus."
REG-2024-0032,ic,vietnam-us-fmovies-streaming-piracy-takedown-2024,Tuoi Tre News,other,2,https://news.tuoitre.vn/news/society/20240831/vietnam-police-bust-worlds-largest-film-piracy-website-based-in-hanoi/81727.html,2024-08-31,,,Vietnam police bust world's largest film piracy website based in Hanoi,capture,iptv-service,pool-default,true,IC census row: pool tag illegal-iptv-ic; medium defaults to iptv-service (re-read as found),independent,,vietnam; united-states,vietnam; united-states,(wiki participating_agencies #1); (wiki participating_agencies #2); (wiki participating_agencies #3); (wiki participating_agencies #4); (wiki participating_agencies #5),cooperative,wiki-fields,false,,true,wiki-flag,hosting-takedown; arrest-search,false,publisher_type=other,false,"converted from paper2/coding/vietnam-us-fmovies-streaming-piracy-takedown-2024.json (coder agent-w2-1, 2026-08-13); date_source=raw-frontmatter; source_of_record=raw/news/2024-08-31_tuoitre_vietnam-police-bust-worlds-largest-film-piracy-website-hanoi.md; tier_basis=raw-dir:news; other_cited_captures=4; quotes are the cited lines as of the coding date; stratum from wiki fields (participating_countries=2, participating_agencies=5); official_release_sourced=True. CAPTURE TIERS: the four news/press captures are USABLE full-HTML fetches (http_status 200) — ACE via a Wayback snapshot because ""direct curl blocked by Imperva/Incapsula"" (ace raw:11), TorrentFreak body at raw:606-645, VnExpress body in a single line at raw:805, Tuoi Tre body at raw:564-578, VietnamNet body at raw:535-548. The two policy captures are agent-selected EXTRACTS of long federal documents (USTR 2024 NML, IPEC FY2024) that preserve the source text verbatim in the extracted regions — cited only at lines carrying the document's own words. MODALITY: hosting-takedown — the clearest statement is Tuoi Tre's ""The joint bust also shuttered the video hosting provider Vidsrc.to, along with its affiliated sites"" (tuoitre raw:570), corroborated by TorrentFreak (""The Fmovies team was also linked to video hosting provider Vidsrc.to, which went offline this week, impacting hundreds of smaller movie pirate sites that used the"" service, torrentfreak raw:620) and by USTR's tier-1 attribution of the shutdown to law enforcement: the Hanoi Police collaborated with HSI, DOJ ICHIP and ACE ""to shut down"" the site Fmovies and associated piracy sites in July and August 2024 (ustr raw:443-444). arrest-search — ""Hanoi police recently detained two Vietnamese men in connection to Fmovies, who have yet to be charged"" (tuoitre raw:572) and ""two individuals associated with Fmovies have been arrested by police"" (vnexpress raw:805). ATTRIBUTION CAVEAT recorded: both Vietnamese outlets attribute the detentions to the Hollywood Reporter rather than to a police statement, and TorrentFreak notes of the ACE release that ""the press release doesn't mention any arrests, names, or any other relevant details"" (torrentfreak raw:624) — so the arrest fact enters the corpus through a chain of outlets, not through a Vietnamese police announcement. Did NOT code domain-seizure: no record says any domain was seized or transferred to authorities or rights holders, and the operation page carries domains_seized: 0 with an explicit missing_fields note; the sites went dark (some, per TorrentFreak raw:612-613, by posting their own shutdown notices), which is not a state transfer of domain control. Did NOT code asset-seizure: no seizure of money, accounts or property is stated anywhere, despite VietnamNet's ""hundreds of thousands of U.S. dollars in illicit profits"" (vietnamnet raw:546). No blocking-order, content-delisting, payment-disruption, intermediary-process or end-user-action appears. JUDICIAL: arrests n=2 (the same two men later charged). indictments n=2 — ""On November 9, the Hanoi Police announced that they had filed criminal charges and initiated legal proceedings against Phan Thanh Cong and Nguyen Tuan Anh (both born in 1990, residing in Ha Dong District) for violating copyright and related rights."" (vietnamnet raw:536), corroborated at tier-1 by ""The Hanoi Police has sought prosecution of two"" suspects from the Fmovies case (ustr raw:447). convictions pending — USTR, four and a half months after the action, records the case as still moving through the criminal process: right holders ""urge enforcement authorities to move this"" case ""through the criminal process without delay and impose suitably deterrent sentences for any"" violations found (ustr raw:447-459). CRITICAL NON-CONVICTION recorded: VietnamNet states ""At the investigation, the suspects admitted to all criminal acts."" (vietnamnet raw:547) — an admission to investigators, NOT a guilty plea accepted by a court, so it does not satisfy the protocol's conviction definition and is not coded as one. imprisonments not-reported: no sentence anywhere. CROSS-CASE CONTAMINATION HAZARD flagged, not coded: both policy captures discuss the BestBuyIPTV conviction in the SAME passages — IPEC records that its operator ""pleaded guilty, was sentenced to 30 months in jail (suspended), and was ordered to pay about a $4,000 USD fine, forfeit $24,000 USD in proceeds"" (ipec raw:5647-5648) and USTR reports the same first-ever Vietnamese conviction. That is a different census operation (vietnam-mps-hanoi-court-bestbuyiptv-premier-league-ace-first-criminal-copyright-conviction-2024) and nothing from it is coded here; noting for whoever codes that row that the 30-month sentence is SUSPENDED and therefore is a conviction without an imprisonment under this protocol. latest_record_date 2025-01-08 = USTR 2024 Notorious Markets Review, the latest cited record (IPEC FY2024 is dated 2025-01 with a 2025-01-01 filename; VietnamNet 2024-11-11). RECONSTITUTION not-reported, and this is the batch's closest call — recorded in full so the coordinator can overturn it. Candidate evidence FOR no-reconstitution-reported: (1) IPEC, five months after the action, states ""In August 2024, Hanoi Police shut down Fmovies and related piracy sites."" (ipec raw:5653); (2) USTR, at 2025-01-08, states the same and adds ""Fmovies had been included in the Notorious Market List since 2017."" in the past perfect (ustr raw:459-460); (3) strongest of all, the SAME USTR document demonstrates that this publisher does affirmatively report failed takedowns — of a different Vietnamese-run site it writes that despite rights holders acting ""to shut down 2embed.to, which was run from Vietnam, the site continues to operate"" (ustr raw:759) — and it attaches no such continuation note to Fmovies. Why I nevertheless coded not-reported: every one of those sentences DESCRIBES THE ACTION in the past tense rather than reporting an observed status at the record's own date, and (3) is an argument from the absence of a note, not an affirmative down-status; the protocol's Column 3 asks for evidence, and I applied the same refusal to the Awan Merah row's ""dismantling of the network"" and the Thailand row's ""has shut down INWIPTV"". A coordinator who reads USTR's January 2025 restatement as a standing status check should code no-reconstitution-reported with as_of 2025-01-08 on cite ustr raw:443. SIBLING PERSISTENCE recorded per the protocol's clones rule: the only record that actually LOOKED at the network reports a mixed picture one day after the announcement — ""by Friday morning, the network’s most visited site, fmovies24, was no longer operational, although several smaller sites remained active"" (vnexpress raw:805) — and TorrentFreak describes sister portals that had already shut down ""redirecting to ‘new’ streaming sites instead"", which then ""also disappeared"" (torrentfreak raw:612). Both predate or coincide with the 2024-08-29 announcement, so neither is durability evidence under the postdating rule; the smaller sites left active are recorded here, not coded, and the record does not frame them as the operation's open effectiveness question. LINKAGE GAP (corpus-search, input rule 3): the corpus holds an uncited in-corpus source about this operation — wiki/sources/2026-07-07_ustr_special-301-reports-2014-2025-series.md, whose own prose cross-references [[vietnam-us-fmovies-streaming-piracy-takedown-2024]] (line 52) and whose underlying capture raw/government-reports/2025-04-01_ustr_2025-special-301-report-ic-extract.md restates the Fmovies takedown at raw:12 and raw:47 with the same verbatim USTR sentence, dated 2025-04-01. The operation page's sources list stops at the 2025-01-08 NML. Citing it would move latest_record_date to 2025-04-01; it adds no new judicial or modality fact and no post-action status observation, so nothing is coded from it, but the wiki side should add the edge. Other Fmovies hits in wiki/sources/ are pre-action USTR lists (2016, 2017, 2019, 2021, 2022, 2023 reviews and the 2024 Special 301), the Vietnam IP Law page, and the IPEC series index."
REG-2024-0033,ic,korea-mcst-daejeon-kbutv-streaming-gambling-prosecution-2024,Incheon District Prosecutors' Office (인천지방검찰청),prosecutor,1,https://www.spo.go.kr/common/board/Download.do?bcIdx=1060099&cbIdx=1403&streFileNm=b6d87f22-8bd6-42d3-956a-785aa1686d4d.pdf,2024-09-09,,,"Incheon District Prosecutors' Office press release — illegal movie streaming site operators indicted for parallel illegal gambling site operation (Supreme Prosecutors' Office Republic of Korea, 9 September 2024)",capture,iptv-service,pool-default,true,IC census row: pool tag illegal-iptv-ic; medium defaults to iptv-service (re-read as found),independent,,south-korea,south-korea,(wiki participating_agencies #1); (wiki participating_agencies #2),domestic,wiki-fields,false,,false,none,arrest-search; asset-seizure,true,,false,"converted from paper2/coding/korea-mcst-daejeon-kbutv-streaming-gambling-prosecution-2024.json (coder agent-w2-2, 2026-08-13); date_source=raw-frontmatter; source_of_record=raw/press-releases/2024-09-09_spo-go-kr_incheon-illegal-movie-streaming-site-gambling-press-release.md; tier_basis=raw-dir:press-releases; other_cited_captures=0; quotes are the cited lines as of the coding date; stratum from wiki fields (participating_countries=1, participating_agencies=2); official_release_sourced=False. CAPTURE TIER. raw/press-releases/2024-09-09_spo-go-kr_incheon-...-press-release.md is USABLE but is NOT the announced primary: the SPO board PDF (bcIdx=1060099) is Cloudflare-blocked and uncaptured, and the ""## Extracted Text"" body is a verbatim Hankook Ilbo article (byline ""입력 2024.09.09 14:39 / 대전=최두선 기자"", raw:40) recovered by a secondary route (raw:36). It is verbatim article text, not an agent digest, so I cite it as raw — but the source page carries text_status: partial and source_tier: 2 for exactly this reason, and every cell in this row rests on that single tier-2 record. PRE-AUDIT ENTITY NAME (protocol's cite-as-is rule): the capture's frontmatter still says ""Incheon District Prosecutors' Office (인천지방검찰청)"" (raw:3, raw:8) and its Korean header repeats it (raw:26, raw:28); the body itself names 대전지검 특허범죄조사부 (raw:47) and the wiki corrected the attribution to Daejeon on 2026-07-28. Corrected name: Daejeon District Prosecutors' Office. MODALITY. arrest-search: ""KBUTV 사이트를 운영하는 프로그래머 3명을 문화체육관광부 저작권 특별사법경찰로부터 송치받아 직접 수사에 나선 검찰은 미국과의 국제공조, IP추적, 사무실 합동 압수수색을 통해 배후에서 해당 사이트를 운영하면서 도박사이트 관련 범죄에 관여한 일당 5명을 적발해 추가 입건했다."" (raw:51 — 사무실 합동 압수수색 = joint office search-and-seizure) and ""직접 수사 과정에서 대포폰과 대포 계좌를 사용하면서 도피하던 총책 등을 검거하고"" (raw:53 — apprehension of the absconding ringleader). asset-seizure: ""범죄수익금 환수를 위해 7,200만 원 상당을 추징 보전했다"" (raw:53) — 추징보전 is a court-ordered preservation of KRW 72 million against future confiscation of criminal proceeds, i.e. an asset freeze, which is the core of the asset-seizure definition and not raid evidence. NOT coded domain-seizure or hosting-takedown: no cited record says any authority seized, blocked or shut the KBUTV site or any of the 46 gambling sites; the operation page's results.servers_seized and results.domains_seized are 0 (op:48-49) and this is a prosecution-only action on the infrastructure side. NOT coded intermediary-process: the record names ""IP추적"" (IP tracing) but no subpoena, disclosure order or intermediary. JUDICIAL. arrests yes-uncounted: the record has two arrest-relevant statements that cannot be reconciled into a number — all eight were charged WITHOUT detention (""8명을 불구속 기소"", raw:42/47) while the ringleader and unspecified others were apprehended during the investigation (""도피하던 총책 등을 검거하고"", raw:53, where 등 leaves the count open). The operation page reaches the same conclusion in its audit note: ""a clean arrest count cannot be asserted from this capture"" (op:67). indictments n=8: ""대전지검 특허범죄조사부(부장 박대환)는 저작권법 위반, 국민체육진흥법위반, 전자금융거래법 위반 등 혐의로 총책 A(43)씨와 프로그래머 B(25)씨 등 8명을 불구속 기소했다고 9일 밝혔다."" (raw:47), headline-confirmed at raw:42. convictions pending: ""프로그래머 등 일당 8명이 재판에 넘겨졌다"" (raw:45) — sent to trial; the same next-stage line I applied to the German cardsharing row (indictment filed and case at court = the conviction stage is underway/awaited, not silent). imprisonments not-reported: no sentence exists; 불구속 describes the absence of PRE-TRIAL detention, which the v2 custodial rule does not touch either way. latest_record_date 2024-09-09. RECONSTITUTION not-reported. The one status-like fact is that KBUTV is charged as operating ""2022년부터 올해 4월까지"" (2022 to April 2024, raw:49) — the charged period ends five months BEFORE the coded action (the 2024-09-09 indictment), so under the protocol's postdating rule it is history, not durability evidence, and it is in any case a charging period rather than a statement about the site's status. No cited record names a successor or reports a relaunch. UNCODED CLAIM worth flagging for the coordinator: the same sentence at raw:51 asserts ""미국과의 국제공조"" (international cooperation with the United States) with no US agency, channel or instrument named anywhere; the operation page records that dtnews24's account of the same announcement omits it (op:136). It supports no modality, judicial or durability cell, and I have not coded from it. CORPUS SEARCH (KBUTV | 케이비유티비 | 대전지검 | 특허범죄조사부 over wiki/sources/) returned exactly one file — the cited source page. No linkage gap found, and no second record exists to corroborate any cell in this row."
REG-2024-0034,ic,egypt-ace-laroza-mena-piracy-largest-takedown-2024,Alliance for Creativity and Entertainment (ACE),coalition,1,https://www.alliance4creativity.com/news/ace-and-egyptian-authorities-dismantle-largest-piracy-site-in-middle-east-north-africa-mena-region/,2024-09-11,,,"ACE — Egyptian Authorities and ACE Dismantle Largest Piracy Site in Middle East North Africa (MENA) Region (Laroza takedown, 12 September 2024)",capture,iptv-service,pool-default,true,IC census row: pool tag illegal-iptv-ic; medium defaults to iptv-service (re-read as found),independent,,egypt,egypt,(wiki participating_agencies #1); (wiki participating_agencies #2); (wiki participating_agencies #3),domestic,wiki-fields,false,,true,wiki-flag,arrest-search; domain-seizure,false,publisher_type=coalition,false,"converted from paper2/coding/egypt-ace-laroza-mena-piracy-largest-takedown-2024.json (coder agent-pilot-B, 2026-08-13); date_source=source-page; source_of_record=raw/press-releases/2024-09-12_ace_laroza-largest-mena-piracy-site-dismantled.md; tier_basis=raw-dir:press-releases; other_cited_captures=1; quotes are the cited lines as of the coding date; stratum from wiki fields (participating_countries=1, participating_agencies=3); official_release_sourced=True. All four captures usable: ACE own-domain release (Jina markdown, full body), TorrentFreak (full article), Piracy Monitor (body at raw lines 83-107), Screen Daily (body at raw lines 297-309 after a long navigation preamble — not flagged unusable because the document IS present). WITHDRAWAL COMPLIANCE: nothing was coded from withdrawn text. The op page's 2026-07-14/15 callout withdrew the money-laundering overlay, the 'advertising-driven' financial model, the informal-channel inference, and the enforcement_type 'domain-seizure'; the cryptocurrency-seizure claim was separately withdrawn (missing_fields AUDIT NOTE + Contradictions callout). Consequences here: NO asset-seizure code — ACE:55 frames the cash as evidence ('Among the evidence collected during the raids was more than $81,000 in cash.'), i.e. a search product covered by arrest-search, and the USD 90,000 in cryptocurrency was only indicated in financial records ('Financial records indicated transactions totaling over $515,000 and $90,000 in cryptocurrency from various sources.'), never stated as seized. Modality arrest-search: ACE:55 'The two operators were arrested during synchronized police raids in the Egyptian Governorates of Asyut and Dalkhalia.' (TorrentFreak:73 adds the raids 'took place in August' and that authorities 'confiscated hardware, financial records, and $81,000 in cash'). Modality domain-seizure coded DESPITE the page having withdrawn that enforcement_type: the page's withdrawal turned on ACE saying redirected-not-seized, but CODING.md's Column 1 definition explicitly includes redirects ('registrar/registry seizure, redirect, or court-ordered transfer of domains') — cite ACE:57 'The Laroza domains are now redirected to ACE's Watch Legally site.' The instrument by which control passed is undisclosed (op page missing_fields). PROTOCOL FRICTION: the modality's NAME ('domain-seizure') collides with a corpus-documented seized-vs-redirected verb distinction the wiki spent an audit cycle preserving; a coder following the page instead of the manual would drop the code. Domain-count contradiction preserved, not coded (count is not a coded cell): TF:75 'Egyptian authorities previously posted a message on Facebook with images of the raid, noting that the operation involved 71 domains. ACE’s more recent number, 25 domain names, is more modest.' JUDICIAL: arrests n=2 (ACE:55). Indictments/convictions/imprisonments not-reported — no record states charges, and the op page records that Egyptian charging articles and court case number are not disclosed; per the caution, the withdrawal callouts were checked and none of the judicial silence rests on withdrawn text. latest_record_date 2024-09-12 (TorrentFreak, the latest cited record; the ACE release datePublished is 2024-09-11 per the op page correction — the source-page slug retains 09-12). RECONSTITUTION open-question (borderline): the taken-down domains themselves redirect to Watch Legally (ACE:57; TF:87), which argued for no-reconstitution-reported, but TF:91 'At the time of writing, several other “Laroza” branded sites remain online and are indirectly benefiting from the shutdown.' documents brand-clone persistence one day after announcement, TF:87 closes 'How effective this message is, has yet to be seen.', and the op page's Challenges #1 flags that the multi-domain infrastructure 'may continue operating' absent registry follow-on. PROTOCOL DEFECTS: (a) Column 3 has no value for 'target down but brand clones persist' — it is neither a relaunch nor a successor nor an affirmation of staying down; (b) open-question is defined as 'the page itself flags an unresolved succession question', but here the strongest flag is in the RECORD (TF), so the definition's page-anchoring forced a cite that the definition does not anticipate."
REG-2024-0035,walk-2026-08-17,DTH-12,กรมสอบสวนคดีพิเศษ (DSI) กระทรวงยุติธรรม,le,1,https://www.dsi.go.th/th/Detail/1d37b73cc9cbb3c6fdebab999780fc61,2024-09-16,,2024-07-31,"DSI ส่งสำนวนบัญชีม้า เครือข่ายพนันออนไลน์-ละเมิดลิขสิทธิ์พรีเมียร์ลีก เงินหมุนเวียน 1,200 ล้าน ต่อพนักงานอัยการ",,live-sports-stream,,true,"nine named websites (Tvsod.com, Bee 789.com, Ballzaa.com, 7mscorethai.com/.net, Dooballdotlink.com, Suckballhd.com, Amlogin789.com, 77upth.com) streaming Premier League matches without licence, tied to a mule-account/online-gambling network",follow-on:DTH-11,,thailand,thailand,กรมสอบสวนคดีพิเศษ; บริษัท เดอะฟุตบอล แอสโซชิเอชั่น พรีเมียร์ ลีก ลิมิเต็ด,domestic,,false,,false,none,arrest-search,false,unit=follow-on:DTH-11,false,"date_source: 'เผยแพร่: 16 ก.ย. 2567' (BE 2567 = 2024). Events: 21 searches on 31 July 2024 (action_date); case file 291/2565 forwarded to the IP&IT prosecutors on Friday 13 Sept 2024. Court arrest warrants for 6 (1 legal person + 5 natural persons); 2 arrested and remanded (arrest stage), 3 at large. indictments=pending: DSI 'สั่งฟ้องผู้ต้องหาทั้งหมด' (investigators' opinion to prosecute all suspects, file sent to prosecutor) = referral-inferred; local term สั่งฟ้อง/ส่งสำนวน. Complainant Premier League named -> counted -> cooperative under the org-count rule; 'หน่วยงานที่เกี่ยวข้อง' (related agencies) generic; the IP&IT prosecutors' office named as recipient (not counted). Legal person warrant noted (not in the cell). No site blocking/seizure verb -> only arrest-search. [STRATUM RECOMPUTED 2026-08-17: REGISTER.md was revised mid-slice to the states-only rule (organisation counts play no part); this row was first coded cooperative on the org-count reading described above and is now domestic because countries_executing=1.] FOLLOW-ON (2026-08-19, cross-row duplicate screen): same `action_date` 2024-07-31, same 21-point search across the same provinces, the same two arrests and the same 7mscorethai target as DTH-11, which announced that action day; this release carries it forward to the prosecutor. `follow_on_distinct` is NOT set: the two arrested are DTH-11's two."
REG-2024-0036,ic,brazil-mjsp-operacao-404-fase-7-2024,Ministério da Justiça e Segurança Pública,le,1,https://www.gov.br/mj/pt-br/assuntos/noticias/operacao-internacional-contra-pirataria-tira-do-ar-675-sites-e-14-aplicativos-de-streaming,2024-09-19,,,Operação internacional contra pirataria tira do ar 675 sites e 14 aplicativos de streaming,capture,iptv-service,pool-default,true,IC census row: pool tag illegal-iptv-ic; medium defaults to iptv-service (re-read as found),independent,,brazil; argentina; united-kingdom; united-states; paraguay; peru,brazil; argentina; united-kingdom; united-states; paraguay; peru,(wiki participating_agencies #1); (wiki participating_agencies #2); (wiki participating_agencies #3); (wiki participating_agencies #4); (wiki participating_agencies #5),cooperative,wiki-fields,false,,true,wiki-flag,blocking-order; arrest-search,true,,false,"converted from paper2/coding/brazil-mjsp-operacao-404-fase-7-2024.json (coder agent-pilot-A, 2026-08-13); date_source=raw-frontmatter; source_of_record=raw/press-releases/2024-09-19_mj-gov-br_operacao-404-675-sites-14-streaming-apps.md; tier_basis=raw-dir:press-releases; other_cited_captures=0; quotes are the cited lines as of the coding date; stratum from wiki fields (participating_countries=6, participating_agencies=5); official_release_sourced=True. Modality: blocking-order per the release sentence ""A ação resultou no bloqueio e suspensão de 675 sites e 14 aplicativos de streaming ilegais, com desindexação de conteúdo em mecanismos de busca, remoção de perfis e páginas em redes sociais e retirada de conteúdos de áudio e vídeo (incluindo jogos e música) de repositórios."" (MJSP raw:16); corroborating partner-country blocks: Peru 400+ sites (raw/press-releases/2024-09-20_gob-pe-indecopi_bloquea-400-sitios-webs-peliculas-series-musica.md:19), Paraguay 6 sites (raw/press-releases/2025-08-08_dinapi-gov-py_operacion-404-dinapi-participo-encuentro-internacional.md:21). Did NOT code domain-seizure although the operation-page frontmatter seeds domains_seized: 675 — the cited record says blocked/suspended, never seized or transferred; the seed contradicts the source text. arrest-search covers both ""**9 prisões** realizadas (6 no Brasil, 3 na Argentina)"" (MJSP raw:23) and ""**30 mandados** de busca e apreensão cumpridos"" (MJSP raw:22). No modality code exists for search-engine deindexation, social-media profile/page removal, or repository content removal, all stated as happening in this action (MJSP raw:16, 24-25) — taxonomy gap flagged. Judicial: arrests n=9 (MJSP raw:23); all four cited records are silent on charges, convictions, and sentences for the nine arrested (the DINAPI 2025-08-08 retrospective, the latest record, reports no prosecution outcome) — not-reported with right-censoring at 2025-08-08. Reconstitution: no cited record speaks to relaunch or re-registration after the action day; the operation page's 'to be maintained against operator counter-measures' line is forward-looking wiki prose, not a report — not-reported. Capture-quality flags (borderline, cited anyway): the MJSP capture claims text_status: full but is demonstrably a post-hoc reconstruction, not a verbatim capture — its body refers to ""o release tier-1 do MJSP"" in the third person (raw:33) and its phase history lists ""**27 novembro 2025**: Fase 8 (subsequente)"" inside a document dated 2024-09-19 (raw:63); the Indecopi capture is a WebSearch paraphrase (raw:6: ""WebSearch summary (gob.pe returned HTTP 418 to WebFetch — bot protection)""); the ipkey and DINAPI captures are structured extracts with verbatim quotes. None is a nav shell or geoblock, so the L57 binary (usable vs capture-unusable) does not fit — the manual has no tier for paraphrase/reconstruction captures. Naming contradiction inside the record: MJSP raw:35 names ""Unidad Fiscal Especializada en Investigación de Ciberdelitos (UFEIC), da Argentina"" while the operation page (line 168) records a 2026-05-29 audit correcting the agency to UFECI (Unidad Fiscal Especializada en Ciberdelincuencia) — the cited capture carries the pre-audit name."
REG-2024-0037,walk-2026-08-17,CC1-14,Patent- och marknadsöverdomstolen vid Svea hovrätt,court,1,https://www.domstol.se/nyheter/2024/09/fallande-dom-i-mal-om-medhjalp-till-upphovsratts-brott-som-skett-via-en-illegal-iptv-tjanst/,2024-09-20,,,Fällande dom i mål om medhjälp till upphovsrätts-brott som skett via en illegal IPTV-tjänst,,iptv-service,,true,appeal conviction for aiding copyright/signal-right infringement via an illegal IPTV service (unauthorised retransmission of TV broadcasts),independent,,sweden,sweden,Patent- och marknadsöverdomstolen,domestic,,false,,false,none,,true,,false,"Court-news item on an appellate judgment (case PMB 317-24); no infrastructure action stated (modality empty, prosecution-only). Defendants 'de tilltalade' plural, count not given -> yes-uncounted for indictments and convictions; sentence 'skärpt ... något' without type -> imprisonments not-reported. Judgment date not stated (only 'Publicerad 2024-09-20'). Stratum domestic: only the appellate court has an operational role here; the first-instance court (Patent- och marknadsdomstolen) is named as the reversed lower instance, not as a cooperating organisation. TV companies are unnamed victims. No held IC/DE action found for the underlying case (grep 0), so unit independent rather than follow-on."
REG-2024-0038,de,DOM-2024-1001,Hong Kong Customs and Excise Department (via HKSAR Government Information Services),le,1,https://www.info.gov.hk/gia/general/202409/24/P2024092400495.htm,2024-09-24,,2024-09-22,"Hong Kong Customs applies ""communication right"" under Copyright Ordinance for first time to combat case of illegal streaming of live football matches (with photo)",,live-sports-stream,,true,web page distributing pay-TV channels / live football by streaming from a home server,independent,,hong-kong,hong-kong,Hong Kong Customs,domestic,,false,,false,none,arrest-search; hosting-takedown,true,,false,"Agrees with DE domestic ('overseas football matches' is the content, not a state). hosting-takedown: the streaming server was physically seized. Bail is arrest-stage. Copyright owner unnamed; Computer Forensic Laboratory is an internal Customs unit. Word count includes capture frontmatter and DE extraction notes; quotes from Extracted Text only."
REG-2024-0039,walk-2026-08-17,CC2-1,Ministerul Afacerilor Interne (mirror of the Poliția Română release),le,1,https://www.mai.gov.ro/perchezitii-la-persoane-cercetate-pentru-punerea-la-dispozitia-publicului-fara-drept-a-operelor-sau-a-produselor-purtatoare-de-drepturi-conexe-streaming-tv/,2024-09-24,page-metadata,2024-09-24,"Percheziţii la persoane cercetate pentru punerea la dispoziția publicului, fără drept, a operelor sau a produselor purtătoare de drepturi conexe (streaming tv)",,iptv-service,,true,website retransmitting all Romanian TV channels to any internet user since 22 Nov 2022 (web-based live-TV retransmission; the release calls it 'streaming tv'),independent,,romania,romania,Inspectoratului General al Poliției Române – Direcția de Investigare a Criminalității Economice; Parchetului de pe lângă Înalta Curte de Casație și Justiție – Secția de Urmărire Penală; Serviciului pentru Intervenții și Acțiuni Speciale; Inspectoratului de Poliție Județean Vâlcea,domestic,,false,,false,none,arrest-search,true,,true,"URL opened = the MAI ministry mirror (politiaromana.ro original 403 in the walk); the page carries no visible dateline - publish_date 2024-09-24 taken from the release's own first sentence ('La data de 24 septembrie 2024 ... pun în aplicare') and the candidate's datePublished (2024-09-24T11:35); date_source: release text + candidate meta. Romania only; four named bodies with a role (IGPR-DICE executing under the supervision of the ÎCCJ prosecutor's office; SIAS and IPJ Vâlcea participating) -> cooperative on orgs. No arrests stated (persons taken to the police for hearings). indictments=pending: 'persoane cercetate' under prosecutor-supervised urmărire penală, investigations continuing (referral-inferred; RO pre-charge). 'Pentru recuperarea prejudiciului, urmează a fi aplicate măsuri asigurătorii' is future tense -> asset-seizure NOT coded. Rights-holders unnamed ('titularilor licențelor audiovizuale'). No takedown/blocking verb for the site itself; no durability statement. [STRATUM recomputed under REGISTER.md as revised 2026-08-17 (states only; organisation counts play no part): countries_executing=['romania'] -> domestic; first-pass value under the old orgs clause was 'cooperative' - the org-count/'complainant-counted'/'same-force-units' remarks above are now descriptive only (private_named covariate).] [2026-08-17 coordinator, codex IC reg1: date_basis=page-metadata: no visible dateline; the value rests on the candidate table's datePublished (2024-09-24T11:35, the page's own metadata) and the release's first sentence dating the action to the same day. Not a dateline; recorded as such per REGISTER.md field rule; year certain] [2026-08-18 coordinator, re-read (4 verifiers, CODING v4): indictments quote re-anchored (value pending unchanged): the old quote ('cercetările sunt continuate') is investigation-continues language; the searches run under the supervision of the ÎCCJ prosecutor's Criminal Prosecution Section (urmărire penală) against 'persoane cercetate' -- that is the prosecutor-led proceeding]"
REG-2024-0040,ic,vietnam-mps-hanoi-court-bestbuyiptv-premier-league-ace-first-criminal-copyright-conviction-2024,An ninh Thủ đô (Hanoi Police organ newspaper),le,2,https://www.anninhthudo.vn/,2024-09-27,,,Xâm phạm quyền tác giả trên hệ thống BestBuyIPTV — Lê Hải Nam bị tuyên án (An ninh Thủ đô),capture,iptv-service,pool-default,true,IC census row: pool tag illegal-iptv-ic; medium defaults to iptv-service (re-read as found),independent,,vietnam,vietnam,(wiki participating_agencies #1); (wiki participating_agencies #2); (wiki participating_agencies #3); (wiki participating_agencies #4); (wiki participating_agencies #5),domestic,wiki-fields,false,,true,wiki-flag,asset-seizure,false,publisher_tier=2 (not the actor's own release),false,"converted from paper2/coding/vietnam-mps-hanoi-court-bestbuyiptv-premier-league-ace-first-criminal-copyright-conviction-2024.json (coder agent-w2-4, 2026-08-13); date_source=raw-frontmatter; source_of_record=raw/news/2024-09-27_anninhthudo_bestbuyiptv-le-hai-nam-conviction.md; tier_basis=raw-dir:news; other_cited_captures=2; quotes are the cited lines as of the coding date; stratum from wiki fields (participating_countries=1, participating_agencies=5); official_release_sourced=False. Two cited sources + one corpus-search find, all coded from. CAPTURE TIERS: (a) raw/news/2024-04-19_tilleke_... is RECONSTRUCTION -- a WebFetch-derived structured digest of the Tilleke & Gibbins insight piece (labelled headings ""Defendant / Charges / Sentence"", raw:21-35), not the article's prose; it is cited only alongside primary-language corroboration, never alone. (b) raw/news/2024-09-27_anninhthudo_... is USABLE -- the An ninh Thủ đô (Hanoi City Police organ) article body, but the whole article sits on ONE line (raw:19), which is why every Vietnamese cite resolves there; ⚠ the capture is TRUNCATED mid-word at the end (""...phát sóng hơn 10.000 kênh truyền hình không được ủy quyền từ 38 quốc gia, đồng t""), so the article's closing passage is lost. (c) CORPUS-SEARCH raw/policy-documents/2025-01-01_ipec_fy-2024-annual-ip-report-fmovies-hsi-ichip.md is USABLE (pdftotext of the IPEC FY 2024 Annual Report to Congress); the BestBuyIPTV passage is at raw:5639-5651. The authoritative primary record -- Hanoi People's Court judgment No. 244 of 19 April 2024 -- is NOT in the corpus (the page records why: .gov.vn blocks foreign access, no Wayback snapshot, op page:173), so every code here rests on secondary accounts, two of them official-adjacent (Hanoi police newspaper; US IPEC).
⚠ CORPUS DEFECT 1 (linkage gap, substantive): wiki/sources/2025-01-01_ipec_fy-2024-annual-ip-report-fmovies-hsi-ichip.md covers this operation and the page cites it nowhere (source_count: 2) (corpus-search). It adds THREE things no cited source has: the guilty plea, a restitution component, and the US cooperation track. Verbatim: ""In March 2024, following 2.5 years of continuous engagement by GLEN ICHIP Hong Kong (in collaboration with HSI Vietnam, MPA’s Alliance for Creativity and Entertainment (ACE), and the English Premier League), Vietnam charged the operator of BestBuyIPTV, a Vietnam-based illegal IPTV subscription service, with criminal copyright infringement."" (ipec raw:5639-5643) and ""The operator of the service pleaded guilty, was sentenced to 30 months in jail (suspended), and was ordered to pay about a $4,000 USD fine, forfeit $24,000 USD in proceeds, and pay and additional $12,000 USD in restitution."" (ipec raw:5646-5649; the ""pay and additional"" typo is the document's).
⚠ CORPUS DEFECT 2 (unsupported wiki count): the page asserts ""1 arrest (Le Hai Nam)"" (op page:140) and results.arrests: 1 (op page:47), but NO record in or out of the page's source list states an arrest or detention. Searching the Vietnamese article for bắt giữ / bắt tạm giam / tạm giam / bị bắt returns zero hits; what it states is the two-step Vietnamese procedure -- case opened 11-5-2023 and then ""Ngày 148-2023, Cơ quan Cảnh sát điều tra CATP Hà Nội đã ra quyết định khởi tố bị can đối với Lê Hải Nam về tội Xâm phạm quyền tác giả, quyền liên quan, theo khoản 2 Điều 225 BLHS."" (vi raw:19; the date is garbled in the capture -- the wiki source page reads it as 2023-08-14). arrests is therefore coded not-reported; the wiki figure looks like an inference from ""one defendant"".
⚠ CORPUS DEFECT 3 (incomplete financial total): the page's ""Total financial penalty: ~USD 28,082"" (op page:59) sums only the fine and the confiscation. IPEC reports a THIRD component -- ""$12,000 USD in restitution"" (ipec raw:5648) -- absent from every cited source and from the page. Separately, the Vietnamese article puts Nam's benefit from BestBuyIPTV at ""khoảng 70.000 USD, tương ứng khoảng 1,6 tỷ đồng"" (~USD 70,000 / ~VND 1.6 billion) while only ""hơn 600 triệu đồng"" was confiscated (vi raw:19) -- the forfeiture recovers well under half the stated illicit gain, which is a substantive datum for the paper and is nowhere on the page.
MODALITY: asset-seizure ONLY, on the v2 rule that sentencing-stage forfeiture tied to this action counts. ""tịch thu sung vào ngân sách Nhà nước số tiền hơn 600 triệu đồng do Lê Hải Nam hưởng lợi bất chính và phương tiện Nam sử dụng để thực hiện hành vi phạm tội"" (vi raw:19 -- proceeds AND the instrumentalities); ""VND 615 million in illicit profits confiscated (~USD 24,155)"" (tilleke raw:35); ""forfeit $24,000 USD in proceeds"" (ipec raw:5648). The VND 100 million fine is a penalty, not asset-seizure. NO infrastructure action is stated anywhere: no seizure or takedown of bestbuyiptv.com / tribeiptv.com / bestbuyiptv.store / besbuyiptv.link (named at vi raw:19), no server seizure, no blocking, no delisting, no payment-processor cutoff (the 11 PayPal/crypto wallets and 5 bank accounts at vi raw:19 are described as Nam's concealment method, not as accounts frozen), no arrest or search. This is a prosecution-only row -- no infrastructure action stated. ⚠ The page's Results line ""BestBuyIPTV platform terminated"" (op page:145) is supported by no record verb; the Vietnamese account says only that Nam ran the system ""từ tháng 8-2017 đến tháng 3-2023"" (vi raw:19), i.e. it stopped ~5 months before the charging decision, with no stated enforcement act against it.
JUDICIAL: indictments n=1 -- the khởi tố bị can decision against Le Hai Nam under khoản 2 Điều 225 (vi raw:19), ""Copyright and related rights infringement under **Article 225 of the 2015 Penal Code**"" (tilleke raw:28), and IPEC's ""Vietnam charged the operator of BestBuyIPTV ... with criminal copyright infringement"" (ipec raw:5641-5643). ⚠ CHARGING-DATE CONFLICT: the Hanoi police organ dates the charging decision to 2023 (garbled ""Ngày 148-2023""; case opened 11-5-2023) while IPEC says ""In March 2024"". The Vietnamese police account is the more specific and more proximate record and is treated as the charging date; IPEC's March 2024 most likely refers to the transfer to trial, one month before the 19 April 2024 verdict. Both recorded, neither is a coded field. convictions n=1 -- ""TAND TP Hà Nội về sau đã tuyên phạt bị cáo Lê Hải Nam bản án 30 tháng tù nhưng cho hưởng án treo"" (vi raw:19); ""30-month suspended prison sentence"" (tilleke raw:32); and IPEC supplies the plea, which v2 counts as a conviction: ""The operator of the service pleaded guilty"" (ipec raw:5646). imprisonments none-stated -- NOT not-reported: the records state the sentence in full and it contains no custodial component. ""30 tháng tù nhưng cho hưởng án treo"" is literally 30 months' imprisonment WITH suspension (án treo), served as a 60-month probation period, and both other records say the same (""30-month suspended prison sentence"", tilleke raw:32; ""sentenced to 30 months in jail (suspended)"", ipec raw:5647). Under the v2 boundary (suspended sentences, pure probation and fines are not custodial) this landmark conviction produced ZERO imprisonment. No pre-trial detention is stated either. The page's own lesson agrees that the outcome is non-custodial (op page:84). latest_record_date 2025-01-01 = the IPEC report; ⚠ that record carries MONTH precision (publish_date: 2025-01), and the day is the corpus slug's convention, not a byline. Excluding the corpus-search record it would be 2024-09-27.
RECONSTITUTION: not-reported. No cited or corpus record speaks to a successor, relaunch or affirmed down-status for BestBuyIPTV after the 19 April 2024 verdict. The service's own end (March 2023) PREdates the coded action and is history, not durability evidence (v2 postdating rule). IPEC's January 2025 passage, nine months post-verdict, treats the case as concluded but affirms nothing about the service's status, so no-reconstitution-reported is not available either. The page flags no succession question.
INTERNATIONAL-COOPERATION NOTE (no column, but material to this dataset's premise): both the Vietnamese police account and the US report describe a US leg the operation page omits entirely (participating_countries: [[vietnam]] only, op page:31-34). Vietnamese: ""Qua kênh thông tin của Cục Đối ngoại (Bộ Công an), Công an Hà Nội đã được Cơ quan điều tra An ninh nội địa Hoa Kỳ cung cấp thông tin, xác định đối tượng có dấu hiệu xâm phạm bản quyền trực tuyến là Lê Hải Nam"" (vi raw:19) -- US Homeland Security Investigations supplied the identification through the MPS Department of External Relations. US: ""This first ever conviction for digital piracy in Vietnam is the landmark result of years of advocacy and trainings by ICHIP Hong Kong, HSI Vietnam, and the private sector."" (ipec raw:5649-5651). The denouncing party in the Vietnamese account is ""Công ty Luật TNHH T&G – đại diện được ủy quyền của Ban tổ chức Giải bóng đá ngoại hạng Anh"" (the law firm as the Premier League's authorised representative), which is the same Tilleke & Gibbins that authored cited source (a) -- i.e. source (a) is the complainant's own counsel, a provenance fact the page does not note.
CORPUS SEARCH (BestBuyIPTV / Lê Hải Nam over wiki/sources/): 7 hits. Two are the page's cited sources; the IPEC FY2024 report is the linkage gap coded above; the remaining four (2026-07-07 IPEC series, 2026-07-07 USTR Special 301 series, 2022-12-01 EC Counterfeit & Piracy Watch List, 2014-04-30 USTR Special 301) list BestBuyIPTV as a notorious market and carry no case facts. IPEC also supplies the scale figures the page lacks: ""about 10,000 channels from 38 countries and 19,000 video-on-demand titles"" (ipec raw:5645-5646), against the page's ""thousands"" of subscribers at ~USD 9/month."
REG-2024-0041,walk-2026-08-17,CC1-7,Zollfahndungsamt Stuttgart,le,1,https://www.presseportal.de/blaulicht/pm/50366/5874608,2024-09-27,,2024-09-26,ZOLL-S: Streaming-Angebot für russische TV-Sender gestoppt Zollfahndung ermittelt wegen Verstößen gegen EU-Sanktionen - Vermögensarreste über rund 120.000 EUR erlassen,,iptv-service,,true,"BORDERLINE: the target is an IP-TV service, but the offence is an EU-sanctions violation (AWG § 18 / Reg. 833/2014 Art. 2f: retransmitting sanctioned Russian channels such as Rossiya 1 and Russia Today), not copyright/pay-TV piracy. Coded in_scope=true because the enforcement is against IPTV infrastructure (domain seized, equipment seized); coordinator may exclude on the legal-basis criterion.",independent,,germany,germany,Staatsanwaltschaft Karlsruhe; Zollfahndungsamt Stuttgart; Amtsgericht Karlsruhe,domestic,,false,,false,coder,arrest-search; domain-seizure; asset-seizure,true,,false,"Publisher: Zollfahndungsamt Stuttgart via presseportal.de (news aktuell relay, 'Original-Content von: Zollfahndungsamt Stuttgart') -- tier-1 by authorship, non-official domain; coordinator decides tier. date_source: dateline '27.09.2024 – 13:00'; action 'am Donnerstag' / 'des gestrigen Einsatzes' = 2024-09-26 (Thursday before a Friday 27 Sept release). Germany only (the wife's Ukrainian nationality and the Russian channels do not add executing states); three named organisations with a role (StA Karlsruhe's Ermittlungsverfahren, ZFA Stuttgart executes, AG Karlsruhe issued the Vermögensarreste) -> cooperative under the REGISTER clause. Judicial: two Tatverdächtige (a married couple, 37M German / 42F Ukrainian) -- no arrest stated (silence); StA-led Ermittlungsverfahren 'dauern an' -> indictments pending (referral-inferred, DE Ermittlungsverfahren); the 'droht ... Freiheitsstrafe von mindestens einem Jahr' is a statutory range, not an outcome. Modality: searches; domain 'beschlagnahmt' -> domain-seizure; Vermögensarreste of ~EUR 120,000 by the court -> asset-seizure; EUR 40,000 cash and equipment 'sichergestellt' with the evidence (cash as evidence not separately coded). Reconstitution not addressed. [2026-08-17 coordinator: stratum cooperative->domestic by the states-only rule (DE CODEBOOK s.3 v1.11+); coder's value kept as stratum_as_coded]"
REG-2024-0042,ic,multichoice-irdeto-kenya-score808-waka-tv-sports-piracy-enforcement-2024-2025--score808-2024,Piracy Monitor,other,2,https://piracymonitor.org/kenya-hub-of-score808-pirate-streaming-site-raided-and-dismantled/,2024-10-29,,,Kenya hub of score808 pirate streaming site raided and dismantled,capture,iptv-service,pool-default,true,IC census row: pool tag illegal-iptv-ic; medium defaults to iptv-service (re-read as found),independent,multichoice-irdeto-kenya-score808-waka-tv-sports-piracy-enforcement-2024-2025,kenya,kenya,,domestic,wiki-fields,false,,true,wiki-flag,arrest-search; hosting-takedown,false,publisher_type=other,false,"converted from paper2/coding/multichoice-irdeto-kenya-score808-waka-tv-sports-piracy-enforcement-2024-2025--score808-2024.json (coder agent-split-ke, 2026-08-13); date_source=source-page; source_of_record=raw/news/2024-10-29_piracymonitor_kenya-score808-raided-dismantled.md; tier_basis=raw-dir:news; other_cited_captures=0; quotes are the cited lines as of the coding date; stratum from wiki fields (participating_countries=1, participating_agencies=0); official_release_sourced=True; component_of=multichoice-irdeto-kenya-score808-waka-tv-sports-piracy-enforcement-2024-2025. COMPONENT A of a two-action page (COMPOSITE_SPLIT). Coded from the score808 records ONLY; nothing is carried over from the combined file paper2/coding/multichoice-irdeto-kenya-score808-waka-tv-sports-piracy-enforcement-2024-2025.json, whose modality and judicial cells mix both actions (its arrests n=2 summed the two suspects; its indictments n=1 and convictions pending were entirely WAKA TV's and have no counterpart here).

CAPTURE TIERS. (a) MultiChoice press release, raw/press-releases/2024-10-29_multichoice_score808-pirate-streaming-site-raid-kenya.md — CAPTURE-UNUSABLE, confirmed by direct read as the task asked. The whole 'Extracted Text' block (raw:31-91) is the cookie-consent banner and Privacy Preference Center: '© 2024 MultiChoice Group' then 'By clicking “Accept All Cookies”, you agree to the storing of cookies on your device to enhance site navigation, analyze site usage, and assist in our marketing efforts.' (raw:31, raw:33) followed by cookie-category boilerplate to raw:91. Measured check: the strings 'score808', 'Kenya' and 'raid' occur in that file ONLY at raw:4, raw:5, raw:18, raw:23 and raw:98 — i.e. inside collection_url / final_url / source_page / the harvest sentence / the extraction note — and NOWHERE in the body. Not one score808 fact is in the capture, while text_status reads 'parsed', storage_mode 'fulltext' and word_count 483. Textbook L57; the corpus already flagged it (dated 'Capture failure (2026-07-15, L57)' warning on the source page). Per CODING.md capture tiers it is never cited and the citation ladder falls to the source page's prose. (b) Piracy Monitor, raw/news/2024-10-29_piracymonitor_kenya-score808-raided-dismantled.md — USABLE (curl_cffi, 883 words); article body at raw:101-145 inside site-navigation chrome; the 'Piracy Arrests' / 'Property Seizures' strings at raw:91-95 are the site's taxonomy menu, not reporting, and are not cited. (c) The two 2025 WAKA TV records are a different target and a different action and are NOT inputs to this row.

MODALITY. arrest-search — raw-level: 'On October 29, 2024, officers of Kenya’s National Police Service and inspectors from the Kenya Copyright Board (KECOBO) dismantled a major hub of unauthorized sports streaming in Makadara Soubcounty, Nairobi County.' (pm raw:107; the misspelling 'Soubcounty' is the original's), 'The raid targeted identified pirate responsible for developing and hosting a pirate website' (pm raw:121, a KECOBO Instagram quote the article itself reproduces truncated, ending 'SuperSport chan,'), and the premises/person seizure at pm raw:123, 'the suspect’s mobile phone and laptop, used to manage the site, went into Police custody for further forensic analysis by the Police Cyber Crime team.' hosting-takedown — raw-level: 'The site’s backend database was seized, and the platform was taken offline.' (pm raw:123): backend infrastructure seized plus service shut down. NOT domain-seizure: no record states a domain was seized, transferred or redirected under state or court process, the page's own results.domains_seized seed is 0, and the site reappeared on its own domain (see reconstitution) — which is affirmative evidence that domain control never moved. NOT asset-seizure: the backend database, mobile phone and laptop are evidence/instrumentalities taken 'for further forensic analysis', not a freeze or forfeiture. NOT end-user-action, blocking-order, content-delisting, payment-disruption, intermediary-process: no supporting verb in any usable record.

JUDICIAL. arrests n=1, PAGE_ONLY — and the flag is the substantive point, not bookkeeping. The only usable capture NEVER states that an arrest happened: its nearest line is 'Authorities confirm that additional arrests are anticipated as the investigation progresses.' (pm raw:129), which presupposes a first arrest without asserting one, and pm raw:121/123 say only 'identified pirate' and 'the suspect’s'. The affirmative statement exists solely as wiki prose summarising the release the capture failed to fetch: 'the primary suspect was apprehended and the platform taken offline.' (source page :31) and 'primary suspect apprehended (additional arrests anticipated); backend database, mobile phone, and laptop seized; platform offline.' (source page :39). One natural person. So the operation page's results.arrests: 2 has, for its score808 half, no verifiable capture behind it at all. indictments / convictions / imprisonments not-reported — genuine silence: no cited record mentions a charge, a court, a prosecutor or an outcome for the score808 suspect. Deliberately NOT 'pending': the only forward-looking language is 'as the investigation progresses' (pm raw:129), and CODING.md's pending floor explicitly excludes continuing-investigation language. Deliberately NOT 'none-stated': nothing describes an outcome completely enough for absence to be a fact. latest_record_date 2024-11-08 = the Piracy Monitor byline printed in the capture, 'November 8, 2024' (pm raw:103), the latest publication date among this row's cited records; CODING.md says byline over capture timestamp, and this conflicts with the wiki's published: 2024-10-29 (see DEFECTS).

RECONSTITUTION. relaunch-reported, and this is where the KNOWN-ISSUE check lands: the relaunch evidence in the combined file belongs to THIS component and only to it. 'However, the score808.us site was again active at the time of this article (early November, 2024) which may mean that a backup of the site had been implemented elsewhere.' (pm raw:125). It postdates the 29 October 2024 action, it names no successor (the site returned under its own name on other infrastructure), and it concerns the coded target itself rather than a clone. as_of 2024-11-08, about ten days after the action; the 14-day window in CODING.md constrains only affirmative DOWN-status, not relaunch evidence, so the value stands. The WAKA TV records are eleven months later and about a different target and supply nothing here.

PRIOR/ADJACENT HISTORY, notes only per the postdating rule: 'MultiChoice also collaborated with Nigerian law enforcement to take down score808.com.ng in that country, in September 2024.' (pm raw:115) and 'This had also been the case with the score808.com.ng site in Nigeria , which had evaded shutdown by moving.' (pm raw:125). That is a separate September 2024 Nigerian action and a pre-existing evasion pattern — history, not durability evidence for this action, and not a participant in it.

PARTICIPATING COUNTRIES ESTABLISHED BY THE RECORDS: ONE — Kenya. The executing bodies are Kenya's National Police Service and KECOBO (pm raw:107); no foreign law-enforcement body appears. MultiChoice is 'South Africa-based MultiChoice Group' (pm raw:115) but is a private rights-holder, and Irdeto is described only as 'the Irdeto unit of MultiChoice Group' (pm raw:129) with no country stated in any record (the operation page's 'Irdeto of the Netherlands' is page prose, not record). The three other countries named in the record — Kenya, South Africa and Nigeria at pm raw:109 — are VISITOR-ORIGIN statistics for the pirate site's audience ('8.85 million of those unique worldwide visitors – about a third of them – were from within Kenya. South African and Nigerian visitors accounted for approximately 1.62 million and 1.15 million respectively.'), not participants; Nigeria's other appearance is the separate 2024 action above.

CORPUS SEARCH (CODING.md input step 3): grep -i 'score808|score 808|WAKA TV|KECOBO|Kenya Copyright Board|Singo' over wiki/sources/ returns five files — the three the page cites, wiki/sources/_index.md (catalog), and wiki/sources/2024-03-07_justice-gov-za_doj-multichoice-mou-combatting-piracy.md, a South African DOJ–MultiChoice memorandum of understanding that is a different matter and not a record of this raid. NO linkage gap.

DEFECTS FOUND (reported, not fixed — raw/ and wiki/ are read-only for this pass). (1) Publication-date error on the Piracy Monitor record: the capture's own byline is 'November 8, 2024' (pm raw:103) but wiki/sources/2024-10-29_piracymonitor_kenya-score808-raided-dismantled.md carries published: 2024-10-29 and the operation page's References row [2] repeats it — that is the RAID date, not the publication date. It is load-bearing here: this row's latest_record_date and reconstitution as_of both depend on it, and the article's text independently says 'early November, 2024'. (2) The same record dates the MultiChoice release differently from the wiki: 'Successful raid on pirate streaming site ‘score808.us’ in Kenya . News release. October 31, 2024. MultiChoice Group (South Africa)' (pm raw:135) versus the wiki's 2024-10-29 for reference [1]. Both 2024 wiki dates look like the action date propagated into publish_date. (3) The operation page reports the platform 'taken offline' in Results and Impact (page:122) and in results.other (page:56) with no reconstitution anywhere, while its own cited source reports the site active again about ten days later (pm raw:125); the page's 'Contradictions & Open Questions' section reads 'No separate content recorded for this section.' (page:157). The task flagged this as a question and the answer is that both statements are in the same source and are not in conflict — the site went offline and then returned — but the page states only the first half, which is the reason its status/outcome 'ongoing' reads as prosecutorial rather than as a durability finding. (4) Already-flagged but with an unstated downstream consequence: the capture-unusable MultiChoice primary means the operation page's results.arrests: 2 and its 'primary suspect was apprehended' claim rest, for this component, on no verifiable capture — hence page_only on the arrests cell."
REG-2024-0043,walk-2026-08-17,DPH-1,Intellectual Property Office of the Philippines (IPOPHL),ministry-regulator,1,https://www.ipophil.gov.ph/news/ipophl-recommends-blocking-six-piracy-sites-on-natl-anti-piracy-month/,2024-10-29,,2024-10-29,IPOPHL recommends blocking six piracy sites on Nat’l Anti-Piracy Month,,streaming-site,,true,,independent,,philippines,philippines,"Intellectual Property Office of the Philippines (IPOPHL); Intellectual Property Rights Enforcement Office (IEO); Motion Pictures Association, Inc.",domestic,,false,,true,coder,blocking-order,true,,false,"date_source: dateline 'October 29, 2024'; action_date = the requests were sent to ISPs 'today' (posted on the IPOPHL site from 24 Oct 2024). Philippines only; IPOPHL/IEO (state) + Motion Pictures Association, Inc. (named rights-holder complainant on behalf of Disney, Netflix, Paramount, Sony, Universal, WBD) -> cooperative under the REGISTER clause. Modality: administrative site-blocking requests to ISPs under IPOPHL MC 2023-025 (voluntary administrative site blocking) for sflix.to/.se/.is and myflixerz.to/myflixertv.to/myflixer.today -> blocking-order (state administrative measure; ISPs comply). No persons -> judicial not-reported. Dedup: 'myflixer' matches the IC operation vietnam-us-fmovies-streaming-piracy-takedown-2024 only because MyFlixer/SFlix are named there as Fmovies sister brands taken down in Vietnam (Aug 2024); this Philippine blocking is a distinct action against surviving/clone domains -> verdict new (coordinator may treat it as a follow-on of the Fmovies action; I did not, since the release itself does not link them). Reconstitution: not addressed for these domains. [2026-08-17 coordinator: stratum cooperative->domestic by the states-only rule (DE CODEBOOK s.3 v1.11+); coder's value kept as stratum_as_coded]"
REG-2024-0044,de,DOM-2024-1007,Hellenic Police (Ελληνική Αστυνομία),le,1,https://www.astynomia.gr/2024/10/31/31-10-2024-apo-ti-diefthynsi-dioxis-ilektronikou-egklimatos-exichniastike-ypothesi-paranomis-anametadosis-syndromitikon-tileoptikon-ypiresion/,2024-10-31,,,Από τη Διεύθυνση Δίωξης Ηλεκτρονικού Εγκλήματος εξιχνιάστηκε υπόθεση παράνομης αναμετάδοσης συνδρομητικών τηλεοπτικών υπηρεσιών,,streaming-site,,true,"four websites retransmitting a pay-TV provider's channels for subscription fees, linked to three Greek IPs; two server administrators and one viewer charged",independent,,greece,greece,Διεύθυνση Δίωξης Ηλεκτρονικού Εγκλήματος,domestic,,false,,false,none,arrest-search; hosting-takedown; end-user-action,true,,false,"Agrees with DE domestic. No arrest is stated (searches of three premises, seizure, case file against 3 persons) — arrests not-reported, not none-stated. arrest-search coded on the searches/seizures. hosting-takedown: a computer functioning as an IPTV server was found and equipment seized (the four websites themselves are not stated blocked or seized — no domain-seizure/blocking-order). end-user-action: one of the three charged is charged for illegal viewing. Complainant is 'παρόχου' (a provider), unnamed. Damage 125,000,000 EUR over 12 months to the complainant alone (as stated). No search date given; action_date null. indictments=pending referral-inferred (case file submitted to prosecutor). Word count includes capture frontmatter and DE extraction notes; quotes from Extracted Text only."
REG-2024-0045,walk-2026-08-17,DTH-14,กรมสอบสวนคดีพิเศษ (DSI),le,1,https://www.dsi.go.th/th/Detail/5499ab7445caea86c86b14b978ef842d,2024-11-02,,2024-11-01,DSI จับกุมตัวผู้ต้องหาเครือข่ายบัญชีม้าละเมิดลิขสิทธิ์พรีเมียร์ลีก ทรูวิชั่นส์เพิ่มอีก 1 ราย,,live-sports-stream,,true,,follow-on:DTH-11,,thailand,thailand,กรมสอบสวนคดีพิเศษ (ชุดปฏิบัติการที่ 2 ศูนย์สืบสวนสะกดรอยและการข่าว); ตำรวจภูธรแม่ออน จังหวัดเชียงใหม่; ศาลทรัพย์สินทางปัญญาและการค้าระหว่างประเทศกลาง,domestic,,false,,false,none,arrest-search,false,unit=follow-on:DTH-11,false,"publish_date 'เผยแพร่: 2 พ.ย. 2567' (2024-11-02); action: the arrest is undated in the text but the remand hearing was 'วันนี้ (วันศุกร์ที่ 1 พฤศจิกายน 2567)' -> action_date 2024-11-01 (arrest on or just before). UNIT: follow-on arrest (one more suspect, an admin of EPL-streaming sites who opened mule accounts) in special case 291/2565 whose action-day operation (2024-07-31, 2 arrests, damage >THB 2,900M) is candidate TH-11 -> follow-on:DTH-11. Cooperative on orgs: DSI surveillance centre team + Mae On provincial police (joint arrest) + the IP&IT court (issued warrant 38/2567 and ordered remand/bail THB 200,000). TrueVisions is named as the EPL rights-holder/victim only (not counted). arrests n=1 (Ms Natnicha); indictments=pending: charges notified on arrest and remand ('ฝากขัง') with bail before the IP&IT court (proceedings underway; TH pre-indictment). No infrastructure action in this release. No durability statement. [STRATUM recomputed under REGISTER.md as revised 2026-08-17 (states only; organisation counts play no part): countries_executing=['thailand'] -> domestic; first-pass value under the old orgs clause was 'cooperative' - the org-count/'complainant-counted'/'same-force-units' remarks above are now descriptive only (private_named covariate).] [2026-08-18 coordinator, codex IC reg2: follow_on_distinct=['arrests']: one further suspect (an admin who opened mule accounts) beyond the two arrested on 2024-07-31 (DTH-11); parent arrests 2 + 1]"
REG-2024-0046,de,DOM-2024-1006,Hellenic Police (Ελληνική Αστυνομία),le,1,https://www.astynomia.gr/2024/11/08/08-11-2024-apo-ti-diefthynsi-dioxis-ilektronikou-egklimatos-synelifthisan-2-atoma-gia-paranomi-metapolisi-syndromitikon-tileoptikon-kanalion/,2024-11-08,,2024-11-06,Από τη Διεύθυνση Δίωξης Ηλεκτρονικού Εγκλήματος συνελήφθησαν -2- άτομα για παράνομη μεταπώληση συνδρομητικών τηλεοπτικών καναλιών,,iptv-service,,true,"reseller with access to an active IPTV management portal, hundreds of active end users",independent,,greece,greece,Διεύθυνση Δίωξης Ηλεκτρονικού Εγκλήματος,domestic,,false,,false,none,arrest-search; hosting-takedown,true,,false,"Agrees with DE domestic. hosting-takedown coded because two servers (διακομιστές) are among the items seized in the home search — literal server seizure; borderline since they may be local hardware rather than the streaming origin. 128,050 EUR cash in the search inventory = evidence under CODING v4, PRIOR CODE asset-seizure withdrawn 2026-08-18 (a further 127,000 EUR was in a bag thrown from the balcony; whether it is included in the 128,050 total is not stated) and to be deposited with the Deposits and Loans Fund. indictments=pending: the release says the two 'κατηγορούνται' (are accused) but has no explicit referral sentence — police-level accusation, referral-inferred, weaker than the other Greek rows. Word count includes capture frontmatter and DE extraction notes; quotes from Extracted Text only. [2026-08-18 coordinator, re-read (4 verifiers, CODING v4): asset-seizure REMOVED under CODING v4 (VALUE not THINGS): EUR 128,050 is the last item of the house-search inventory ('βρέθηκαν και κατασχέθηκαν'); no δέσμευση/δήμευση, no account, no crypto; deposit with the Ταμείο Παρακαταθηκών is custody of seized cash, not a freeze] [2026-08-19 reverse pending screen] indictments: pending -> not-reported. The release says the two 'katigorountai' (are accused) and mentions a judicial officer attending the search -- the Greek house-search formality, the B22 class. Measured over the whole capture, the stems eisangel-, dikograf-, anakri-, prokatarkt- occur ZERO times: no prosecutor, no case file, no proceeding. Every other Greek row in the census carries one of those; this is the only one that does not. The coder had already written the doubt into this note."
REG-2024-0047,ic,us-doj-247tvstream-edny-bangladesh-takedown-2024,U.S. Department of Justice — Office of Public Affairs,le,1,https://www.justice.gov/archives/opa/pr/brothers-residing-new-york-and-bangladesh-charged-running-digital-streaming-piracy-scheme,2024-11-19,,,Brothers Residing in New York and Bangladesh Charged with Running Digital Streaming Piracy Scheme,capture,iptv-service,pool-default,true,IC census row: pool tag illegal-iptv-ic; medium defaults to iptv-service (re-read as found),independent,,united-states; united-kingdom; canada; netherlands,united-states; united-kingdom; canada; netherlands,(wiki participating_agencies #1); (wiki participating_agencies #2); (wiki participating_agencies #3); (wiki participating_agencies #4); (wiki participating_agencies #5),cooperative,wiki-fields,false,,false,none,domain-seizure; hosting-takedown; arrest-search,true,,false,"converted from paper2/coding/us-doj-247tvstream-edny-bangladesh-takedown-2024.json (coder agent-w2-3, 2026-08-13); date_source=raw-frontmatter; source_of_record=raw/press-releases/2024-11-19_justice-gov_brothers-new-york-bangladesh-247tvstream-streaming-piracy.md; tier_basis=raw-dir:press-releases; other_cited_captures=1; quotes are the cited lines as of the coding date; stratum from wiki fields (participating_countries=4, participating_agencies=5); official_release_sourced=True. CAPTURE TIERS: both USABLE, both with agent-authored wrappers that are NOT cited. (a) DOJ OPA (raw/press-releases/2024-11-19_justice-gov_brothers-…): the '## Extracted Text (verbatim from DOJ press release)' block at raw:40-82 is the genuine release (press release 24-1455), fetched past Akamai per L21; the surrounding '## Source Metadata' (raw:26-38) and '## IC-Relevant Facts (extracted)' (raw:84-99) are wiki-side analysis. (b) USAO-EDNY (raw/press-releases/2024-11-19_justice-gov-usao-edny_…, wayback+curl_cffi, 1774 words): verbatim release body at raw:243-271 inside heavy justice.gov and Wayback chrome. Its preamble claims 'Full text not reproduced here per copyright policy.' (raw:33) — which is FALSE of the capture, since the full text follows at raw:243-271; a reader trusting that line would skip the only raw-level evidence in the file. MODALITY: domain-seizure — 'Also today, HSI executed a seizure order from the Eastern District of New York against website domain names used by Chowdhury and Rahman to operate 247TVStream. The seizure of these domains by the government will prevent the owners and third parties from using the sites to operate 247TVStream. Individuals, including subscribers, visiting those sites now will see a message indicating that the site has been seized by the federal government.' (opa raw:64; EDNY parallel at raw:265, 267). Court-ordered seizure with a government banner — the paradigm case for this code. Count not disclosed (the operation page's domains_seized 0 is a structural placeholder and its missing_fields says so). hosting-takedown — 'In addition, in coordination with international law enforcement partners to enforce criminal copyright laws, Dutch and United Kingdom authorities have seized the servers hosting a portion of the 247TVStream infrastructure.' (opa raw:66; EDNY raw:267 renders the same as 'Dutch and U.K. partners'). Note the record is careful: a PORTION of the infrastructure, no server count, no location. arrest-search — 'The indictment was unsealed earlier today, following Chowdhury's arrest, and he appeared for his arraignment in the U.S. District Court for the Western District of New York this afternoon.' (opa raw:56); EDNY adds the timing, 'Chowdhury was arrested this morning and is scheduled to be arraigned this afternoon' (edny raw:249). NOT coded: asset-seizure — no monetary or property seizure is announced anywhere in either release, despite the wire-fraud-conspiracy count that would normally ground forfeiture; the operation page reaches the same conclusion ('The release does not announce financial seizures'; 'Asset forfeiture — not announced on the unsealing date'). end-user-action — subscribers see the seizure banner (opa raw:64, edny raw:267), but that is notice of the domain seizure, not an action against subscribers; no customer proceeding, disconnection count or warning campaign is stated. payment-disruption, blocking-order, content-delisting, intermediary-process, voluntary-transfer — no supporting verb. JUDICIAL: arrests n=1 — Chowdhury only; Rahman was NOT arrested, 'An arrest warrant was issued for Rahman, who remains at large.' (opa raw:56; edny raw:249 'Rahman remains at large'), and an issued warrant is not an executed arrest (same rule applied on the Operação 404 fase-8 and Switch Off rows). indictments n=2, counting DEFENDANTS not instruments: 'On Nov. 15, a federal grand jury in the Eastern District of New York returned an indictment charging Noor Nabi Chowdhury, 56, of Cheektowaga, New York, and his brother, Mohammad Rahman, 36, of Dhaka, Bangladesh, with conspiracy to provide to the public an illicit digital transmission service; providing an illicit digital transmission service; conspiracy to commit wire fraud; and aggravated identity theft.' (opa raw:52; edny raw:249). FLAGGED for the coordinator: the operation page's results.indictments is 1, counting the charging instrument; every other stage in this protocol counts persons (arrests counts persons, convictions counts persons), so counting instruments here would make the row internally incomparable — n=2 is the person count and the divergence from the page is deliberate. convictions pending: the indictment has been returned, unsealed, and one defendant arraigned, so proceedings are underway; both releases state the outcome is undetermined — 'If convicted, Chowdhury and Rahman each face a maximum penalty of five years in prison…' (opa raw:68) and 'The charges in the indictment are allegations, and the defendants are presumed innocent unless and until proven guilty.' (edny raw:269). imprisonments not-reported: no sentence exists; the statutory maxima at opa raw:68 are law on the books, not imposed custody, and pre-trial custody ('Chowdhury is in custody', opa raw:58) is detention pending trial, not an imposed custodial sentence. latest_record_date 2024-11-19 — both releases carry that byline. DATE NOTE: the OPA capture ends 'Updated February 6, 2025' (opa raw:78) and its frontmatter records updated: 2025-02-06, while the EDNY capture says 'Updated November 19, 2024' (edny raw:305). I did NOT move latest_record_date to 2025-02-06: unlike the CODA/Shenlan row, where the later update carried a dated verdict paragraph, this update stamp accompanies no new content — every substantive sentence is written in announcement-day tense, and the operation page independently reports 'no substantive new facts disclosed in the updated version on the public record'. Recorded here because the alternative reading would extend this row's right-censoring by ten weeks without adding a single fact. RECONSTITUTION: not-reported, and this was the closest call in my nine rows. (i) The only down-status statement is same-day and inside an announcement quote — 'the illicit digital streaming site no longer exists, and Chowdhury is in custody' (opa raw:58, repeated edny raw:257) — published 2024-11-19, the day of the seizures, so it is announcement-time status and expressly excluded from durability evidence by the 14-day rule. (ii) I considered open-question, because the OPERATION PAGE (not the record) twice flags reconstitution as unresolved: 'does not preclude reconstitution of the underlying content-acquisition mechanism by other operators or a domain-rebrand by the defendants (Rahman, while at large in Bangladesh, has technical capacity to reconstitute the service under a new brand)' (Results and Impact) and 'reconstitution of an equivalent service under new infrastructure is not technically precluded' (Challenges). v2's open-question clause does say 'the page OR the record flags an unresolved succession/effectiveness question', so a literal reading would take it. I coded not-reported instead because both page statements are a-priori technical caveats that hold for EVERY takedown in this census — no record, and no page statement, reports an actual successor, clone, rebrand, or contested down-status for 247TVStream. Coding open-question from a generic 'reconstitution is not precluded' observation would make the value non-discriminating across the corpus. This is a rule-interpretation call, not a reading of the record, and the coordinator can flip it consistently across the census if the literal reading is preferred; the same reasoning is recorded on portugal-spain-europol-euipo-… where I rejected open-question for a related reason. CORPUS SEARCH (grep -rlie '247tvstream|chowdhury|247 tv' over wiki/sources/): three hits — the two cited pages plus 2026-04-24_wto-org_trips-council-april-2026-digitalization-ip-enforcement.md, whose match is on an unrelated surname/token and which does not discuss this action. NO linkage gap. CORPUS DEFECTS FOUND (reported, not fixed — all involve the EDNY release, which the operation page cites but appears to have read less closely than the OPA one): (1) NEW and clearly wrong — the page's Contradictions callout says 'Missing: 247TVStream operational dates — The press release describes the operation as conducted ""for years"" but does not disclose start or end dates.' The EDNY release, cited on the same page, discloses both: 'As alleged, between approximately May 2017 and November 2024, the defendants operated 247TVStream' (edny raw:261). The stated gap is filled by the page's own source #2 and the frontmatter missing_fields entries for 'service start date' and 'service end date (pre-seizure)' should be retired. (2) NEW — the same EDNY sentence discloses pricing, 'For a subscription fee of as little as $10 per month' (edny raw:261), while the page's Background says the release 'does not disclose per-subscriber pricing'. (3) NEW — the EDNY release credits a US agency the page's Participating Parties table omits entirely: 'Mr. Peace expressed his thanks to the Justice Department's Office of International Affairs, the Surrey and City of London Police, United Kingdom, Royal Canadian Mounted Police and Fiscale Inlichtingen- en Opsporingsdienst, Netherlands, and the United States Postal Inspection Service for their assistance.' (edny raw:255) — USPIS appears in neither the table nor participating_agencies. (4) NEW — defendant-name discrepancy between the two cited releases: OPA says 'Mohammad Rahman' (opa raw:52) while EDNY says 'Mohammad Mahmudur Rahman' (edny raw:249); the operation page and its aliases carry only the short form. (5) MINOR — the EDNY capture's own preamble asserts 'Full text not reproduced here per copyright policy.' (edny raw:33) immediately above a capture that does contain the full text; left as-is since raw/ is immutable, but it misdescribes the file. (6) MINOR — the EDNY capture preserves the docket-linked filename '24-cr-466_-_indictment.pdf' (edny raw:293), i.e. the EDNY case number 24-cr-466, while the page's missing_fields and Contradictions treat the case identifier as undisclosed."
REG-2024-0048,walk-2026-08-17,CC4-16,DINAPI | Dirección Nacional de Propiedad Intelectual,ministry-regulator,1,https://www.dinapi.gov.py/portal/v3/noticias/detalle-noticia?idNoticia=497,2024-11-20,,,Duro golpe a la piratería de señales digitales en Alto Paraná,,iptv-service,,true,,independent,,paraguay,paraguay,Dirección Nacional de Propiedad Intelectual (DINAPI); Ministerio Público; Policía Nacional; Dirección General de Observancia de la DINAPI; Unidad Especializada de Propiedad Intelectual y Contrabando,domestic,,false,,false,coder,arrest-search; hosting-takedown,true,,false,"date_source: dateline '20-11-2024' on the DINAPI news page. action_date: the allanamiento date is not stated -> null. 'Operación 451': Paraguay only; Ministerio Público (Unidad Especializada de Propiedad Intelectual y Contrabando prosecutors named), Policía Nacional and DINAPI's Dirección General de Observancia planned and executed -> cooperative under the REGISTER clause. Complainants 'titulares de derechos de propiedad intelectual' unnamed -> not counted. Target: a pirate service (~20,000 users in Paraguay) fed by decoders labelled with TV channel names into an app run from central software -> iptv-service; decoders, computers and servers seized and the system taken down ('dar de baja a un sistema') -> hosting-takedown; court-ordered search -> arrest-search. Judicial: one 'denunciado' (owner of the house/software) but no arrest, charge or outcome stated -> not-reported across the board. Reconstitution not addressed. Note the fetched text begins with a meta-description fragment before the page chrome; body quotes are taken from the article proper. [2026-08-17 coordinator: stratum cooperative->domestic by the states-only rule (DE CODEBOOK s.3 v1.11+); coder's value kept as stratum_as_coded]"
REG-2024-0049,de,DOM-2024-1002,Hong Kong Customs and Excise Department (via HKSAR Government Information Services),le,1,https://www.info.gov.hk/gia/general/202411/25/P2024112500306.htm,2024-11-25,,2024-11-24,"Hong Kong Customs applies ""communication right"" under Copyright Ordinance for first time to detect case of unauthorised communication of live football matches to public by restaurant (with photos)",,live-sports-stream,,false,"target is a restaurant (commercial end user) using an illegal streaming device to show live football to its patrons — a public-performance infringer, not an IPTV/streaming service or a seller of devices; DE holds it as an action, the census predicate as written does not",independent,,hong-kong,hong-kong,Hong Kong Customs,domestic,,false,,false,none,arrest-search; end-user-action,false,out-of-scope: target is a restaurant (commercial end user) using an illega,true,"Agrees with DE domestic. needs_review for SCOPE: coded in_scope=false because the target is a commercial end user (restaurant), the DE capture notes themselves call it 'an end-user-side action against a commercial premises, not against a supplier'. If the coordinator reads the predicate to include commercial-premises enforcement, flip to true (medium live-sports-stream, end-user-action stays). Copyright owner unnamed. Word count includes capture frontmatter and DE extraction notes; quotes from Extracted Text only."
REG-2024-0050,ic,operation-taken-down-illegal-iptv-2024,Europol,igo,1,https://www.europol.europa.eu/media-press/newsroom/news/european-law-enforcement-stops-illegal-iptv-service-providers,2024-12-02,,,European law enforcement stops illegal IPTV service providers,capture,iptv-service,pool-default,true,IC census row: pool tag illegal-iptv-ic; medium defaults to iptv-service (re-read as found),independent,,italy; croatia; netherlands; romania; sweden; switzerland; united-kingdom; china; bulgaria; france; germany,italy; croatia; netherlands; romania; sweden; switzerland; united-kingdom; china; bulgaria; france; germany,(wiki participating_agencies #1); (wiki participating_agencies #2); (wiki participating_agencies #3); (wiki participating_agencies #4),cooperative,wiki-fields,false,,true,wiki-flag,arrest-search; hosting-takedown; domain-seizure; asset-seizure,true,,false,"converted from paper2/coding/operation-taken-down-illegal-iptv-2024.json (coder agent-w2-4, 2026-08-13); date_source=raw-frontmatter; source_of_record=raw/press-releases/2024-12-02_europol_22-million-iptv-users-network-takedown.md; tier_basis=raw-dir:press-releases; other_cited_captures=4; quotes are the cited lines as of the coding date; stratum from wiki fields (participating_countries=11, participating_agencies=4); official_release_sourced=True. CAPTURE TIERS (9 cited sources + 2 corpus-search finds). USABLE: (a) raw/press-releases/2024-11-27_poliziadistato-it_... -- heavy Polizia di Stato site navigation but the full release body is present at raw:121-147 (the police.hu pattern); (b) raw/press-releases/2024-11-28_dia-interno-gov-it_... -- DIA navigation plus the full Comunicato at raw:109-123; (c) raw/press-releases/2024-11-27_policija-gov-hr_... -- Croatian Police body with the official results list at raw:63-99; (d) raw/press-releases/2025-01-17_uefa_... -- UEFA body at raw:61-71; (e) CORPUS-SEARCH raw/press-releases/2024-12-02_europol_22-million-iptv-users-network-takedown.md -- Europol own-domain English release, jina fulltext, body raw:27-67. RECONSTRUCTION / UNUSABLE, cited in no cell: (f) raw/press-releases/2024-11-27_eurojust_crackdown-illegal-streaming-network-22-million-users-worldwide.md -- its ""Extracted Text"" (raw:35-133) is Wayback banner + Eurojust site menu (word_count 149) despite text_status: parsed = CAPTURE-UNUSABLE (L57); only the agent summary at raw:27-31 carries facts, which is reconstruction-tier and wholly duplicated by (e); (g) raw/press-releases/2026-02-03_eurojust_successful-operation-illegal-streaming-services.md -- self-declared ""Summary-Only Archive"", body is the same Eurojust nav; (h) raw/government-reports/2025-04-30_eurojust-europa-eu_annual-report-2024-ipc-iptv.md and (i) raw/government-reports/2024-10-23_euipo-europol_uncovering-ecosystem-ip-crime.md -- agent digests; (j) raw/government-reports/2024-11-28_euipo-europa-eu_online-copyright-infringement-eu-2017-2023.md contains no mention of this operation at all (grep: Taken Down / 22 million / Catania = 0 hits).
⚠ CORPUS DEFECT 1 (contaminated record, reported, not coded from): the Eurojust Annual Report 2024 capture (h) attributes to Operation Taken Down a narrative that belongs to the FEBRUARY 2026 action: ""An action day in nine countries led to the shutdown of illegal streaming services for millions of users, with three well-known illegal IPTV platforms seized in Italy and a major global IPTV provider in Romania taken down."" and ""31 suspected members of the group"" (h raw:19-20), with a country roster of ""Italy, Romania, Spain, the UK, Canada, Kosovo, and South Korea"" (h raw:22). The 2026-02-03 Eurojust release states the same 31 suspects / nine countries / three Italian platforms / Romanian provider for the February 2026 follow-on (g raw:33-35). A report published 2025-04-30 cannot describe a 2026 action day; and 31 contradicts the 102 suspects every action-day record states, while Canada / Kosovo / South Korea appear in no action-day record (participating countries per Europol: ""Bulgaria, Croatia, France, Germany, Italy, the Netherlands, Romania, Sweden, Switzerland, United Kingdom"", e raw:63). The wiki has adopted the misattribution in the source page (wiki/sources/2025-04-30_eurojust-europa-eu_annual-report-2024-ipc-iptv.md:24-25, 31, 43) and in this operation's References row [9] (op page:203) -- including a false Korean nexus for a row whose Korean Involvement section is empty. NOTHING from that capture is coded here.
⚠ CORPUS DEFECT 2 (linkage gap): the Europol own-domain release for this operation, wiki/sources/2024-12-02_europol_22-million-iptv-users-network-takedown.md, is NOT in the operation page's `sources:` list (op page:88-97) even though it is the LE-side tier-1 record and the only English-language official results list. Coded here via CODING.md input rule 3 (corpus-search). ⚠ Its date is also wrong in the wiki: the capture frontmatter and the source page say 2024-12-02, but the release body's own byline reads ""Publish date 27 Nov 2024"" (e raw:33). Byline over capture timestamp -- this record is 2024-11-27; the conflict does not change latest_record_date here.
MODALITY: arrest-search -- ""11 people arrested"", ""Over 112 house searches conducted"" (e raw:43, 45); ""Oltre 270 poliziotti hanno effettuato 89 perquisizioni in 15 regioni italiane, mentre altre 14 perquisizioni, sono state fatte dalle polizie dei relativi paesi in Regno Unito, Olanda, Svezia, Svizzera, Romania, Croazia, e Cina nei confronti di 102 persone."" and ""hanno permesso alla polizia croata di eseguire 11 ordinanze di custodia cautelare nei confronti di altrettanti indagati"" (a raw:123, 125). SEARCH-COUNT CONFLICT recorded, not coded (no column): Europol/Croatia/UEFA say ""Over 112 house searches"" / ""pretraženo više od 112 kuća"" / ""112 searches and seizures of equipment"", while the Italian releases enumerate 89 + 14 = 103. hosting-takedown -- ""At least 29 servers seized"" (e raw:47); ""sono stati spenti e sequestrati oltre 2500 canali illegali e server che gestivano la maggior parte dei segnali illeciti in Europa"" (a raw:129); ""I poliziotti della postale hanno rintracciato in Romania e ad Hong Kong 9 server attraverso i quali veniva diffuso in tutta Europa il segnale audiovisivo piratato, che in collaborazione con le locali forze di polizia hanno provveduto a spegnere"" (a raw:133; DIA parallel at b raw:117). domain-seizure -- ""100 domains taken down"" (e raw:49) / ""ugašeno 100 domena"" (c raw:81). ⚠ VERB CAVEAT: Europol's own results list uses ""seized"" for servers, devices and money but ""taken down"" for the domains, and the Croatian translation preserves the distinction (""zaplijenjeno"" vs ""ugašeno""); no record says who took control of the 100 domains. domain-seizure is coded anyway because these domains were removed inside an explicitly judicial operation -- ""Su disposizione della Procura distrettuale della Repubblica di Catania, la Polizia di Stato ... ha eseguito provvedimenti di perquisizione e sequestro su obbiettivi e soggetti presenti in quasi tutta Europa"" (b raw:109). NOTE the deliberate divergence from my Aphrodite row in this same batch, where ""36 websites ... taken down"" was coded content-delisting: there the takedown sat beside 123 social-media accounts in one platform-removal clause with no judicial instrument anywhere in the record; here the whole action is a prosecutor-ordered seizure operation. An auditor rejecting either call should re-decide both together. asset-seizure -- ""Around EUR 1.6 million in cryptocurrency and EUR 40,000 in cash seized"" (e raw:57), and the Italian records state the ground: ""sono state sottoposte a sequestro, in quanto ritenute profitto dei reati consumati criptovalute per oltre 1.650.000 di euro e denaro contanti per oltre 40.000 euro"" (b raw:117) -- proceeds, not evidence cash. NOT coded asset-seizure: ""270 IPTV equipment/devices seized"" and ""Various drugs and weapons seized"" (e raw:51, 55) -- contraband/evidence. NOT coded content-delisting: social channels, groups, accounts, forums and blogs advertising the service were DETECTED, not removed (a raw:137). NOT coded end-user-action: 22 million users, no action against any of them stated. NOT coded blocking-order / payment-disruption / intermediary-process / voluntary-transfer.
JUDICIAL: arrests n=11 -- ""11 people arrested"" (e raw:43), ""uhićeno 11 osoba"" (c raw:75), ""11 ordinanze di custodia cautelare"" (a raw:125). The 102 figure is suspects investigated (""The investigation targeted 102 suspects"", e raw:37), not arrests. indictments pending -- the Catania proceeding is at the accusation stage under an explicit presumption-of-innocence reservation: ""fermo restando la presunzione d'innocenza degli indagati valevole ora e fino a condanna definitiva"" (b raw:111) and the offence qualification is expressly provisional: ""un sodalizio – qualificato giuridicamente sulla base delle attuali contestazioni di questo Ufficio come associazione a delinquere a carattere transnazionale"" (b raw:115). The two further cites are a corpus-search follow-on (below). imprisonments not-reported -- the 11 Croatian ""ordinanze di custodia cautelare"" are PRE-TRIAL detention orders, not custodial sentences imposed; v2 counts only custody actually imposed as a sentence component, so this row has none. convictions not-reported.
⚠ CORPUS-SEARCH FOLLOW-ON (cited, identity contested): wiki/sources/2025-10-17_policija-gov-hr_dovrseno-12-osumnjicenika-tspd-iptv.md -> raw/press-releases/2025-10-17_policija-gov-hr_dovrseno-12-osumnjicenika-tspd-iptv.md is USABLE (Croatian Police body at raw:63-79) and states: ""Radi se o nastavku kriminalističkog istraživanja započetog 26. studenog 2024. godine protiv organizatora ilegalne IPTV usluge pod nazivom TSPD, ukupno njih 14, a koje je bilo provedeno u koordiniranoj akciji EUROPOL-a na području devet europskih država."" (that raw:73) -- a continuation of the investigation begun 26 November 2024, i.e. THIS operation's action day, in a Europol-coordinated action; and it reports the judicial referral: ""U sklopu kriminalističkog istraživanja obavljene su pretrage, a nakon čega su svi osumnjičeni predani pritvorskom nadzorniku. Uredu za suzbijanje korupcije i organiziranog kriminaliteta podnijeta je kaznena prijava."" (that raw:79) -- searches conducted, all suspects handed to the custody supervisor, criminal complaint filed with USKOK against 12 suspects (2 administrators/moderators + 10 resellers, that raw:75). Coded onto this parent row under the v2 follow-on rule; it does not change the value (pending either way) but it does move latest_record_date to 2025-10-17, which is the honest right-censoring point if the identity holds. ⚠ THE WIKI CONTRADICTS ITSELF ON THIS: the same source page's Relevance section calls it ""a distinct case from Operation Taken Down (which involved Croatian arrests but targeted a different, larger network)"" while its Source Summary calls it a continuation of the 26 November 2024 action -- and the raw itself says the latter. Reported as a corpus defect for the coordinator; if the identity is rejected, drop the two 2025-10-17 cites and latest_record_date reverts to 2024-11-28. The 12 referred suspects were NOT added to any count: the Oct 2025 detentions (""predani pritvorskom nadzorniku"") are not described as arrests and the 12 overlap the 11/14 unknowably.
ALIAS CAVEAT (not coded): the UEFA capture describes ""Operation Kratos, carried out in summer 2024"" as ""led by the Republic of Bulgaria's Ministry of the Interior"" with ""112 searches and seizures of equipment as well as 102 suspects identified, with 11 subsequent arrests"" and 22 million users (d raw:61, 63) -- identical aggregates to this operation but a different lead and a different season, which the operation page itself flags as unestablished (op page:125-126). UEFA is therefore cited in NO cell; every coded figure comes from records that name this action day. Nothing in the coding depends on the alias being right or wrong.
RECONSTITUTION: not-reported. No cited record carries an affirmative post-action status for the dismantled infrastructure. The February 2026 Eurojust follow-on is a NEW action built ""following analysis of data seized during the earlier Operation Taken Down"" (g raw:31) -- new targets, not evidence that these targets came back or stayed down -- and the wiki records it as the separate Operation Switch Off row. ""Over 560 resellers identified"" (e raw:53) is an unactioned population, not durability evidence. The page's only callout concerns the Kratos alias, not succession or effectiveness, so open-question was not used.
OTHER FIGURES (no column): 22 million users; over 2,500 pirated TV channels; EUR 250 million per month and ~EUR 3 billion per year illegal turnover with over EUR 10 billion damage to pay-TV operators (a raw:129, 135); 3 higher-level administrators located in England and the Netherlands and 80 stream control panels (a raw:133) -- located, not arrested; victim platforms named as SKY, DAZN, MEDIASET, AMAZON Prime, NETFLIX, PARAMOUNT, DISNEY+ (b raw:111; the Polizia di Stato list at a raw:127 omits DAZN and is otherwise identical); over 40 Italian cities (a raw:139) with 41 named at b raw:121."
REG-2024-0051,walk-2026-08-17,DIN-2,"Directorate of Enforcement (ED), Ahmedabad Zonal Office",le,1,https://enforcementdirectorate.gov.in/media/press-release-documents/5bef21e1-01a2-41fb-b358-bd2260b2db45_Press%20Release-%20-Search-Magicwin%2017122024%201.pdf,2024-12-17,,2024-12,PRESS RELEASE,,live-sports-stream,,true,"BORDERLINE: Magicwin is primarily an online betting exchange; the predicate FIR (Copyright Act / IT Act) is for unauthorised hosting/streaming/broadcasting of ICC Men's T20 World Cup 2024 matches (rights: Star India), and the ED action is a PMLA money-laundering case built on it. Coded in scope as live-sports-stream on the illegal-broadcast predicate; coordinator may exclude as a betting case.",independent,,india; pakistan; united-arab-emirates; philippines; united-kingdom,india,"Directorate of Enforcement (ED), Ahmedabad Zonal Office; Cyber Crime Police, Ahmedabad; Special Court (PMLA), Ahmedabad",domestic,,false,,false,coder,arrest-search; asset-seizure,true,,true,"fetch: both URLs are PDFs; tools/fetch_text.py printed raw PDF bytes (8028/2833 'words' of binary), so the files were re-downloaded with curl_cffi (200) and text-extracted with PyMuPDF (DIN-2.txt 437 words, 1 page; DIN-2_2.txt 360 words, 2 pages) -- rung recorded as curl_cffi+pymupdf; quotes are character-exact against the extracted text (PDF line breaks preserved as \n inside quotes). TWO releases coded onto one row: (1) search release dated 'PRESS RELEASE 17.12.2024' (row URL; the PDF has no headline, so title_original is the document header) and (2) prosecution-complaint release dated 'Press Release 18.01.2026' (https://enforcementdirectorate.gov.in/media/press-releases/0dc71a69-9885-406c-a1d2-3c58f79e0f5d_Press%20Release%20-%20PC-Magicwin%2017.01.2026(3)%20(1).pdf; DIN-2_2.txt) -- the indictments quote comes from (2). action_date 2024-12 = searches on 10.12.2024 and 12.12.2024 (68 searches in the case to date; total seizure/freezing Rs 3.55 crore per release 1, 'Rs 2.5 Crore' per release 2 -- conflicting totals, both quoted in the releases). India only executes; Pakistan (owners' nationality), UAE (operators in Dubai), Philippines (where the games are played), UK (Magicwin Sports Limited registered) are named without any executing role. Stratum: ED Ahmedabad + Cyber Crime Police Ahmedabad (registered the predicate FIR on which ED's case rests) named -> two organisations -> cooperative under the REGISTER clause (if a predicate-FIR agency is not an 'operational role', it is domestic); Star India Pvt. Ltd and ICC are named only as rights-holder/grantor (victim) -> not counted; the Special Court (PMLA) is the forum for the complaint (not counted for the stratum, listed for completeness). Judicial: prosecution complaint filed 15.01.2026 before the Special Court (PMLA) Ahmedabad arraigning '14 individuals/entities' -- natural persons cannot be separated from legal persons -> yes-uncounted (instrument count 1, accused 14 mixed); no arrests stated in either release -> not-reported; 'Further Investigation is under progress'. Modality: searches at 21 locations (arrest-search); bank funds frozen/seized (asset-seizure). No site/domain action stated. Directors named in release 2 (Gulab Harji Mal, Omesh Kumar Gurnani) -- persons, notes only. [2026-08-17 coordinator: stratum cooperative->domestic by the states-only rule (DE CODEBOOK s.3 v1.11+); coder's value kept as stratum_as_coded] [2026-08-18 coordinator, re-read (4 verifiers, CODING v4): needs_review set to match the coder's own BORDERLINE scope_reason (PMLA betting/money-laundering case whose predicate is unauthorised cricket streaming); asset-seizure kept under CODING v4 (a): 'Bank funds ... were frozen'. Right-censoring: the indictments cell comes from the 18.01.2026 follow-on release merged into a row dated 2024-12-17]"
REG-2024-0052,walk-2026-08-17,B2,Guardia di Finanza,le,1,https://www.gdf.gov.it/it/gdf-comunica/notizie-ed-eventi/comunicati-stampa/anno-2024/dicembre/violazione-della-normativa-sul-diritto-dautore-e-reinvestimento-dei-relativi-proventi-illeciti,2024-12-18,,2024-12-18,Violazione della normativa sul Diritto d'Autore e reinvestimento dei relativi proventi illeciti Napoli - Eseguite misure cautelari nei confronti di tre persone,,iptv-service,,true,,independent,,italy,italy,"Nucleo di Polizia Economico-Finanziaria della Guardia di Finanza di Napoli; Nucleo Speciale Tutela Privacy e Frodi Tecnologiche di Roma; Ufficio di Procura – Sezione III, Criminalità Economica; G.I.P. del Tribunale di Napoli",domestic,,false,,false,none,arrest-search; domain-seizure; blocking-order; asset-seizure; hosting-takedown; end-user-action,true,,false,"publish_date 'Data di pubblicazione : 18 dicembre 2024'; action 'in data odierna' = same day. Title as rendered on the page (heading + subheading joined by ' '). Stratum: Italy only (accounts 'italiani ed esteri' name no state) but four named organisations with a role in THIS action (two GdF units executing, the Procura directing the investigation, the GIP that issued the executed order) -> cooperative by the orgs rule. arrests n=1 = the promoter placed in custodia cautelare in carcere (pre-trial custody counted at the arrest stage per CODING.md); the two associates got obbligo di presentazione (not custody) - three persons under precautionary measures in total. indictments=pending: IT indagini preliminari / persone sottoposte a indagini (pre-charge; local term 'indagati'/'sottoposte a indagini'). Modality: 46 sites - 19 'inibiti' during the investigation (blocking-order) and 27 'oggetto di sequestro' today (domain-seizure) incl. the 'sito madre' redirect hub; 64 crypto wallets frozen (asset-seizure); an abusive server room seized (hosting-takedown); end-user-action coded on the identification of >6,000 users plus the announced administrative fines EUR 150-5,000 - NOTE the fines sentence is FUTURE tense ('saranno irrogate'); if the coordinator requires the fine to have been imposed, drop the code and keep the identification only. Release also reports CSAM files and cannabis found at the promoter's premises (out of scope, not coded). No durability statement; the 'sito madre' redirect describes the service's own pre-action domain-hopping, not post-action reconstitution. [STRATUM recomputed under REGISTER.md as revised 2026-08-17 (states only; organisation counts play no part): countries_executing=['italy'] -> domestic; first-pass value under the old orgs clause was 'cooperative' - the org-count/'complainant-counted'/'same-force-units' remarks above are now descriptive only (private_named covariate).]"
REG-2024-0053,de,DOM-2024-1012,Hellenic Police (Ελληνική Αστυνομία),le,1,https://www.astynomia.gr/2024/12/19/19-12-2024-apo-ti-diefthynsi-dioxis-ilektronikou-egklimatos-synelifthi-48chronos-gia-paranomi-polisi-syndromitikon-tileoptikon-kanalion/,2024-12-19,,2024-12-17,Από τη Διεύθυνση Δίωξης Ηλεκτρονικού Εγκλήματος συνελήφθη 48χρονος για παράνομη πώληση συνδρομητικών τηλεοπτικών καναλιών,,iptv-service,,true,"seller of pay-TV channels using stolen subscriber credentials, decoding/re-encoding and retransmitting to reseller-run servers",independent,,greece,greece,Διεύθυνση Δίωξης Ηλεκτρονικού Εγκλήματος,domestic,,false,,false,none,arrest-search,true,,false,"Agrees with DE domestic. 11,000 EUR cash seized in the house search and to be deposited with the Deposits and Loans Fund = evidence under CODING v4, PRIOR CODE asset-seizure withdrawn 2026-08-18 (the release does not call it evidence; the first coder coded asset-seizure uniformly across the Greek rows where a cash sum is seized -- a house convention, not the record). 119 IPTV receivers, routers, switches = the accused's decoding/retransmission equipment seized in home searches — not coded hosting-takedown because no server/hosting is stated seized or shut (his output went to reseller-run servers, untouched). indictments=pending referral-inferred. Word count includes capture frontmatter and DE extraction notes; quotes from Extracted Text only. [2026-08-18 coordinator, re-read (4 verifiers, CODING v4): asset-seizure REMOVED under CODING v4 (VALUE not THINGS): EUR 11,000 cash inside the house-search list; the coder's note says it was coded by a house convention across Greek rows; no δέσμευση/δήμευση, no account, no crypto. The general search sentence stays as the arrest-search quote]"
REG-2024-0054,ic,ace-markkystreams-vietnam-hanoi-live-sports-piracy-civil-settlement-2024-12,Alliance for Creativity and Entertainment (ACE),coalition,1,https://www.alliance4creativity.com/news/ace-shutters-one-of-the-largest-live-sports-piracy-rings-in-the-world/,2024-12-20,,,ACE Shutters One of the Largest Live Sports Piracy Rings in the World,capture,iptv-service,pool-default,true,IC census row: pool tag illegal-iptv-ic; medium defaults to iptv-service (re-read as found),independent,,,,(wiki participating_agencies #1); (wiki participating_agencies #2),domestic,wiki-fields,false,,true,wiki-flag,voluntary-transfer,false,publisher_type=coalition,false,"converted from paper2/coding/ace-markkystreams-vietnam-hanoi-live-sports-piracy-civil-settlement-2024-12.json (coder agent-pilot-A, 2026-08-13); date_source=raw-frontmatter; source_of_record=raw/press-releases/2024-12-20_ace_markkystreams-largest-live-sports-piracy-ring-138-domains.md; tier_basis=raw-dir:press-releases; other_cited_captures=1; quotes are the cited lines as of the coding date; stratum from wiki fields (participating_countries=0, participating_agencies=2); official_release_sourced=True. All three captures usable. Modality: coded voluntary-transfer only — the operative mechanism is a settlement handover: ""Through an intensive, global investigation, ACE identified and approached the sites’ Hanoi-based operators, who agreed to immediately transfer 138 domains to ACE."" (ACE raw:35). Did NOT code domain-seizure although its definition includes bare 'redirect' and the record states ""All sites will be redirecting to the ACE “Watch Legally” page."" (ACE raw:43) and The Desk says the domains were ""seized"" (thedesk raw:149) — coding both would make voluntary-transfer never distinguish anything; flagged as a manual ambiguity. Judicial: all cited records are silent on arrests, charges, convictions, sentences (no LE proceeding stated), hence not-reported across the block; frontmatter results zeros are seeds, not statements of 'none reached'. latest_record_date: The Desk body byline states ""December 23, 2024"" (thedesk raw:133) while the capture frontmatter and wiki source page carry publish_date 2024-12-20 — used the in-document byline date; discrepancy noted. Reconstitution: capture-cited relaunch report at thedesk raw:143: ""The crackdown led to the group transferring control of nearly 140 domain names to ACE, though a quick search of social media platforms like Reddit and X (formerly Twitter) showed new domains for StreamEast and CrackStreams were already up and running."" The operation page ADDITIONALLY flags an unresolved succession question (streameast[dot]to transferred Dec 2024 vs the Streameast-branded network criminally pursued in Egypt Sept 2025 — same operator, copycat, or successor unresolved; wiki/operations/ace-markkystreams-vietnam-hanoi-live-sports-piracy-civil-settlement-2024-12.md:189), which independently satisfies the open-question value. Column 3 is single-valued and gives no precedence rule; chose the raw-capture-cited relaunch report over the page-flagged open question per the citation ladder (raw > page). Contradiction preserved on the page and relevant to modality context: ACE's own release names no LE, but The Desk states ""A global entertainment trade group has worked with law enforcement authorities in Vietnam to target and close an illicit online sports television service."" (thedesk raw:137) — LE engagement asserted, but no judicial stage stated, so judicial coding unchanged."
REG-2025-0001,de,DOM-2025-1007,Hellenic Police (Ελληνική Αστυνομία),le,1,https://www.astynomia.gr/2025/01/30/30-01-2025-synelifthi-44chronos-imedapos-stin-kefalonia-gia-paranomi-anametadosi-syndromitikon-kanalion/,2025-01-30,,2025-01-30,"Συνελήφθη 44χρονος ημεδαπός στην Κεφαλονιά, για παράνομη αναμετάδοση συνδρομητικών καναλιών",,iptv-service,,true,"release alleges illegal retransmission/sharing of pay-TV channel signal; borderline thin — seized items are one laptop, one Android box, one phone",independent,,greece,greece,Τμήματος Δίωξης και Εξιχνίασης Εγκλημάτων Αργοστολίου; Διεύθυνση Δίωξης Ηλεκτρονικού Εγκλήματος; Εισαγγελίας Πρωτοδικών Κεφαλληνίας,domestic,,false,,false,none,arrest-search,true,,false,"Agrees with DE domestic (Greece only; Argostoli police with Cyber Crime Division assistance; prosecutor ordered preliminary examination). indictments=pending is referral-inferred: arrested person to be led to the misdemeanour prosecutor (Greek police δικογραφία, not a court charge). Complainant unnamed. Regional (Ionian Islands) press office dateline Κέρκυρα. Word count includes capture frontmatter and DE extraction notes; quotes from Extracted Text only."
REG-2025-0002,ic,pickletv-tvchamp-korea-vietnam-isop-piracy-takedown-2025,The Korea Times,other,2,https://www.koreatimes.co.kr/www/nation/2025/02/281_391905.html,2025-02-10,,,Illegal Korean content streaming operators caught in Vietnam - The Korea Times,capture,iptv-service,pool-default,true,IC census row: pool tag illegal-iptv-ic; medium defaults to iptv-service (re-read as found),independent,,south-korea; vietnam,south-korea; vietnam,(wiki participating_agencies #1); (wiki participating_agencies #2); (wiki participating_agencies #3); (wiki participating_agencies #4); (wiki participating_agencies #5); (wiki participating_agencies #6),cooperative,wiki-fields,false,,true,wiki-flag,arrest-search,false,publisher_type=other,false,"converted from paper2/coding/pickletv-tvchamp-korea-vietnam-isop-piracy-takedown-2025.json (coder agent-w2-2, 2026-08-13); date_source=raw-frontmatter; source_of_record=raw/news/2025-02-10_koreatimes_illegal-korean-content-streaming-operators-caught-vietnam.md; tier_basis=raw-dir:news; other_cited_captures=0; quotes are the cited lines as of the coding date; stratum from wiki fields (participating_countries=2, participating_agencies=6); official_release_sourced=True. CAPTURE TIERS. The tier-1 record is the WEAKER capture here. raw/press-releases/2025-02-10_mcst_pickletv-tvchamp-vietnam-korea-isop-piracy-takedown.md is RECONSTRUCTION tier: no verbatim MCST body survives in it, only an agent-authored digest under editorial headings — ""## Summary (verified from MCST + secondary tier-1 corroboration)"" (raw:21), ""## Why this matters (L24/L26 compliance)"" (raw:38), ""## Key findings (extracted)"" (raw:42) — with L-rule citations inside the capture itself. Nothing is cited from it. raw/news/2025-02-10_koreatimes_illegal-korean-content-streaming-operators-caught-vietnam.md is USABLE (curl_cffi, 479 words, full article with byline ""By Baek Byung-yeul Published Feb 10, 2025 3:51 pm KST"", raw:45), and every coded cell rests on it — a tier-2 English daily reporting the ministry's release, which the source page grades reliability medium-high / credibility probably-true. CONFLICT between the two captures, resolved for the usable one: the Korea Times says the ringleader was intercepted ""after being denied entry into Thailand"" (raw:55) while the MCST digest says ""검거 시점: 한국으로 입국하려던 총책 1명을 **인천국제공항** 에서 (베트남 출입국 금지 조치 후 한국 송환되어) 신병 확보; 공범 1명은 자수."" (mcst raw:36) — a Vietnamese exit ban rather than a Thai entry denial. The operation page follows Thailand (op:64, op:120); so do I, noting that the disagreeing record is the agent-reconstructed one. MODALITY. arrest-search only: ""Two individuals suspected of running illegal video streaming sites in Vietnam have been apprehended, the Ministry of Culture, Sports and Tourism said Monday."" (kt raw:51) and ""The investigation team apprehended one suspect at Incheon International Airport in December after being denied entry into Thailand. The other suspect voluntarily turned themselves in, leading to the arrest of both individuals."" (kt raw:55). NOTHING ELSE IS CODABLE, and that is the substantive finding for this row: no cited record states that any authority seized a domain, seized or shut a server, blocked access, delisted content, disrupted a payment channel, or froze an asset. The frontmatter agrees (results.servers_seized 0, domains_seized 0, cryptocurrency_seized empty, op:57-60). CORPUS DEFECT (wiki side): the operation page's results.other asserts ""PickleTV (픽클TV) and TV Champ (TV챔프) streaming sites taken offline."" (op:66) and the Results section repeats ""the takedown of PickleTV and TV Champ"" (op:161) — NO cited capture says an authority took the sites offline, and the usable record says the operators ran them ""from April 2022 to July 2024"" (kt raw:59), i.e. site activity ceased about five months BEFORE the December 2024 arrest. The claim should be sourced or dropped. Also uncoded because no enforcement act attaches to it: the operators' evasion infrastructure — ""To evade law enforcement, the suspects established a company in Vietnam and hired Vietnamese nationals as developers and personnel managers. They also set up overseas servers in third countries and used a U.S. company's content delivery network service to disguise themselves as a legitimate business."" (kt raw:63) — the operation page itself records that whether the U.S. CDN received a subpoena or domain-control action is undisclosed (op:94, op:169), so intermediary-process is NOT coded. JUDICIAL. arrests n=2 (kt raw:51, raw:55); note that one of the two was not seized but surrendered — the protocol counts him under arrests because the record says ""leading to the arrest of both individuals"". indictments/convictions/imprisonments not-reported: no cited record states a charging decision, and the operation page confirms the silence is real rather than my gap — ""No public sentencing, conviction, or asset-recovery event for the PickleTV / TV Champ case is documented through 2026-05-28. The Daejeon District Prosecutors' Office's charging-document phase and the subsequent district-court trial timeline are not publicly disclosed in accessible materials."" (op:189). I did NOT code indictments as pending: unlike the other prosecutorial rows in this batch, no record here says proceedings are underway, referred or awaited for this defendant pair. latest_record_date 2025-02-10 = both records' publication date (the Korea Times page carries ""Updated Feb 11, 2025 2:00 pm KST"", kt raw:47; byline date preferred per protocol). RECONSTITUTION not-reported: no cited record speaks to what happened to PickleTV or TV Champ after the arrests. ⚠ NOT CODED FROM, deliberately: the same Korea Times article ends with two paragraphs about a DIFFERENT operation — ""Noonoo TV has been caught and shut down twice, but it has caused a huge wave by resuming service by moving servers to other countries and changing domain names."" (kt raw:71). That is textbook relaunch evidence, but it belongs to korea-mcst-knpa-interpol-noonoo-tvwiki-oktoon-streaming-piracy-takedown-2024, not to this row. CORPUS SEARCH (PickleTV | 픽클 | TV Champ | TV챔프 | Lucius House | Wunderlab over wiki/sources/) returned four files: the two cited pages, the sources index, and wiki/sources/2026-06-12_mcst_korea-vietnam-kwebtoon-3sites-takedown.md, whose only PickleTV mention is a methodological cross-reference to this operation as a sourcing precedent (that page:45) — not a record about this action. No linkage gap found."
REG-2025-0003,de,DOM-2025-1006,Hellenic Police (Ελληνική Αστυνομία),le,1,https://www.astynomia.gr/2025/02/13/13-02-2025-synelifthisan-2-atoma-gia-ypothesi-paranomis-polisis-kai-anametadosis-syndromitikon-tileoptikon-kanalion/,2025-02-13,,2025-02-10,Συνελήφθησαν -2- άτομα για υπόθεση παράνομης πώλησης και αναμετάδοσης συνδρομητικών τηλεοπτικών καναλιών,,hybrid,,true,40-year-old installed software showing pirated pay-TV to customers of a 58-year-old's venue and sold configured devices giving illegal access for a subscription,independent,,greece,greece,Υποδιεύθυνση Δίωξης Ηλεκτρονικού Εγκλήματος Βορείου Ελλάδος,domestic,,false,,false,none,arrest-search,true,,false,Agrees with DE domestic. Felony-grade case file (κακουργηματικού χαρακτήρα δικογραφία). indictments=pending referral-inferred. Word count includes capture frontmatter and DE extraction notes; quotes from Extracted Text only.
REG-2025-0004,walk-2026-08-17,DIN-1,"Directorate of Enforcement (ED), Mumbai Zonal Office",le,1,https://enforcementdirectorate.gov.in/media/press-release-documents/64885e91-218a-4870-8f9c-0ac864fee193_Press%20Release%20-Arrest%20Fairplay-14022025.pdf,2025-02-14,,2025-02-12,"PRESS RELEASE 14.02.2025 — Directorate of Enforcement (ED), Mumbai Zonal Office has arrested two persons namely Chirag Shah and Chintan Shah on 12.02.2025 under Prevention of Money Laundering Act (PMLA), 2002 as part of the ongoing probe in the case of “Fairplay”",,live-sports-stream,,true,'Fairplay' platform involved in illegal broadcasting of cricket/IPL matches and illegal online betting; the ED action is a PMLA money-laundering probe of the platform's operators (borderline: betting + broadcasting),independent,,india; united-arab-emirates,india,"Directorate of Enforcement (ED), Mumbai Zonal Office; Special Court (PMLA), Mumbai; Viacom18 Media Pvt Limited",domestic,,false,,false,none,arrest-search; asset-seizure,true,,false,"FETCH: the URL is a PDF; fetch_text.py has no PDF rung and printed raw bytes, so the text was extracted with pymupdf from the same curl_cffi download (script _pdf_fetch.py in the output dir; 1 page, 241 words). PDF text is line-wrapped, so quotes are single physical lines. publish_date 'PRESS RELEASE 14.02.2025'; action_date = arrests 'on 12.02.2025'. The candidate lists four ED releases for one case (searches 2024-10-29, PAO 2024-11-25, this arrest 2025-02-14, Dubai assets 2025-09-22); this row is coded from the ARREST release only, which itself recites the earlier searches (12.06.2024, 27.08.2024, 27.09.2024, 25.10.2024) and PAOs (22.11.2024, 26.12.2024, 15.01.2025) and the cumulative attachment/seizure Rs. 344.15 Crore - all coded as one action (arrest-search + asset-seizure); the other three PDFs were not fetched (the coordinator may add them as further cites). India executing; UAE named only via the Dubai entity Wohlig Transformation FZE LLC (countries_named). Cooperative on orgs: ED (acting), Special Court (PMLA) Mumbai (granted ED custody - role in this action), Viacom18 (named rights-holder that registered the FIR with Nodal Cyber Police Mumbai - flag 'complainant-counted'; row is cooperative without it). arrests n=2 (Chirag Shah, Chintan Shah; ED custody = pre-trial). No charge/prosecution complaint stated ('Further investigation is under progress') -> indictments not-reported. Scope borderline: illegal IPL broadcasting + illegal betting platform. [STRATUM recomputed under REGISTER.md as revised 2026-08-17 (states only; organisation counts play no part): countries_executing=['india'] -> domestic; first-pass value under the old orgs clause was 'cooperative' - the org-count/'complainant-counted'/'same-force-units' remarks above are now descriptive only (private_named covariate).]"
REG-2025-0005,ic,spain-policia-laliga-ace-cartagena-iptv-videogames-takedown-2025,Policía Nacional (Spain),le,1,https://www.policia.es/_es/comunicacion_prensa_detalle.php?ID=16466,2025-02-17,,,La Policía Nacional bloquea seis páginas web dedicadas a la difusión ilícita de videojuegos y contenido audiovisual IPTV,capture,iptv-service,pool-default,true,IC census row: pool tag illegal-iptv-ic; medium defaults to iptv-service (re-read as found),independent,,spain,spain,(wiki participating_agencies #1); (wiki participating_agencies #2); (wiki participating_agencies #3),domestic,wiki-fields,false,,true,wiki-flag,blocking-order; arrest-search; asset-seizure,true,,false,"converted from paper2/coding/spain-policia-laliga-ace-cartagena-iptv-videogames-takedown-2025.json (coder agent-w2-3, 2026-08-13); date_source=raw-frontmatter; source_of_record=raw/press-releases/2025-02-17_policia-es_bloquea-seis-paginas-web-videojuegos-iptv-cartagena.md; tier_basis=raw-dir:press-releases; other_cited_captures=0; quotes are the cited lines as of the coding date; stratum from wiki fields (participating_countries=1, participating_agencies=3); official_release_sourced=True. CAPTURE TIER: USABLE. raw/press-releases/2025-02-17_policia-es_… (curl_cffi, http 200, 865 words) carries the verbatim Spanish release — headline and standfirsts at raw:111-121, body at raw:123-135 — inside heavy policia.es site chrome (raw:33-109, raw:139-221). One handling note: raw:25, ABOVE the '## Extracted Summary' heading, is an agent-written Spanish digest of the release, not release text; it is reconstruction and is not cited (it also drifts from the original — it writes 'granja de minería de criptomonedas' where the release says 'granja de minado', and 'equipo de minería de alto rendimiento' where the release says 'equipos informáticos de alto rendimiento'). MODALITY: blocking-order — the release's verb is bloquear throughout, from the headline 'La Policía Nacional bloquea seis páginas web dedicadas a la difusión ilícita de videojuegos y contenido audiovisual IPTV' (raw:113) to the lede 'Agentes de la Policía Nacional han bloqueado seis páginas web dedicadas a la difusión ilícita de videojuegos y contenido audiovisual IPTV.' (raw:123). NOT domain-seizure: no seizure, transfer, redirect or banner is stated for the six sites, and the operation page reaches the same conclusion explicitly ('recorded here because the action was a blocking measure, not a domain seizure; domains_seized stays 0 structurally') — a correctly-resisted frontmatter seed, unlike several other rows in this census. The release does not say what instrument the blocking ran on (no court order, no ISP, no registrar is named); it is coded on the verb. arrest-search — 'Han sido detenidas tres personas en Cartagena (Murcia), Coria del Río (Sevilla) y Móstoles (Madrid)' (raw:123) and the house search, 'se realizó una entrada y registro en el domicilio del líder de la organización' (raw:135). asset-seizure — 'donde se han intervenido 72.000 euros, criptoactivos, un vehículo de alta gama y multitud de equipos informáticos de alto rendimiento.' (raw:135, standfirst version at raw:117). This is proceeds seizure, not evidence collection: the release's own frame is that the network diverted and laundered its profits ('usurpaban identidades mediante documentación falsa para desviar los beneficios que obtenían y que blanqueaban a través de una “granja de minado” de criptomonedas', raw:123), so the cash, the cryptoassets and the high-end vehicle are laundered proceeds. The high-performance computing equipment is instrumentality/evidence and is not what carries the code. NOT coded: hosting-takedown — no server or hosting infrastructure is stated seized or shut down; the mining rigs at the leader's home are the LAUNDERING vehicle, not the streaming infrastructure, and reading them as a server seizure would be a category error (the operation page keeps servers_seized 0, correctly). payment-disruption — the mining farm was seized as an asset, but no processor or advertising cutoff is described. end-user-action — more than 16,000 paying users are quantified ('seis páginas web, dirigidas dese la ciudad murciana de Cartagena, que proporcionaban suscripciones de IPTV (películas, series y fútbol) así como videojuegos a más de 16.000 usuarios que abonaban diferentes tarifas por el servicio ilícito.', raw:127 — the typo 'dese' for 'desde' is the original's) but NO action against any of them is stated; the users are a scale measure only. content-delisting, intermediary-process, voluntary-transfer — no supporting verb. JUDICIAL: arrests n=3 (raw:123, restated at raw:135, 'se llevó a cabo su arresto en las ciudades de Cartagena, Coria del Río y Móstoles'); the three roles are enumerated as leader (Cartagena), socio (Coria del Río) and ayudante (Móstoles) at raw:129, so the count is also derivable from enumeration. indictments not-reported, and this was the row's one real judgement call. The release repeatedly calls the leader 'el principal investigado' (raw:117, 123, 135), which in Spanish procedure since 2015 is the formal status of a person subject to a judicial investigation, and the house search implies a judicial warrant — so a proceeding demonstrably exists. I still coded not-reported rather than pending because v2 requires the RECORD to state that proceedings are underway, referred or awaited, and this release states none of that: it reports a completed police action and stops. This is deliberately a narrower call than the one I made on germany-zcb-kripo-weiden-…, where the prosecuting authority wrote in terms that the investigations continue; here there is no such sentence. The operation page agrees ('indictments/convictions are structural zeros, not verified outcomes'; 'reports no indictment stage; whether prosecutions followed is unknown from this source'). convictions and imprisonments not-reported — no cited record reaches either stage; detention on arrest is not an imposed custodial sentence. latest_record_date 2025-02-17 = the release date, the only record. The row is right-censored at the arrest/blocking stage roughly 18 months before coding, with no follow-on record anywhere in the corpus. RECONSTITUTION: not-reported. The release says nothing about the six sites after the blocking — no down-status check, no relaunch, no successor, and the sites are not even named, which forecloses any later verification from this record. No other record about this action exists. CONTEXT (not coded): the case's distinguishing feature is the laundering layer — 'Esta actividad les permitía ingresar adicionalmente 6.000 euros mensuales y, al mismo tiempo, blanquear de esta forma los beneficios obtenidos ilícitamente con las plataformas web.' (raw:133), on top of more than EUR 1,100,000 in subscription profit (raw:129). Referral structure: 'La investigación se inició en 2022 tras recibirse sendas denuncias de dos entidades del sector audiovisual y de entretenimiento' — Mediaproducción SLU (LaLiga) and ACE, one complaint each, not a joint filing (raw:125); both referrers are private, so this is a single-sovereign rights-holder-referral action, as the operation page's missing_fields already records. CORPUS SEARCH (grep -rlie 'cartagena|coria del r|granja de minado|16.000 usuarios' over wiki/sources/): the only hit is the single cited source page. NO linkage gap, and no second record exists for this action anywhere in the corpus. CORPUS DEFECTS FOUND (minor, reported not fixed): (1) NEW — the operation page's Results and Impact says 'high-performance mining equipment seized', but the release's seizure list says 'multitud de equipos informáticos de alto rendimiento' (high-performance COMPUTER equipment, raw:135); the mining farm is described separately (raw:133) and the release never identifies the seized machines as the mining rigs. The results.other bullet hedges this correctly ('computer/mining rigs') while the prose does not. (2) NEW — the raw capture's own preamble line (raw:25) paraphrases the release with two altered terms ('granja de minería de criptomonedas' for 'granja de minado'; 'equipo de minería' for 'equipos informáticos'), which is likely where the prose drift entered; the preamble sits inside an otherwise verbatim capture and could be mistaken for release text. (3) MINOR — frontmatter enforcement_type lists 'takedown' where the record's only site-level verb is blocking; the page's own results.other note flags the distinction, so the structured field is the outlier."
REG-2025-0006,walk-2026-08-17,CC4-11,Instituto Nacional de Defensa de la Competencia y de la Protección de la Propiedad Intelectual (Indecopi),ministry-regulator,1,https://www.gob.pe/institucion/indecopi/noticias/1117472-indecopi-ordena-el-bloqueo-de-128-sitios-web-piratas-que-transmitian-partidos-de-futbol-de-la-liga-1-sin-autorizacion,2025-02-27,,,Indecopi ordena el bloqueo de 128 sitios web piratas que transmitían partidos de fútbol de la Liga 1 sin autorización,,live-sports-stream,,true,,independent,,peru,peru,Comisión de Derecho de Autor del Indecopi; 1190 Perú I Latam S.A.C.,domestic,,false,,false,none,blocking-order,true,,false,"publish_date '27 de febrero de 2025 - 12:53 p. m.' / 'Lima, 27 de febrero de 2025'; the order's own date is not stated. Administrative precautionary blocking order (medida cautelar) by Indecopi's Copyright Commission against 128 sites re-streaming Liga 1 matches, on the application of the exclusive licensee 1190 Perú I Latam S.A.C. (named rights-holder with a role -> counts; cooperative on orgs). The eight named ISPs (Entel, Claro, Movistar, Bitel, WI-NET, Fiberlux, GTD, WOW Tel) are the compelled intermediaries executing the block and are NOT counted as participating organisations (flag if the coordinator counts them). Blocking only - no seizure, no persons. Peru domestic on the country axis. No durability statement. [STRATUM recomputed under REGISTER.md as revised 2026-08-17 (states only; organisation counts play no part): countries_executing=['peru'] -> domestic; first-pass value under the old orgs clause was 'cooperative' - the org-count/'complainant-counted'/'same-force-units' remarks above are now descriptive only (private_named covariate).]"
REG-2025-0007,ic,coda-cbep-china-zzzfun-anime-piracy-takedown-2025,Content Overseas Distribution Association (CODA),coalition,1,https://coda-cj.jp/en/news/683/,2025-02-28,,,Operator of Pirated Japanese Anime Site & App “ZzzFun” Arrested in China – First Criminal Crackdown in Hebei Province - Content Overseas Distribution Association（CODA）,capture,iptv-service,pool-default,true,IC census row: pool tag illegal-iptv-ic; medium defaults to iptv-service (re-read as found),independent,,china; japan,china; japan,(wiki participating_agencies #1); (wiki participating_agencies #2),cooperative,wiki-fields,false,,true,wiki-flag,arrest-search,false,publisher_type=coalition,false,"converted from paper2/coding/coda-cbep-china-zzzfun-anime-piracy-takedown-2025.json (coder agent-w1-3, 2026-08-13); date_source=raw-frontmatter; source_of_record=raw/press-releases/2025-02_coda_zzzfun-anime-piracy-first-criminal-crackdown-hebei.md; tier_basis=raw-dir:press-releases; other_cited_captures=1; quotes are the cited lines as of the coding date; stratum from wiki fields (participating_countries=2, participating_agencies=2); official_release_sourced=True. CAPTURE TIERS: both CODA captures are usable — curl_cffi fulltext with the verbatim release body inside site navigation chrome (nav lines flagged, body intact). MODALITY: arrest-search only — arrest 2025-02-11 by the Shijiazhuang PSB (683:55) and the home search ('Through a search of the suspect’s home conducted on October 15, 2024', 683:57). NO infrastructure action is stated in either release: neither reports seizure, blocking, or takedown of zzzfun.one or the app — the op page's operation_type/enforcement_type 'takedown' is frontmatter framing, not a record verb (frontmatter-seed caveat); note 'no infrastructure action stated'. The RMB 35,000 fine is a criminal penalty, not asset-seizure (no freeze/forfeiture reported). JUDICIAL: single-operator case. arrests n=1 ('was arrested on February 11, 2025, by the Public Security Bureau of Shijiazhuang in Hebei Province', 853:55). indictments n=1, derived-from-enumeration — the only charging evidence is that the sole defendant faced charges at trial ('In court, the defendant fully admitted to the charges', 853:57); no distinct indictment/prosecution-filing event or date is reported and no procuratorate is named (op page missing_fields concurs) — borderline, flagged. convictions n=1: 'On November 18, 2025, the Yuhua District People’s Court of Shijiazhuang in Hebei Province sentenced him to one year in prison and imposed a fine of RMB 35,000 (approximately JPY 800,000) for copyright infringement. The judgement became final following the expiration of the appeal period.' (853:55; the 683 release's 2026-02-18 update at 683:77 corroborates). imprisonments n=1 — custodial explicitly confirmed: 'it did not grant a suspended sentence. As a result, a prison sentence was finalized.' (853:61); a 1-year immediate prison term, not suspended, so it counts. Right-censoring at 2026-02-18. PUBLICATION-DATE CONFLICT: the arrest-stage release is dated 2025-02-28 in source-page/raw frontmatter (and '2025-02' in the slug), but the page byline displays '2025.03.06' (683:53) — byline over capture timestamp per manual; immaterial to latest_record_date (the 2026-02-18 finalisation release is later either way). RECONSTITUTION: neither release speaks to the site/app status after the arrest or verdict (no down-status, no successor, no relaunch) — not-reported, empty cites. CORPUS SEARCH ('zzzfun'): only the two already-cited sources exist in the corpus; no linkage gap."
REG-2025-0008,ic,germany-zcb-kripo-hof-pay-tv-streaming-action-2025,Generalstaatsanwaltschaft Bamberg / Zentralstelle Cybercrime Bayern (ZCB),prosecutor,1,https://www.justiz.bayern.de/gerichte-und-behoerden/generalstaatsanwaltschaft/bamberg/presse/2025/5.php,2025-03-10,,,Illegales Streaming im großen Stil – drei Tatverdächtige in Haft,capture,iptv-service,pool-default,true,IC census row: pool tag illegal-iptv-ic; medium defaults to iptv-service (re-read as found),independent,,germany,germany,(wiki participating_agencies #1),domestic,wiki-fields,false,,false,none,arrest-search; hosting-takedown; asset-seizure,true,,false,"converted from paper2/coding/germany-zcb-kripo-hof-pay-tv-streaming-action-2025.json (coder agent-w1-1, 2026-08-13); date_source=raw-frontmatter; source_of_record=raw/press-releases/2025-03-10_justiz-bayern-de_zcb-bamberg-pay-tv-streaming-30k-customers.md; tier_basis=raw-dir:press-releases; other_cited_captures=0; quotes are the cited lines as of the coding date; stratum from wiki fields (participating_countries=1, participating_agencies=1); official_release_sourced=True. CAPTURE TIER: the operation's only capture is RECONSTRUCTION - the raw's own heading says 'Verbatim summary' but the body is a consolidated English digest of the German release, refers to the announcement in the third person, and carries no German verbatim text; the operation page itself flags this ('The mirrored raw capture is a consolidated verbatim summary, not the full original German release text', missing_fields). Every coded cell is therefore page-level (page_only true). Modality: arrest-search = 18 Feb 2025 action day, 150+ officers across five Laender, three suspects taken into custody under Amtsgericht Bamberg warrants, 200+ digital devices secured (raw:15-19, 23). hosting-takedown = 'multiple servers used for illegal streaming shut down' (raw:23); server count undisclosed (op page keeps servers_seized 0 structurally). asset-seizure is a BORDERLINE CALL: the digest frames 'Assets seized: ~EUR 16,000 cash and ~EUR 35,000 in cryptocurrency' (raw:22); whether this is provisional evidence securing or Vermoegensabschoepfung (confiscation) is not stated - coded asset-seizure because the record's own framing is an asset seizure of cash+crypto, not device evidence. Judicial: arrests n=3 = suspects in pre-trial custody (Untersuchungshaft) on the action day (36yo Wunsiedel/BY, 59yo Rheinisch-Bergischer Kreis/NRW, 37yo Tuttlingen/BW, raw:15-18); no indictment, conviction or sentencing stage is reported (op page: structural zeros) and the capture does not state prosecution proceedings are underway, so indictments stay not-reported; pre-trial custody is not an imposed custodial sentence, so imprisonments not-reported. latest_record_date 2025-03-10 = Generalstaatsanwaltschaft Bamberg release date. Reconstitution: no record speaks to the service's post-action status. Corpus search ('Kripo Hof', 'Wunsiedel', 'Tuttlingen', '30,000 customers'): only the cited source page; no linkage gap. Single-sovereign record (held below the public IC bar per op page) - coded because it is a census row."
REG-2025-0009,walk-2026-08-17,B33,Policía Nacional,le,1,https://www.policia.es/_es/comunicacion_prensa_detalle.php?ID=16497,2025-03-17,,,La Policía Nacional desmantela una organización criminal dedicada a la distribución ilegal de contenidos audiovisuales,,hybrid,,true,"sale of decoders and admin panels giving access to cardsharing servers, marketed via a website -- ISD retail + cardsharing",independent,,spain,spain,Policía Nacional; Entidad de Gestión de Derechos de los Productores Audiovisuales (EGEDA),domestic,,false,,true,keywords,arrest-search,true,,false,"date_source: dateline 17/03/25. Action date not stated (investigation opened December 2023). Two further persons questioned as non-detained investigados (not counted as arrests). Laundered assets valued >EUR 3,252,000 are described but no seizure/freeze is stated -> no asset-seizure. Website that triggered the EGEDA complaint is not stated as seized. EGEDA counted as named rights-holder complainant -> 2 orgs -> cooperative under the REGISTER rule. The one EGEDA grep hit is the RapidIPTV Audiencia Nacional source (different case). [STRATUM RECOMPUTED 2026-08-17: REGISTER.md was revised mid-slice to the states-only rule (organisation counts play no part); this row was first coded cooperative on the org-count reading described above and is now domestic because countries_executing=1.]"
REG-2025-0010,de,DOM-2025-1003,Hong Kong Customs and Excise Department (via HKSAR Government Information Services),le,1,https://www.info.gov.hk/gia/general/202503/26/P2025032600568.htm,2025-03-26,,2025-03-25,Hong Kong Customs combats illegal streaming of TV channels and infringing anime videos (with photo),,hybrid,,true,"'digital TV retransmission station' web page streaming pay-TV and free-TV channels from home servers, plus a second site of on-demand anime",independent,,hong-kong,hong-kong,Hong Kong Customs,domestic,,false,,false,none,arrest-search; hosting-takedown,true,,false,Agrees with DE domestic ('overseas basketball matches' is content). hosting-takedown: three sets of computer servers used for streaming physically seized. Web pages not stated seized/blocked. Copyright owner unnamed. Word count includes capture frontmatter and DE extraction notes; quotes from Extracted Text only.
REG-2025-0011,walk-2026-08-17,CC1-1,Polizei Köln,le,1,https://koeln.polizei.nrw/presse/streaming-dienst-inhalte-an-etliche-nutzer-verteilt,2025-03-27,,2025-03-26,"Streaming-Dienst-Inhalte an etliche Nutzer ""verteilt""",,iptv-service,,true,pay streaming content received and resold to several thousand users via server/encoder setup; admin panel with ~4.000 registered users,independent,,germany,germany,Polizei Köln; Staatsanwaltschaft Köln,domestic,,false,,false,coder,arrest-search; end-user-action,true,,false,"[orgs-rule-only] Publisher on the page is Polizei Köln (candidate table said prosecutor); release opens 'Staatsanwaltschaft Köln und Polizei Köln geben bekannt'. No arrest stated (search only) -> arrests not-reported. indictments:pending = StA-led Ermittlungsverfahren, referral-inferred. Servers/receivers/encoders found in the cellar and evidence 'sichergestellt' but no explicit server seizure/shutdown verb -> hosting-takedown NOT coded (borderline). end-user-action coded on 'Alle festgestellten Nutzer ... erwarten nun ebenfalls Strafverfahren' — users identified via the admin panel, proceedings announced (prospective). Complainant 'ein Streaming-Dienst-Anbieter' unnamed. Stratum cooperative on the orgs rule only (police + prosecutor of one state). [2026-08-17 coordinator: stratum cooperative->domestic by the states-only rule (DE CODEBOOK s.3 v1.11+); coder's value kept as stratum_as_coded]"
REG-2025-0012,walk-2026-08-17,DKR-4,한국저작권보호원,ministry-regulator,1,https://www.kcopa.or.kr/lay1/bbs/S1T12C38/F/38/view.do?article_seq=6373,2025-03-27,,2025-03-26,"한국저작권보호원, 태국 내 K-콘텐츠 불법유통 사이트 접속차단 확대",,streaming-site,,true,"Court-ordered ISP blocking of three K-content (broadcast/film) illegal-distribution sites in Thailand; the release does not name the sites or state their type beyond 'K-콘텐츠 불법유통 사이트' -- coded streaming-site (broadcaster-delegated content), coordinator may set other.",independent,,south-korea; thailand; united-states,south-korea; thailand,"한국저작권보호원; 미국영화협회; 태국 형사법원 (Criminal Court); 태국 지식재산청 (Department of Intellectual Property, DIP); 디지털경제사회부 (Ministry of Digital Economy and Society, MDES); ACE(Alliance for Creativity and Entertainment); 태국영화협회; KBS; SBS; CJ E&M; SLL; True",cooperative,,false,,true,keywords,blocking-order,true,,false,"date_source: '작성일 2025.03.27'; action_date 2025-03-26 ('3 월 26 일에 ... 접속차단을 이끌어냈다'). Publisher: 한국저작권보호원 (Korea Copyright Protection Agency, KCOPA) is a statutory public agency under MCST -- coded ministry-regulator (state actor, tier 1); if the coordinator treats a 공공기관 as non-state, this row would drop from the census. Stratum: KCOPA (Korea) applied; Thai Criminal Court ordered and Thai DIP/MDES were involved; Thai ISPs executed -> two states -> cooperative; MPA (US trade association) and ACE, Thai broadcaster True, Thai film association and Korean broadcasters (KBS, SBS, CJ E&M, SLL delegated the blocking requests) are named private organisations with roles (listed; US is named only through MPA, not as an executing state). Note the KCOPA-MPA MoU: this is a state-agency release of a coalition-supported blocking action, so coalition_only=false. Administrative/civil blocking, no persons -> judicial not-reported. Three more Thai sites 'in progress' -- future. Prior first Thai blocking (July 2024, after 2 years) is history. The text has spaces inserted around punctuation (PDF/HWP-derived), quoted as-is."
REG-2025-0013,de,DOM-2025-1008,Hellenic Police (Ελληνική Αστυνομία),le,1,https://www.astynomia.gr/2025/05/16/16-05-2025-synelifthisan-stin-arta-dyo-imedapoi-pou-eichan-systisei-egklimatiki-omada-parochis-paranomon-ypiresion-syndromitikis-tileorasis-se-ipeiro-kai-aitoloakarnania/,2025-05-16,,2025-05-15,"Συνελήφθησαν στην Άρτα δύο ημεδαποί, που είχαν συστήσει εγκληματική ομάδα παροχής παράνομων υπηρεσιών συνδρομητικής τηλεόρασης σε Ήπειρο και Αιτωλοακαρνανία",,iptv-service,,true,network retransmitting pay-TV channels to paying subscribers; 176 customers identified,independent,,greece,greece,Τμήματος Δίωξης και Εξιχνίασης Εγκλημάτων Άρτας; Εισαγγελία Πρωτοδικών Άρτας,domestic,,false,,false,none,arrest-search; end-user-action,true,,false,"Agrees with DE domestic. arrests n=3 derived-from-enumeration: two founders arrested 15-05-2025 plus one of two accomplices arrested in flagrante (quote carries the accomplice span; the two founders' arrest is the first modality quote). indictments=pending referral-inferred (δικογραφία; to be led to Arta prosecutor); the case file also names 176 identified end users (end-user-action) and one accomplice not arrested. Seized items are equipment (9 decoders etc.), no cash sum stated, so no asset-seizure. Rights holder unnamed ('του αρμόδια φορέα' — publisher's grammar). title_original taken from the capture's frontmatter (the body wraps the headline over two lines). Word count includes capture frontmatter and DE extraction notes; quotes from Extracted Text only."
REG-2025-0014,walk-2026-08-17,CC4-5,ANCINE,ministry-regulator,1,https://www.gov.br/ancine/pt-br/assuntos/noticias/ancine-e-anatel-avancam-no-combate-a-pirataria-digital,2025-05-30,,2025-05,ANCINE e ANATEL avançam no combate à pirataria digital,,streaming-site,,true,"Administrative dynamic blocking of pirate services distributing films, series and sports events online -- in scope as blocking against illegal streaming services; the record is a pilot-programme report (two phases) rather than a single dated action, so unit is debatable (coordinator may prefer umbrella).",independent,,brazil,brazil,ANCINE; Agência Nacional de Telecomunicações - ANATEL,domestic,,false,,false,coder,blocking-order,true,,false,"date_source: 'Publicado em 30/05/2025 17:27' (page 'Modificado em 03/07/2026' -- content may have been edited after first publication). action_date 2025-05: second pilot 'nesta semana' (week of 30 May 2025); first phase 'nas últimas semanas' (blocked 11 domains + 23 IPs of 3 pirate services); second phase 78 domains + 125 IPs 'identificados para bloqueio' across 10 monitored services -- the release states identification for blocking, and blocking under the ACT of 15 May 2025 (Acordo de Cooperação Técnica ANCINE-ANATEL, held in IC as source 2025-05-15_gov-br-anatel_anatel-ancine-cooperation-audiovisual-piracy, cited by two analysis pages; no operation/action page -> verdict new). Brazil only; two named agencies with operational roles -> cooperative. Administrative, no persons -> judicial not-reported. Reconstitution: the release describes the system's real-time monitoring of redirects to new domains created to evade blocking as a capability, not an observation about a named target -> not-reported. Blocking executed by ISPs under ANATEL is implied, not named. [2026-08-17 coordinator: stratum cooperative->domestic by the states-only rule (DE CODEBOOK s.3 v1.11+); coder's value kept as stratum_as_coded]"
REG-2025-0015,walk-2026-08-17,B40,FOD Economie,ministry-regulator,1,https://news.economie.fgov.be/250728-halt-aan-illegale-streaming-bijna-150-websites-ontoegankelijk-gemaakt-in-een-jaar/,2025-06-05,,,Halt aan illegale streaming: bijna 150 websites ontoegankelijk gemaakt in één jaar,,hybrid,,true,"one-year balance of the FOD Economie Anti-Piracy service: 147 illegal streaming/IPTV websites blocked under two court mandates + 15 investigations with ~3,500 illegal decoders seized -- an aggregate, not one action",umbrella,,belgium; italy,belgium,FOD Economie,domestic,,false,,false,none,blocking-order; arrest-search,false,unit=umbrella,false,"date_source: dateline '5 juni 2025' on the release. UMBRELLA: a year-in-review of the Anti-Piracy service (June 2024 - June 2025), aggregating 147 blocked sites under two Enterprise-Court mandates and 15 decoder investigations; not a single action -> excluded from census by unit rule. Italy named only as comparison ('In Italië kregen zelfs al 2.300 kijkers een boete'), not executing. 'justitie', 'de politie', 'Ondernemingsrechtbank' are generic/institutional references without a named body -> only FOD Economie counted. arrest-search coded on the decoder-seizure investigations 'in samenwerking met de politie' (searches implied by seizure of 3,500 decoders in shops) -- borderline; no arrests stated. Reconstitution: mirror sites are re-screened and blocked ('Het internet wordt regelmatig gescreend om nieuwe mirrorsites te detecteren') but this is programme-level, not about one target -> not-reported."
REG-2025-0016,walk-2026-08-17,DNG-6,Nigerian Copyright Commission (NCC),ministry-regulator,1,https://copyright.gov.ng/ncc-portharcourt-raids-piracy-spots-impounds-contrivances/,2025-06-16,,2025-03-07,"NCC Portharcourt Raids Piracy Spots, Impounds Contrivances",,other,,true,illegal rebroadcasting of MultiChoice Nigeria signals at two Port Harcourt locations via cables/decoders/splitters/smart cards (local pay-TV signal redistribution; not internet IPTV),independent,,nigeria,nigeria,"Nigerian Copyright Commission, NCC, Port-Harcourt Office; Nigerian Security and Civil Defence Corps (NSCDC)",domestic,,false,,false,none,arrest-search,true,,false,"publish_date from the post dateline 'June 16, 2025'; action_date 'on the 7th of March, 2025'. Cooperative on orgs: NCC Port-Harcourt Office led the raid with armed backup from the NSCDC (named, operational role); MultiChoice Nigeria is the signal owner/victim (not counted). arrests=none-stated ('no arrests were made'); investigation ongoing 'to identify and prosecute perpetrators' - no identified suspects, so indictments not-reported (not pending). Raid + seizure of cables/decoders/splitters/smart cards -> arrest-search (search-and-seizure against premises); medium 'other' (cable/decoder rebroadcast), in_scope borderline. No durability statement. [STRATUM recomputed under REGISTER.md as revised 2026-08-17 (states only; organisation counts play no part): countries_executing=['nigeria'] -> domestic; first-pass value under the old orgs clause was 'cooperative' - the org-count/'complainant-counted'/'same-force-units' remarks above are now descriptive only (private_named covariate).]"
REG-2025-0017,de,DOM-2025-1004,Singapore Police Force,le,1,https://www.police.gov.sg/Media-Hub/News/2025/06/20250625_duo_arrested_for_involvement_in_sales_of_illegal_streaming_devices,2025-06-25,,2025-06-23,Duo Arrested For Involvement In Sales Of Illegal Streaming Devices,,isd-retail,,true,"online sales of illegal streaming devices; raids at Jalan Damai / Jalan Tenaga / Kaki Bukit, 100+ devices seized",independent,,singapore,singapore,Criminal Investigation Department,domestic,,false,,false,none,arrest-search,true,,false,"Agrees with DE domestic. The Health Sciences Authority is named only for a separate e-vaporiser matter found during the raid — not an operational role in this action, so not in orgs_named. No rights holder named. Capture header carries a duplicated '## Extracted Text' line. Word count includes frontmatter and DE extraction notes; quotes from Extracted Text only."
REG-2025-0018,ic,uk-spain-pipcu-infinity-iptv-brockley-extradition-2025,City of London Police (Police Intellectual Property Crime Unit / PIPCU),le,1,https://www.cityoflondon.police.uk/news/city-of-london/news/2025/june/man-jailed-after-making-300000-from-illegal-streaming-service/,2025-06-26,,,"Man jailed after making £300,000 from illegal streaming service",capture-h1,iptv-service,pool-default,true,IC census row: pool tag illegal-iptv-ic; medium defaults to iptv-service (re-read as found),independent,,united-kingdom; spain,united-kingdom; spain,(wiki participating_agencies #1); (wiki participating_agencies #2); (wiki participating_agencies #3); (wiki participating_agencies #4),cooperative,wiki-fields,false,,false,none,arrest-search,true,,false,"converted from paper2/coding/uk-spain-pipcu-infinity-iptv-brockley-extradition-2025.json (coder agent-w2-2, 2026-08-13); date_source=raw-frontmatter; source_of_record=raw/press-releases/2025-06-26_cityoflondon-police_uk-spain-infinity-iptv-brockley-extradition-arrest.md; tier_basis=raw-dir:press-releases; other_cited_captures=1; quotes are the cited lines as of the coding date; stratum from wiki fields (participating_countries=2, participating_agencies=4); official_release_sourced=True. SENTENCE: IMMEDIATE CUSTODY, NOT SUSPENDED — checked explicitly per instruction, and the record is unambiguous on both limbs. Imposition: ""He was sentenced to five years imprisonment at the same court on 5 May 2023."" (2023 raw:16). Execution: ""He was remanded in custody at Heathrow Airport and will now commence his five-year sentence."" (2025 raw:40). No suspension, no suspended-sentence order, no community or fine alternative appears in either release; the whole point of the 2024-2025 cross-border effort was that an unserved immediate term existed. imprisonments therefore codes n=1. CAPTURE TIERS: both PIPCU captures are USABLE. raw/.../2025-06-26_...md reproduces the release under ""## Body (verbatim, 2025-06-26 release)"" as blockquotes (raw:28-46) and appends the 2023 companion release verbatim (raw:50-70); it was fetched with curl_cffi-chrome124 through the Wayback Machine because the live URL is Cloudflare-403 (its raw:9). Its trailing ""## Key extracted entities (for the wiki)"" block (raw:74-92) is agent-authored and not cited. raw/.../2023-05-10_...md is a shorter verbatim extract of the 2023 release (raw:14-22). ⚠ CAPTURE DEFECT — the two files hold DIFFERENT text for the SAME 2023 release, and both assert verbatim status. The 2023 file: ""Brockley was found guilty of supplying articles for use in fraud and of the fraudulent evasion of income tax at a trial in his absence at Liverpool Crown Court on 30 March 2023, after he failed to attend court. He was sentenced to five years imprisonment at the same court on 5 May 2023."" (2023 raw:16). The 2025 file's companion section: ""Brockley was found guilty of supplying articles for use in fraud and of the fraudulent evasion of income tax at a trial in his absence at Liverpool Crown Court, after he failed to attend court. He was sentenced at the same court on 5 May 2023 to five years imprisonment."" (2025 raw:52) — the conviction date is absent and the sentencing clause is reordered. The two files also carry DIFFERENT DC Geoff Holbrook quotes from the same release (2023 raw:22 vs 2025 raw:58-60). At most one is character-exact (L59); the conviction date 30 March 2023, which the operation page relies on (op:95, op:170), exists only in the 2023 file. I cite both files for convictions so the discrepancy is visible in the coded row rather than hidden by a choice. MODALITY. arrest-search only, and the searches/arrests are the whole enforcement footprint: the 2019 search warrant — ""Officers from PIPCU executed a search warrant at Brockley's home on 24 July 2019, seizing a laptop, mobile phone, and £1,200 in cash."" (2023 raw:20) — the Girona arrest, ""In August 2024, he was located and arrested in Girona during a coordinated operation involving PIPCU, the National Crime Agency (NCA), Europol, and Interpol."" (2025 raw:34) — and the recapture, ""In a coordinated effort between UK and Spanish authorities, Brockley was eventually arrested at Barcelona Airport while attempting to board a flight to the UK last week (Friday, 20 June)."" (2025 raw:38). NOT coded asset-seizure: the only money in the record is the £1,200 in cash taken with the laptop and phone during an evidence search, and no confiscation, restraint or proceeds order is reported at any stage including sentencing. The line I applied across this batch: a stated freeze/forfeiture, or seizure of financial assets of a proceeds character (bulk cash, bank accounts, crypto), codes asset-seizure; exhibit-scale cash lifted alongside devices does not — which is also the protocol's cash-as-evidence carve-out. (The same line coded asset-seizure IN for Brazil's bulk cash and Spain's eight blocked bank accounts.) NOT coded domain-seizure, hosting-takedown, blocking-order, content-delisting, payment-disruption or intermediary-process — no cited record describes any action against the Infinity IPTV infrastructure, the @Infinity_IPTV Twitter account, or any payment channel; the frontmatter agrees (servers_seized 0, domains_seized 0, op:64, op:74). This row is a prosecution-and-fugitive-recovery action with no infrastructure limb, which the operation page states plainly (op:99, op:186). JUDICIAL — the count unit is INDIVIDUALS, not events, which matters here because one man was arrested three times. arrests n=1: Brockley alone; the record enumerates a June 2021 UK arrest-and-charge (2025 raw:32), the August 2024 Girona arrest (2025 raw:34) and the 20 June 2025 Barcelona Airport arrest (2025 raw:38). The operation page's results.arrests: 2 (op:59) counts the two Spanish arrest EVENTS; coding that as 2 individuals would make the row incoherent against convictions n=1 and imprisonments n=1 for the same person. indictments n=1: ""Following extensive enquiries, Brockley was arrested and later charged with fraud and copyright offences at Liverpool Crown Court in June 2021."" (2025 raw:32) — note the release's charge labels at charging (fraud and copyright offences) differ from the two offences of conviction (supplying articles for use in fraud; fraudulent evasion of income tax), which is normal attrition between charge and verdict and is not coded as a conflict. convictions n=1: guilty in absentia on both counts (2023 raw:16; 2025 raw:52) — a trial verdict, not a plea. latest_record_date 2025-06-26. RECONSTITUTION open-question, page_only — see the evidence field. I did not code no-reconstitution-reported: nothing in the record affirms the Infinity service is down (the target coded here is the reseller, and the page itself frames the untouched provider tier as the operation's open effectiveness question, which is precisely the protocol's open-question trigger rather than its sibling-sites-in-notes case). CORPUS SEARCH (Brockley | Infinity IPTV | Infinity Streams | Infinity_IPTV over wiki/sources/) returned nine files: the two cited pages, the sources index, and six that mention the case only as analytic context (the NCA IP-crime overview, the gov.uk customs report, WIPO ACE/13/7, CPS guidance and two CJEU rulings). None is an independent record of this action, so there is no linkage gap. ⚠ CORPUS DEFECT found in that sweep: wiki/sources/2025-11-18_gov-uk_uk-customs-ip-enforcement-report-2021-2023.md:37 calls this matter ""PIPCU Operation Trafalgar (Brockley extradition 2025)"". The string ""Trafalgar"" appears exactly ONCE in the entire repository — in that sentence — with no support in its own raw capture or in either PIPCU release, which name no operation at all. It is an unsourced codename attribution and should be removed or sourced; the operation page correctly does not use it."
REG-2025-0019,de,DOM-2025-1005,Hong Kong Customs and Excise Department,le,1,https://www.customs.gov.hk/en/customs-announcement/press-release/index_id_4662.html,2025-06-26,,2025-06,Hong Kong Customs detects suspected infringing cases involving unauthorised communication of copyright works to public (with photo),,isd-retail,,true,"two retail shops (North Point, Sham Shui Po) offering illicit streaming devices; 99 devices seized",independent,,hong-kong,hong-kong,Hong Kong Customs,domestic,,false,,false,none,arrest-search,true,,false,Agrees with DE domestic. Two operations on 11 June and 25 June 2025 reported in one release; action_date given as the month. Copyright owners (plural) unnamed. Word count includes capture frontmatter and DE extraction notes; quotes from Extracted Text only.
REG-2025-0020,ic,germany-zcb-kripo-weiden-illegal-streaming-action-2025,Generalstaatsanwaltschaft Bamberg — Zentralstelle Cybercrime Bayern (ZCB) (Bavarian Ministry of Justice),prosecutor,1,https://www.justiz.bayern.de/gerichte-und-behoerden/generalstaatsanwaltschaft/bamberg/presse/2025/15.php,2025-07-18,,,"Illegales Streaming: Haftbefehle, Server und ein langer Atem — Weidener IT-Ermittler und Zentralstelle Cybercrime Bayern im Großeinsatz",capture,iptv-service,pool-default,true,IC census row: pool tag illegal-iptv-ic; medium defaults to iptv-service (re-read as found),independent,,germany,germany,(wiki participating_agencies #1),domestic,wiki-fields,false,,false,none,arrest-search; hosting-takedown; asset-seizure,true,,false,"converted from paper2/coding/germany-zcb-kripo-weiden-illegal-streaming-action-2025.json (coder agent-w2-3, 2026-08-13); date_source=source-page; source_of_record=raw/press-releases/2025-07-18_justiz-bayern_zcb-weiden-illegal-streaming-haftbefehle-server.md; tier_basis=raw-dir:press-releases; other_cited_captures=0; quotes are the cited lines as of the coding date; stratum from wiki fields (participating_countries=1, participating_agencies=1); official_release_sourced=True. CAPTURE TIER: USABLE, and this is worth stating flatly because the coordinator's standing warning is that ZCB captures are usually reconstruction-tier digests. This one is NOT: raw/press-releases/2025-07-18_justiz-bayern_zcb-weiden-illegal-streaming-haftbefehle-server.md carries the verbatim German release body under '## Extracted Text' (raw:27-55), opening with its own masthead 'Pressemitteilung Nr. 15/2025 vom 18.07.2025' (raw:27), with the release's own section headings preserved (raw:33, 39, 45, 49); fetcher agent-recovery:live, word_count 585, storage_mode fulltext. No third-person self-reference, no post-dating events, no WebSearch provenance. Every cell is therefore raw-level, page_only false. Contrast the SUPERSEDED capture for the same release, raw/press-releases/2025-06-03_justiz-bayern-de_zcb-bamberg-illegal-streaming-five-suspects-tirschenreuth.md, which IS reconstruction tier — it is headed 'Verbatim summary' but is an English bullet digest (30 lines) that speaks of the release in the third person, dates itself to the action day rather than the publication day, and states one fact the verbatim release does not support ('One suspect additionally charged with child-exploitation material offences (parallel proceedings)', superseded raw:22 — the release describes an EXPANDED arrest warrant in this same investigation, not a parallel proceeding). Nothing is coded from it. MODALITY: arrest-search — nine simultaneous searches on the action day, 'Am 03.06.2025 erfolgten schließlich gleichzeitige Durchsuchungen an neun Objekten im Landkreis Tirschenreuth (ein Objekt), in München (zwei Objekte), im Landkreis Pfaffenhofen an der Ilm (ein Objekt) und in Hamburg (fünf Objekte).' (raw:35), with about 100 officers coordinated from Weiden with a ZCB prosecutor (raw:35), and three suspects taken into custody (raw:37). hosting-takedown — 'Zudem wurde eine Vielzahl von Servern im In- und Ausland beschlagnahmt, auf denen die Täter die illegalen Streamingdienste betrieben haben sollen.' (raw:51): the servers ON WHICH the illegal streaming services were operated were seized, which is the definition; the same line records the seizure of a complete server landscape. Count undisclosed — the operation page flags servers_seized as missing-not-zero, which is the correct reading. asset-seizure — this is confiscation, not evidence collection, and the release says so with its own section heading 'Vermögensabschöpfung - kriminelles Verhalten darf sich nicht lohnen' (raw:45), followed by 'Es konnten im Rahmen des Einsatzes Vermögenswerte, darunter Bargeld, Goldmünzen und Kryptowährungen, im Wert von ca. 500.000 EUR gesichert werden.' (raw:47); asset-recovery and cryptocurrency specialists of the KPI-Z Oberpfalz supported it (raw:47). The mobile phones, USB sticks, games consoles and cloud data (raw:51) are evidence, not assets. NOT CODED — end-user-action, and this is the row's main borderline: the release states 'Auch die Kunden des illegalen IPTV-Angebots müssen mit der Einleitung von Ermittlungsverfahren rechnen.' (raw:53), i.e. customers must EXPECT proceedings to be opened. That is a prospective warning, not an action taken in this operation, and v2 says to code what the record says HAPPENED; no customer proceeding is stated to have been initiated. Coded as not-applicable and recorded here (the operation page's Results section reads the same line as 'an end-user enforcement signal', which is a fair characterisation of a signal but not of an executed action). Also NOT coded: domain-seizure, blocking-order, content-delisting, payment-disruption, intermediary-process — no verb in the release supports any of them; the foreign server seizures are stated without a channel, so no intermediary or MLA process is described. JUDICIAL: arrests n=3 — 'Es wurden zunächst drei Beschuldigte in Untersuchungshaft genommen' (raw:37), out of five suspects total (raw:31). PARTIAL STATE recorded here rather than in the value: the warrant against the 25-year-old from Munich was subsequently lifted because the dringender Tatverdacht was not confirmed on preliminary data review, though investigations against him continue; the warrant against the 25-year-old from Hamburg was EXPANDED after preliminary review of his data media produced urgent suspicion of, among other things, instigation to serious sexual abuse of children via a messenger service; the presumed principal, a 25-year-old software developer from Landkreis Tirschenreuth, remains in a Justizvollzugsanstalt (all raw:37). The coded n counts the three taken into custody on the action day, which is what the record states happened. indictments pending, INVESTIGATION-INFERRED (borderline, flagged): the prosecuting authority states its proceedings are continuing — 'Die Ermittlungen dauern aber auch gegen diesen Beschuldigten weiter an.' (raw:37) — and states the accusation formally, 'Den Beschuldigten wird die gewerbsmäßige unerlaubte Verwertung verwandter Schutzrechte nach dem Urheberrechtsgesetz vorgeworfen.' (raw:53), with court-issued arrest warrants already in hand and terabytes of evidence under analysis (raw:51). No Anklageerhebung (formal charging) is reported, so this is not n=<int>. NOTE FOR THE COORDINATOR ON CROSS-ROW CONSISTENCY: the sibling row germany-zcb-kripo-hof-pay-tv-streaming-action-2025 coded indictments not-reported on superficially similar facts (three suspects in Untersuchungshaft under Amtsgericht Bamberg warrants). The difference is at record level, not in the coding rule — I read that row's capture (raw/press-releases/2025-03-10_…) and it contains NO statement that investigations are continuing and no statement of the accusation; it is a bullet digest that stops at the action-day results. Here the release affirmatively says the proceedings continue, which is what v2's pending clause asks for. convictions and imprisonments not-reported: no cited record speaks to either stage. Untersuchungshaft is pre-trial detention, not an imposed custodial sentence, so it does not make imprisonments n=3 (same call as the Hof row). latest_record_date 2025-07-18 = the release date, the only record; the row is right-censored at the investigation stage. RECONSTITUTION: not-reported. The release says nothing about the status of the streaming services after the action — no down-status, no successor, no relaunch. The only forward-looking statements are that the data evaluation continues (raw:51) and that customer proceedings are expected (raw:53), neither of which speaks to reconstitution. CORPUS SEARCH (grep -rli 'weiden|tirschenreuth' over wiki/sources/): five hits — the cited page; the SUPERSEDED same-release page 2025-06-03_justiz-bayern-de_zcb-bamberg-illegal-streaming-five-suspects-tirschenreuth.md (already marked duplicate_of the cited page on 2026-07-14, and its raw_path now points at the SAME raw as the cited page, so this is not an uncited input); and three ZCB pages about different operations (2017 LuxTV/WorldTV, 2018 EG-Streams Rosenheim, 2025-03-10 Hof), all of which are separate census rows. NO linkage gap. CORPUS DEFECT FOUND (reported, not fixed — wiki is read-only for me): the cited SOURCE page's Source Summary states 'Charges: commercial copyright violations under §108a UrhG (gewerbsmäßige unerlaubte Verwertung urheberrechtlich geschützter Werke)'. The release cites NO statutory section, and its object is verwandte Schutzrechte (related rights), not urheberrechtlich geschützte Werke (copyright-protected works) — raw:53. The section number is a plausible legal inference (§108a UrhG is the commercial-scale aggravation covering §§106-108, and §108 is the related-rights offence) but it is the source page's addition, and the parenthetical restates the offence with the wrong object. The OPERATION page's legal_basis field gets this right ('Gewerbsmäßige unerlaubte Verwertung verwandter Schutzrechte under the Urheberrechtsgesetz'), so the drift is confined to the source page. Nothing coded here depends on it."
REG-2025-0021,walk-2026-08-17,DTH-15,กรมสอบสวนคดีพิเศษ (DSI),le,1,https://www.dsi.go.th/th/Detail/133976368902962539,2025-07-22,,2025-03-13,DSI เผยคำพิพากษาศาลอาญา สั่งจำคุก 2 ปี ปรับเจ้าของเว็บ “Doo4k.tv” ละเมิดลิขสิทธิ์ทรูวิชั่นส์ มูลค่าเสียหายกว่า 120 ล้านบาท,,hybrid,,true,"Doo4k.tv / ipplaybox.com / uhdtv.com retransmitted TrueVisions pay-TV channels (fingerprint masking, delayed broadcast) on a monthly-subscription basis and also distributed pirated films -> hybrid (pay-TV retransmission + streaming site).",follow-on:DTH-10,,thailand,thailand,"กรมสอบสวนคดีพิเศษ; ศาลอาญา; บริษัท ทรู วิชั่นส์ 
กรุ๊ป จำกัด",domestic,,false,,false,coder,,false,unit=follow-on:DTH-10,false,"date_source: 'เผยแพร่: 22 ก.ค. 2568' (BE 2568 = 2025); action_date = Criminal Court judgment 13 March 2025 (case ดำ อทย. 245/2567 / แดง อทย. 198/2568), the judicial stage of special case 113/2560. FOLLOW-ON of DTH-10 (same Doo4k.tv case; DTH-10 = 5 June 2024 referral to prosecutors) -- stage: court judgment; the coordinator should merge these judicial cells onto DTH-10's row per CODING Column 2's follow-on rule. Judicial: 7 suspects sent to prosecutors (11 Sept 2023 / 5 June 2024); court case has defendants 1-5 (2 further suspects -- financier and page admin -- not yet indicted) -> indictments n=5 (derived-from-enumeration: 'จำเลยที่ 1' + 'จำเลยที่ 2 - 5'); defendant 1 pleaded guilty to the Computer Crime Act obscene-content count (the COPYRIGHT complaint was withdrawn by TrueVisions, a compoundable offence, so the conviction is NOT for copyright) -> convictions n=1; sentence 4 years + THB 60,000 fine, halved for the plea to 2 years + THB 30,000, imprisonment SUSPENDED 2 years with probation reporting and 24h community service -> imprisonments none-stated (full sentence stated, no custodial component; his earlier pre-trial detention per DTH-10 is arrest-stage, not imprisonment); defendants 2-5 denied and were severed into a separate case (pending, notes). Court ordered forfeiture of 44 exhibit items (receivers, servers, bank books) -- instrumentalities/exhibits, not coded as asset-seizure (coordinator may add). Stratum: DSI + ศาลอาญา (sentencing record: the court is the actor) + TrueVisions Group (named complainant rights-holder) -> cooperative. Modality: none in this record (judgment record). Reconstitution not addressed. [2026-08-17 coordinator: stratum cooperative->domestic by the states-only rule (DE CODEBOOK s.3 v1.11+); coder's value kept as stratum_as_coded]"
REG-2025-0022,ic,argentina-ufeci-laliga-alianza-magistv-uv-mundo-digital-reseller-raids-2025-07,"DEPORTV (deportv.gob.ar, Argentine state media)",ministry-regulator,2,https://www.deportv.gob.ar/futbol/pirateria-audiovisual-detuvieron-vendedores-ilegales-magistv-argentina-nid:5632,2025-07-24,,,MagisTV / UV Mundo Digital allanamientos — DEPORTV (medio estatal argentino),capture,iptv-service,pool-default,true,IC census row: pool tag illegal-iptv-ic; medium defaults to iptv-service (re-read as found),independent,,argentina,argentina,(wiki participating_agencies #1); (wiki participating_agencies #2); (wiki participating_agencies #3); (wiki participating_agencies #4); (wiki participating_agencies #5); (wiki participating_agencies #6); (wiki participating_agencies #7),domestic,wiki-fields,false,,true,wiki-flag,arrest-search,false,publisher_tier=2 (not the actor's own release),false,"converted from paper2/coding/argentina-ufeci-laliga-alianza-magistv-uv-mundo-digital-reseller-raids-2025-07.json (coder agent-w1-2, 2026-08-13); date_source=raw-frontmatter; source_of_record=raw/news/2025-07-24_deportv_magistv-uv-mundo-digital-raids.md; tier_basis=raw-dir:news; other_cited_captures=1; quotes are the cited lines as of the coding date; stratum from wiki fields (participating_countries=1, participating_agencies=7); official_release_sourced=False. CAPTURE TIERS: DEPORTV raw (line 15 = entire article body on one line) is USABLE (verbatim Spanish article text wrapped in nav chrome). TorrentFreak raw is RECONSTRUCTION: it is a WebFetch-era structured digest (headers like 'Operation Summary', 'Operation Codename: None mentioned') and its section 'Distinct from September 2025 Operation' (line 60) describes the September 2025 Vicente Lopez operation, an event postdating the article's 2025-07-25 byline - a v2 reconstruction tell; cited only with (reconstruction) markers. MODALITY: arrest-search only - DEPORTV:15 'se concretaron cinco allanamientos simultáneos en Chubut, Mendoza y Río Negro' plus court-issued arrest warrants 'Las órdenes de detención fueron emitidas por el Juzgado de Garantías N.º 4 de San Isidro y ejecutadas con apoyo de la Policía Federal y fuerzas locales.' No domain/hosting/blocking action is stated for magispro.lat (op page missing_fields flags servers-domains-seizure-detail as undisclosed). The 160M+ pesos were TRACED, not seized (DEPORTV:15 'acumularon ingresos que en algunos casos superaron los 160 millones de pesos argentinos' - note DEPORTV frames 160M as per-case revenue 'en algunos casos', TF digest frames it as an aggregate traced amount) - no asset-seizure. Mercado Libre / Mercado Pago investigative cooperation (money-flow disclosure to identify operators) has NO modality home: intermediary-process is scoped to CDN/registrar/host and payment-disruption requires a cutoff - protocol gap flagged. ARRESTS n=4 borderline: DEPORTV:15 'la justicia solicitó la detención de al menos cuatro personas identificadas como operadores clave' ('al menos' = at least) and its headline verb 'detuvieron' plus 'los detenidos' support executed detentions; TF digest:52 '4 individuals identified as key operators with warrants executed'; the op page Contradictions notes the exact physical-arrest vs warrant-execution count is not precisely disclosed. UV Mundo Digital owner Ulises Jorge Velázquez evaded arrest (fugitive, active warrant - TF:25, reconstruction tier); he appears to be additional to the 4. COUNT CONFLICT: op page Background line 107 says '6+ raid locations across 3 provinces' but the only usable capture (DEPORTV:15) says 'cinco allanamientos' (five) - corpus defect reported; not a coded cell. CORPUS SEARCH: MagisTV also appears in 2025-08-22_laliga_argentina-al-angulo-tv-creator-arrest-paranas, 2025-09-02_laliga_argentina-vicente-lopez-iptv-network-8m-users, 2025-11-28_derechosintelectuales-gob-ec_senadi - all about DIFFERENT operations (Al Angulo TV Aug 2025, Vicente Lopez Sep 2025, Op 404 F8); no uncited same-operation source found; no linkage gap. RECONSTITUTION: open-question per the page's challenges flag (op:80); the September 2025 Vicente Lopez action against the MagisTV headquarters network is a separate operation (related_operations), not reconstitution evidence for this reseller target; DEPORTV's mention of pending Google app removal for MagisTV/FlujoTV is a different (platform-level) track, noted only. latest_record_date 2025-07-25 = TorrentFreak byline (DEPORTV 2025-07-24). [codex audit correction 2026-08-13] arrests n=4 -> yes-uncounted. The record says 'la justicia solicito la deteccion de al menos cuatro personas identificadas como operadores clave' -- 'at least four', which is a stated LOWER BOUND, and a judicial request rather than a confirmed count. Later text ('vinculan directamente a los detenidos') and the headline ('detuvieron a vendedores ilegales') establish that detentions occurred, so the stage is reached but uncounted. Storing a stated bound as an exact integer is a known defect class in this corpus; the bound now lives in notes and not in the cell."
REG-2025-0023,walk-2026-08-17,CC4-12,Indecopi,ministry-regulator,1,https://www.gob.pe/institucion/indecopi/noticias/1214103-indecopi-bloquea-427-sitios-web-por-pirateria-digital-de-peliculas-musica-literatura-y-transmisiones-en-vivo,2025-07-24,,,"Indecopi bloquea 427 sitios web por piratería digital de películas, música, literatura y transmisiones en vivo",,hybrid,,true,"Administrative blocking of 427 sites covering film/series streaming, sports and TV retransmission, music, e-books, software and stream-ripping -- illegal streaming sites are among the targets, so in scope; medium=hybrid because the batch is not IPTV-specific (a strict IPTV/live-sports-only census could exclude it).",independent,,peru,peru,Indecopi; Comisión de Derecho de Autor (CDA); Telefónica del Perú; Claro; Entel; Viettel; Wi-Net Telecom,domestic,,false,,true,keywords,blocking-order,true,,false,"date_source: dateline 'Nota de prensa 24 de julio de 2025 - 9:22 a. m.' / 'Lima, 24 de julio de 2025'. action_date: the resolution/blocking date is not given -> null. Peru only. Stratum: Indecopi's CDA ordered ex officio; the ISPs (Telefónica del Perú, Claro, Entel, Viettel, Wi-Net Telecom, 20+ others) are named as the executors of the order -- they are addressees complying with an administrative measure, not cooperating partners, so I did NOT count them for the two-organisation clause and coded domestic; if the coordinator counts named intermediaries as 'operational role', this flips to cooperative (orgs_named lists them for that purpose). No persons, no judicial stages (administrative site blocking) -> all not-reported. Reconstitution not addressed."
REG-2025-0024,walk-2026-08-17,DTH-16,กรมสอบสวนคดีพิเศษ (DSI),le,1,https://www.dsi.go.th/th/Detail/f88254b5ad1926bcdf3ca5584319d87c,2025-08-20,,2025-08-20,"DSI ปปง. ลงพื้นที่เชียงใหม่ ยึดอายัดทรัพย์สินคดีละเมิดลิขสิทธิ์ถ่ายทอดสดฟุตบอลพรีเมียร์ลีก เชื่อมโยงพนันออนไลน์และบัญชีม้า มูลค่าความเสียหายกว่า 2,000 ล้านบาท",,live-sports-stream,,true,asset seizure/freeze in special case 291/2565 (9 EPL live-streaming websites funnelling to online gambling),follow-on:DTH-11,,thailand,thailand,กรมสอบสวนคดีพิเศษ; สำนักงานป้องกันและปราบปรามการฟอกเงิน (ปปง.); กองคดีเทคโนโลยีและสารสนเทศ,domestic,,false,,false,coder,asset-seizure,false,unit=follow-on:DTH-11,true,"[orgs-rule-only] Asset seizure/freeze stage (DSI + AMLO, Chiang Mai, 2025-08-20: 8 bank accounts, a house and land, a pickup, two motorcycles) of DSI special case 291/2565 — coded follow-on:DTH-11 (the arrest action of 2024-07-31 in this slice); if the coordinator treats each field operation as its own action, flip to independent (modality asset-seizure stands either way). 'ได้ดำเนินคดีกับผู้กระทำผิดบางส่วนแล้ว' (legal proceedings taken against some offenders) -> indictments yes-uncounted, thin. TrueVisions named as rights-holder/victim (damage >2,000 m THB) — victim role only. Network described as ~150 mule-account holders, ~15 admins/developers, ~20 cash handlers, ~10 financiers. Stratum cooperative on the orgs rule only (DSI + AMLO, one state). Text has non-breaking spaces; quote kept short. [2026-08-17 coordinator: stratum cooperative->domestic by the states-only rule (DE CODEBOOK s.3 v1.11+); coder's value kept as stratum_as_coded]"
REG-2025-0025,ic,argentina-ufeci-laliga-alianza-al-angulo-tv-creator-arrest-2025-08,LALIGA,coalition,2,https://www.laliga.com/en-GB/news/major-crackdown-on-audiovisual-piracy-creator-of-al-angulo-tv-arrested-for-illegally-broadcasting-football-matches,2025-08-22,,,Major crackdown on audiovisual piracy: Creator of Al Angulo TV arrested for illegally broadcasting football matches,capture,iptv-service,pool-default,true,IC census row: pool tag illegal-iptv-ic; medium defaults to iptv-service (re-read as found),independent,,argentina,argentina,(wiki participating_agencies #1); (wiki participating_agencies #2); (wiki participating_agencies #3); (wiki participating_agencies #4),domestic,wiki-fields,false,,true,wiki-flag,arrest-search,false,publisher_type=coalition,false,"converted from paper2/coding/argentina-ufeci-laliga-alianza-al-angulo-tv-creator-arrest-2025-08.json (coder agent-w1-1, 2026-08-13); date_source=raw-frontmatter; source_of_record=raw/news/2025-08-22_laliga_argentina-al-angulo-tv-creator-arrest-paranas.md; tier_basis=raw-dir:news; other_cited_captures=0; quotes are the cited lines as of the coding date; stratum from wiki fields (participating_countries=1, participating_agencies=4); official_release_sourced=False. CAPTURE TIER: the operation's only capture (raw/news/2025-08-22_laliga_...md) is RECONSTRUCTION, not usable raw - frontmatter fetch_method 'WebSearch + cross-verified via Advanced Television, Piracy Monitor, IBC' (raw:11), agent-authored digest headings (Operation Summary / Cross-corroboration), no verbatim LALIGA release text. Every coded cell is therefore page-level (page_only true). Modality: arrest of founder Alejo Leonel Warles ('Shishi') at his Parana home plus seizure of computers, cell phones and broadcasting equipment (raw:21, 25, 29) = arrest-search. The 14 mirror domains were DOCUMENTED, not seized or blocked - the frontmatter seed results.domains_seized: 14 carries the repo's loose verb convention (CODING.md frontmatter-seed caveat); no domain-seizure/blocking verb appears in the record, so no infrastructure modality is coded. Seized devices are evidence, not asset-seizure. Judicial: arrests n=1 (Warles); no charge, conviction or sentencing stage appears in the record (op page missing_fields: 'Sentence/penalty (post-arrest stage; not yet adjudicated as of source date)' is wiki framing, not a record statement of proceedings, so indictments stay not-reported rather than pending). latest_record_date 2025-08-22 = LALIGA announcement date (trade-press echo 2025-08-25 is uncited wiki-timeline context). Reconstitution: no cited record speaks to the service's post-arrest status. Corpus search ('Al Angulo', 'Warles'): only the cited source page exists; no linkage gap. Op page notes no Argentine official government release has been located - single-source, publisher_tier 2 (LALIGA)."
REG-2025-0026,ic,argentina-ufeci-laliga-alianza-vicente-lopez-iptv-network-8m-users-2025,LALIGA,coalition,2,https://www.laliga.com/en-GB/news/massive-operation-in-argentina-dismantles-global-piracy-network-with-over-8-million-users,2025-09-02,,,Massive operation in Argentina dismantles global piracy network with over 8 million users,capture,iptv-service,pool-default,true,IC census row: pool tag illegal-iptv-ic; medium defaults to iptv-service (re-read as found),independent,,argentina,argentina,(wiki participating_agencies #1); (wiki participating_agencies #2); (wiki participating_agencies #3); (wiki participating_agencies #4); (wiki participating_agencies #5); (wiki participating_agencies #6); (wiki participating_agencies #7); (wiki participating_agencies #8),domestic,wiki-fields,false,,true,wiki-flag,arrest-search,false,publisher_type=coalition,false,"converted from paper2/coding/argentina-ufeci-laliga-alianza-vicente-lopez-iptv-network-8m-users-2025.json (coder agent-w1-3, 2026-08-13); date_source=raw-frontmatter; source_of_record=raw/news/2025-09-02_laliga_argentina-vicente-lopez-iptv-network-8m-users.md; tier_basis=raw-dir:news; other_cited_captures=0; quotes are the cited lines as of the coding date; stratum from wiki fields (participating_countries=1, participating_agencies=8); official_release_sourced=False. Single-source operation (LALIGA release, publisher_tier 2; op page itself flags 'No Argentine official government press release ... located'). CAPTURE TIER: the only raw capture (raw/news/2025-09-02_laliga_...md) is reconstruction — a WebFetch structured digest with agent-authored section headers and meta-commentary in place of article text ('Not mentioned in source.' raw:69; 'Not mentioned in announcement article.' raw:73); no verbatim body. Every coded cell is therefore page-level. MODALITY: arrest-search from '4 sophisticated office buildings raided in Vicente López, Buenos Aires Province.' (raw:39). Did NOT code content-delisting for the Google Play matter: 'Court order issued for removal of MagisTV and FlujoTV APKs from Google Play Store. The American company (Google) is reportedly non-compliant with the removal directive.' (raw:48) — the removal was ordered but the record states non-compliance, i.e. the delisting did not happen; coding what happened, not what was ordered (borderline call, flagged). '26 pirate streaming platforms dismantled' carries no infrastructure verb (no server/domain/hosting action stated) — the unspecified-platform-takedown taxonomy gap the pilot flagged on Noonoo; not coded, so the operation carries a single modality despite frontmatter enforcement_type listing infrastructure-disruption and judicial-blocking-order (frontmatter-seed verb caveat). JUDICIAL: the release is silent on arrests ('Arrest Count' / 'Not mentioned in announcement article.', raw:71-73) and on all downstream stages — all four not-reported; the op-page frontmatter zeros (results.arrests: 0 etc.) are seed defaults, not record statements. Right-censoring at 2025-09-02. RECONSTITUTION: no cited record speaks to post-action platform status (8M-users cutoff claim is announcement-time) — not-reported. CORPUS SEARCH ('Vicente Lopez', platform names, facade-company names Peliplat/BitKernel/FatFish/Space Place Consulting): no additional in-corpus source page about this operation. The 2025-11-28 SENADI/Ecuador source matches MagisTV/FlujoTV but is Operação 404 Fase 8; the 2025-08-22 LALIGA Al Ángulo and 2025-07-25 TorrentFreak MagisTV-reseller sources are related but distinct operations. No linkage gap."
REG-2025-0027,ic,egypt-streameast-live-sports-piracy-takedown-2025,Alliance for Creativity and Entertainment,coalition,1,https://www.alliance4creativity.com/news/egyptian-authorities-and-ace-shut-down-worlds-largest-live-sports-piracy-ring/,2025-09-03,,,Egyptian Authorities and ACE Shut Down World's Largest Live Sports Piracy Ring,capture,iptv-service,pool-default,true,IC census row: pool tag illegal-iptv-ic; medium defaults to iptv-service (re-read as found),independent,,egypt; united-states,egypt; united-states,(wiki participating_agencies #1); (wiki participating_agencies #2); (wiki participating_agencies #3); (wiki participating_agencies #4); (wiki participating_agencies #5); (wiki participating_agencies #6); (wiki participating_agencies #7),cooperative,wiki-fields,false,,true,wiki-flag,domain-seizure; arrest-search; asset-seizure; intermediary-process,false,publisher_type=coalition,false,"converted from paper2/coding/egypt-streameast-live-sports-piracy-takedown-2025.json (coder agent-w2-3, 2026-08-13); date_source=source-page; source_of_record=raw/press-releases/2025-09-03_ace_streameast-worlds-largest-live-sports-piracy-ring.md; tier_basis=raw-dir:press-releases; other_cited_captures=5; quotes are the cited lines as of the coding date; stratum from wiki fields (participating_countries=2, participating_agencies=7); official_release_sourced=True. CAPTURE TIERS: all eight captures USABLE, but three need handling notes. (a) ACE (raw/press-releases/2025-09-03_ace_…) is a Wayback id_ capture of the WordPress page — 'Direct curl returned 200/212-byte Incapsula wall; Wayback id_ capture used' (raw:9) — the release body is intact at raw:419-446 under ~400 lines of head/nav chrome. (b) LA TIMES is paywalled ('isAccessibleForFree':false) and the rendered article body is NOT in the HTML; the complete article text survives only inside the JSON-LD 'articleBody' field on a single very long line (raw:214). Citable, but every LAT fact would carry the same line number, so it is used only as corroboration in these notes, not as a cell cite. (c) MPA is pdftotext of the real USTR submission PDF (raw:11 fence '```text') — usable. No capture was navigation-only or geoblocked. MODALITY: domain-seizure — 'All sites will be redirecting to the ACE “Watch Legally” page.' (ace raw:444); TorrentFreak independently enumerates the set and states control has moved — 'Streameast.app, which had more traffic than the original Streameast, is now under ACE control along with the other domains.' (tf raw:285) and lists 'all domain names (close to 80) that were seized by ACE over the past days, including Streameast.app' (tf raw:312, list at raw:313); MPA quantifies the transfer — 'The actions resulted in 173 domains (so far) being transferred to ACE's control, with additional transfers upcoming.' (mpa raw:72). This is a redirect-as-control case and it qualifies because it follows state process: the redirect came out of an Egyptian criminal enforcement action (raids, arrests, prosecution referral), not a settlement, so it is domain-seizure and NOT voluntary-transfer (contrast the December 2024 Markkystreams row, where the same 'Watch Legally' redirect followed a negotiated handover). arrest-search — ACE's own account of the raids, quoted by Ars: 'On the night of Sunday, August 24, into the morning of Monday, August 25, Egyptian authorities carried out synchronized raids targeting two individuals behind the piracy network operating the Streameast group of websites. Twenty-two police officers were deployed in the operation.' (ars raw:1299), with the arrests at raw:1300 and the Egyptian account at ahram0905 raw:579. asset-seizure — the confiscated items include proceeds, not only evidence: 'Investigators also found active e-wallets connected to the confiscated devices, containing funds from the proceeds of their crimes.' (ahram0905 raw:575); 'Investigators also confiscated cash and multiple credit cards… They also confiscated £150,000 ($200,000) in cryptocurrency.' (ahram0905 raw:581, HTML entity &pound; in the raw); 'Investigators also confiscated cash, credit cards, and cryptocurrency holdings' (ahram0308 raw:590). The three laptops and mobile phones are EVIDENCE and are not what carries this code (v2 excludes evidence-cash; the e-wallet funds, cash, credit cards and cryptocurrency are proceeds). Real estate was TRACED, not stated seized (ahram0905 raw:581) — noted, not coded. intermediary-process is a BORDERLINE CALL: MPA states 'A coordinated investigation by the MPA/ACE global team, supported by disclosure court orders, led to the identification of the operators in Egypt.' (mpa raw:71) — disclosure process used to identify operators is the definition, but no recipient intermediary (registrar, CDN, host) is named in any record, so the code rests on the function rather than a named recipient. NOT coded: hosting-takedown — the records say the pair 'had established and managed 705 unlicensed websites and servers' (ahram0905 raw:563, ahram0308 raw:588), which describes what they ran, not what was seized or shut down; the operation page's own missing_fields says 'server seizure count not disclosed; sources describe 705 websites and servers managed, not seized'. Also NOT coded: blocking-order, content-delisting, payment-disruption, end-user-action — no record verb supports them. JUDICIAL: arrests n=2 — 'The sting resulted in the arrest of two men over suspicion of copyright infringement in El Sheikh Zayed City near the Greater Cairo metro area.' (ars raw:1300); 'the two men were arrested on 24 August in El-Sheikh Zaid, Giza Governorate' and 'have since been detained' (ahram0905 raw:579); 'Local police arrested two men on suspicion of copyright infringement, and various assets were seized.' (tf raw:309). No record gives a different arrest count. indictments n=2 — 'Egypt's public prosecutor has referred two defendants to criminal trial on charges of establishing and operating a transnational criminal organization that specialized in pirating live sports broadcasts and violating intellectual property rights through a network of websites, the prosecution said on Sunday.' (ahram0308 raw:510, HTML entity &rsquo; in the raw's 'Egypt's'); referral to criminal trial on stated charges is the charging event, and the count is explicit. convictions pending, REFERRAL-INFERRED per v2: the same referral statement puts the next stage underway, and the prosecution frames the matter as continuing ('The Public Prosecution said it will continue to take decisive action against cybercrime, pursue digital piracy networks, and track illicit proceeds through international judicial cooperation', ahram0308 raw:584); no verdict is reported in any cited record. imprisonments not-reported (empty cites) — no cited record speaks to sentencing; I did NOT chain a second inference from the referral, since v2's referral rule reaches only the NEXT stage. latest_record_date 2026-03-08 = the Ahram trial-referral report, the latest cited record; the row is right-censored there, ~18 months after the raids, with charges filed and no verdict. CONFLICTS (none affect a coded value): domain counts — ACE says '80 associated domains' (ace raw:436), MPA says the service ran 'across over 170 domains' (mpa raw:30) and that 173 have so far been transferred (mpa raw:72), while the Egyptian Ministry of Interior says the pair 'established and managed 705 unlicensed websites and servers' (ahram0905 raw:563) and EG-CERT confirmed 'hundreds of internet domains' (ahram0308 raw:580) — three different denominators (branded network / transferred set / total managed infrastructure) rather than a contradiction, recorded here. Device counts — Egyptian MOI via Ahram: 'three laptops and two mobile phones' (ahram0905 raw:575); ACE via Deadline in Ars: 'three laptops and four smartphones… and 10 credit cards with about $123,561' (ars raw:1300); the Egyptian official statement is the more authoritative for what Egyptian police seized, but neither is a coded value. Action date — the raid spans the night of 24 into 25 August (ars raw:1299) while the arrest reporting dates the arrests to 24 August (ahram0905 raw:579). Foreign-agency support (an IC-qualification issue, not a coded column) is reported only at second hand: 'ACE worked with Egyptian authorities, Europol, the US Department of Justice, the Office of the US Trade Representative, and the National Intellectual Property Rights Coordination Centre, per The Athletic.' (ars raw:1297; LAT raw:214 carries the same list, also crediting The Athletic) — the ACE release itself names no foreign public agency, which matches the operation page's caveat. The Egyptian side names ACE's contribution as technical: 'The probe was supported by technical information from the Alliance for Creativity and Entertainment (ACE)… as part of international cooperation to track the network's operations.' (ahram0308 raw:576). RECONSTITUTION — open-question, and the reasoning matters because two other values were live. (i) no-reconstitution-reported was rejected on dates: 'All Streameast sites now redirect to the ACE “Watch Legally” page.' (ahram0905 raw:599, AP raw:16943) is dated 11-12 days after the 24-25 August action and 0-2 days after the 3 September announcement — inside the 14-day window, so it is announcement-time status, not durability evidence. The later restatements are recaps, not fresh observations: Ahram's 2026-03-08 piece recycles its own September paragraphs verbatim in a background block (ahram0308 raw:586-596, ending 'Following the crackdown, all StreamEast domains were redirected to ACE's “Watch Legally” page'), and MPA's October filing reports transfer progress ('173 domains (so far)… with additional transfers upcoming', mpa raw:72) rather than a status check on the target. (ii) successor-named was rejected on the postdating rule: the surviving 'original' Streameast is not a successor spawned by this action — it predates it and was itself the target of the August 2024 HSI domain seizures (tf raw:273-276), so under v2 it is history, not durability. (iii) open-question is coded because the records themselves — not merely the wiki page — frame the survival as this operation's open effectiveness question: TorrentFreak's headline is 'ACE Shuts Down Giant ‘Streameast’ Piracy Ring, But the Original Survives' (tf raw:241) and its body says 'The press release doesn't mention that the original Streameast is still in operation, but ACE is undoubtedly aware of its existence' (tf raw:298) and that operator 'Quick' told users 'the service is operating as usual' (tf raw:300, with the quoted denial at raw:301); Ars runs the section head 'Original Streameast still pirating' and writes 'The endurance of the popular piracy brand is a reflection of the entangled problems facing sports rights owners and sports fans.' (ars raw:1292, 1338, 1341); ACE's own spokesperson concedes the distinction — 'ACE is aware that the original site is a different website from the one shut down in Egypt.' (ars raw:1340). This is the exception the v2 clone rule carves out, so it beats the (in any case out-of-window) down-status. as_of 2025-09-03 = date of both records carrying that framing. CROSS-OPERATION QUESTION (coordinator flag): none of this row's eight cited records mentions Markkystreams, streameast[dot]to, Hanoi, or the December 2024 civil settlement — I grepped all eight raws for 'markky', 'streameast.to', 'hanoi' and 'settlement' and the only hits are an AP script variable and an unrelated Ahram sidebar headline. The only prior action any cited record discusses is the August 2024 HSI seizure of 'several domain names linked to Streameast' (tf raw:273; ars raw:1341-1343), which the records say failed to remove the original ('The seizures were carried out by the book but did not achieve the desired effect. Streameast remained available through alternative and regularly updated domains.', tf raw:274). So the relationship between this 2025 criminal action and the December 2024 Markkystreams settlement is NOT resolvable from this row's records, and I did not code it. CORPUS SEARCH (grep -rli 'streameast|crackstreams' over wiki/sources/): 17 files, of which the eight cited plus three about the DIFFERENT December 2024 Markkystreams operation (2024-12-20 ACE, The Desk, Broadband TV News) — those three are inputs to the already-coded ace-markkystreams-… row, not to this one, and the wiki already links the two operations (related_operations + the 'Original-versus-copycat dispute' callout), so there is NO linkage gap of the kind input-rule 3 targets. Worth recording for the coordinator: the corpus's own Markkystreams source pages state that 'streameast[dot]to' was in the 138-domain December 2024 transfer set and flag the connection to this September 2025 Egyptian action as unresolved in the public record (wiki/sources/2024-12-20_ace_markkystreams-largest-live-sports-piracy-ring-138-domains.md:24, :28, :55) — consistent with what I found at record level, i.e. the corpus is honest about the gap rather than wrong about it. Remaining hits are Egypt/ACE context files (Egypt IP Law 82/2002, Movizland, Laroza, INWIPTV) that mention neither this action nor its targets in a codable way. [v3 harmonization 2026-08-13] v3: reconstitution open-question -> target-persisted. The cited records state the target itself ('Streameast live-sports piracy network', the page's own target_entity) stayed reachable after the action; that is a disruption that did not remove the target, which v2 had no value for and which open-question hid. [v3 CORRECTION 2026-08-13, codex targeted audit] This cell was recoded to `target-persisted` on 2026-08-13 and that was WRONG. The cited Ars Technica line says ACE 'is aware that the original site is a different website from the one shut down in Egypt' (raw/news/2025-09-03_arstechnica_streameast-copycat-sports-piracy-sting.md:1338-1341), so the surviving site is not this row's target; and the TorrentFreak passage about seizures that 'did not achieve the desired effect' concerns the August 2024 HSI action, which PREdates the coded 2025 action and is inadmissible under the postdating rule. Restored to `open-question`, which is the same treatment Laroza gets for brand-clone survival. [codex R3 correction 2026-08-13] The evidence text asserted ""several other Streameast-branded sites remained online"" and referenced the August 2024 seizure, and NEITHER was supported by the two lines then registered (TF:298, TF:300), which say only that the original site is still operating. Rewritten to state exactly what four now-cited lines say, and the seizure-failure and copycat-distinction lines are registered rather than alluded to. Value unchanged. A cell can hold the right value with an evidence text its own citations do not carry, and only the citations are checkable."
REG-2025-0028,ic,dominican-republic-iptv66-operacion-domo-piracy-takedown-2025,Procuraduria General de la Republica Dominicana (PGR),prosecutor,1,https://pgr.gob.do/ministerio-publico-puso-en-marcha-la-operacion-domo-contra-la-pirateria/,2025-09-16,,,Ministerio Publico puso en marcha la Operacion Domo contra la pirateria,capture,iptv-service,pool-default,true,IC census row: pool tag illegal-iptv-ic; medium defaults to iptv-service (re-read as found),independent,,dominican-republic; united-states,dominican-republic; united-states,(wiki participating_agencies #1),cooperative,wiki-fields,false,,false,none,arrest-search,true,,false,"converted from paper2/coding/dominican-republic-iptv66-operacion-domo-piracy-takedown-2025.json (coder agent-w2-2, 2026-08-13); date_source=raw-frontmatter; source_of_record=raw/press-releases/2025-09-16_pgr-dominican-republic_operacion-domo-iptv66-piracy-takedown.md; tier_basis=raw-dir:press-releases; other_cited_captures=0; quotes are the cited lines as of the coding date; stratum from wiki fields (participating_countries=2, participating_agencies=1); official_release_sourced=True. CAPTURE TIERS. (a) raw/press-releases/2025-09-16_...-iptv66-piracy-takedown.md is the workhorse and is USABLE for its quoted material: it carries, under the heading ""# Source extract (verbatim)"", the verbatim Spanish paragraphs of BOTH PGR releases — the 16 Sep announcement (raw:32-52) and the ~21 Sep coercion release (raw:60-74), captured via curl_cffi chrome124 against Cloudflare (raw:98). Everything I cite is from those quote blocks. The file's later ""# Key working English summary"" (raw:76-96) is an agent-authored digest that mixes in secondary-press material (Diario Libre, Piracy Monitor: the 1,400-channel / 14,000-title catalogue, USD 23M damages, the domain list) — RECONSTRUCTION tier, not cited. (b) raw/press-releases/2025-09-21_...-medidas-coercion-caso-complejo.md is RECONSTRUCTION tier throughout: an English-language rewrite of a Spanish release with editorial headings (""Network details (reiterated)"") that reproduces the same secondary-press figures; not cited, because the same release's verbatim Spanish is available in (a) at raw:60-74. (c) raw/press-releases/2025-09-18_...-solicita-18-meses-prision.md is RECONSTRUCTION tier and hits the protocol's sharpest tell — a capture dated 18 September that reports the outcome of the 21 September hearing (""The court subsequently (on or about 21 September 2025) rejected the 18-month preventive-prison request..."", that raw:50) — plus English editorial headings over a Spanish release, with only its lead sentence in Spanish (that raw:15). Not cited; the 18-month request is verbatim in (a) at raw:64. MODALITY. arrest-search only: ""Un equipo de 30 fiscales encabezan 19 allanamientos..."" (raw:34), ""En los allanamientos, practicados en el Distrito Nacional, San Pedro de Macoris y Jarabacoa, se ocuparon equipos electronicos, documentos y vehiculos."" (raw:40), ""los detenidos forman parte de una red de seis imputados"" (raw:44). NOT coded asset-seizure — the line I applied across this batch is that a stated freeze/forfeiture or the seizure of financial assets (cash, funds, cryptocurrency) codes asset-seizure, while physical items impounded during a raid do not; here the only items named are electronic equipment, documents and vehicles, and the operation page itself records that no cryptocurrency-seizure quantum, wallet count or account freeze appears in any PGR release (op:226, op:267). (The same line lands the other way in brazil-mjsp-operacao-404-fase-2-2020, where the record names bulk cash.) NOT coded domain-seizure or hosting-takedown: the PGR releases claim neither, and the operation page states ""0 domain seizures explicitly claimed in the PGR releases"" and ""0 servers explicitly identified as seized"" (op:224-225) — the .com/.is/.es domains sit outside Dominican seizure authority. JUDICIAL. arrests n=6: ""Las investigaciones establecieron que los detenidos forman parte de una red de seis imputados, de los cuales cuatro ya habian sido condenados en los Estados Unidos en el ano 2017 por hechos similares de pirateria digital."" (raw:44), reinforced by the coercion release's ""contra seis integrantes de la red de pirateria digital desmantelada mediante la Operacion Domo"" (raw:60) and the six-name bail list (raw:64). indictments n=6: ""Los integrantes de la red enfrentaran cargos por violacion a la propiedad intelectual y lavado de activos, delitos sancionados en Ley 65-00 sobre Derecho de Autor, la Ley 53-07 sobre Crimenes y Delitos de Alta Tecnologia, asi como la Ley 155-17 contra el Lavado de Activos y Financiamiento del Terrorismo."" (raw:52) plus the court's imposition of coercion measures on the six named imputados (raw:64). BORDERLINE, flagged: the charging verb is future (""enfrentaran cargos"") and Dominican procedure reaches its formal acusacion only after the investigation — which the ""tramitacion compleja"" declaration (raw:62) deliberately extends — so a stricter reading would code pending. I code n=6 because all six hold imputado status with named statutes and court-imposed coercion measures, which is the charging stage the protocol's ""indictments (charges)"" heading describes. convictions/imprisonments not-reported: the case was pre-trial at the last record and the operation page records ""0 convictions to date"" (op:222). NOTE on the custodial boundary: the only custody question in the record is PRE-TRIAL — ""El Ministerio Publico habia solicitado al tribunal que impusiera a los imputados 18 meses de prision preventiva... pero, la jueza Fatima Veloz dispuso una garantia economica de RD$7,000,000 para Leonardo Alberto Casci Ocumarez y Raul Ernesto Guzman Lora; de RD$5,000,000 para Keomirys Torres Lopez; de RD$3,000,000 para Victor Luis Torres Lopez; de RD$1,500,000 para Raul Ernesto Guzman Croes, y de RD$3,000,000 para Leony Esmeralda Croes, ademas del impedimento de salida del pais y la presentacion periodica."" (raw:64). Preventive prison is not a sentence, so neither its request nor its denial touches the imprisonments cell. latest_record_date 2025-09-21 (the coercion release, quoted verbatim in the 09-16 capture). RECONSTITUTION open-question, page_only — see the evidence field; no PGR record speaks to the platforms' status after 16 September 2025. CORPUS SEARCH (IPTV66 | Operacion Domo | Servidor Privado | Casci Ocumarez over wiki/sources/) returned the three cited PGR pages plus three unrelated hits (_index, an ASEP Panama resolution, a LaLiga Argentina page) AND ONE REAL LINKAGE GAP: wiki/sources/2026-07-07_us-doj_pro-ip-act-annual-reports-fy2014-fy2023-series.md, whose FY2022 extract records ""case-based mentoring of the Dominican Republic's DICAT on digital-piracy investigation 'IPTV66' — operational security, secure bitcoin purchases, record keeping (May 2022) (p. 32)"" (raw/government-reports/2024-06-18_us-doj_pro-ip-act-annual-report-fy2022-ic-extract.md:16, and again at raw:30 and raw:38). That is a US tier-1 own-record of US involvement in the IPTV66 investigation, and the operation page currently asserts the opposite in two places — ""No US Department of Justice or HSI own-domain release referencing the same operation / defendant set was located"" (op:241, op:269) and missing_fields ""us-side-press-release-or-charging-document-confirmation"" (op:46). The wiki page should cite it. It changes no coded cell: it is ICHIP capacity-building three years before the action, with no modality, judicial or durability content, so it does not enter latest_record_date."
REG-2025-0029,ic,italy-us-netherlands-gdf-cagliari-audiovisual-piracy-streaming-takedown-2025,Guardia di Finanza (Italy) — Comando Provinciale di Cagliari (gdf.gov.it own-domain release),le,1,https://www.gdf.gov.it/it/gdf-comunica/notizie-ed-eventi/comunicati-stampa/anno-2025/settembre/avviata-vasta-operazione-anti-pirateria-audiovisiva,2025-09-17,,,Avviata vasta operazione anti-pirateria audiovisiva,capture-h1,iptv-service,pool-default,true,IC census row: pool tag illegal-iptv-ic; medium defaults to iptv-service (re-read as found),independent,,italy; united-states; netherlands,italy; united-states; netherlands,,cooperative,wiki-fields,false,,false,none,arrest-search,true,,false,"converted from paper2/coding/italy-us-netherlands-gdf-cagliari-audiovisual-piracy-streaming-takedown-2025.json (coder agent-w2-1, 2026-08-13); date_source=raw-frontmatter; source_of_record=raw/press-releases/2025-09-17_gdf-gov-it_cagliari-anti-pirateria-audiovisiva-streaming-takedown.md; tier_basis=raw-dir:press-releases; other_cited_captures=0; quotes are the cited lines as of the coding date; stratum from wiki fields (participating_countries=3, participating_agencies=0); official_release_sourced=True. CAPTURE TIER: HYBRID, and the split matters on this row. Lines raw:12-30 are the GdF gdf.gov.it release body, labelled ""Testo riportato verbatim"" (raw:16) and reading as continuous Italian release prose including the standing presumption-of-innocence preamble that a summarizer would not invent (raw:18) — treated as USABLE and the only thing coded from. Lines raw:34-45 are an agent-authored digest headed 'Additional facts from ANSA Sardegna tier-1 reproduction' (bulleted English facts, two marked verbatim blockquotes at raw:42 and raw:44) — RECONSTRUCTION tier; nothing is coded from it. The capture carries no fetch metadata at all (no http_status, no content_hash, no word_count, no fetcher), so the usable call rests on the internal evidence just described rather than on a recorded 200. PROTOCOL DEFECT (repeat): v2's three tiers are defined per CAPTURE, and this file — like the fase-5 pilot capture, where the same gap was flagged — is two tiers in one file. The protocol does not authorize a per-line split, and I have made one; a v3 rule for hybrid captures is needed, otherwise coders will keep improvising it. MODALITY: arrest-search only — ""Militari del Comando Provinciale della Guardia di finanza di Cagliari hanno svolto, in questi giorni, sequestri e perquisizioni in diverse regioni italiane a contrasto dello streaming illegale di contenuti televisivi e a tutela del diritto d'autore."" (raw:20). Did NOT code hosting-takedown: the release names servers only as a LAYER OF THE CHAIN whose participants were identified — ""identificando una serie di soggetti coinvolti lungo la filiera della pirateria, inclusi fornitori di contenuti, reti di distribuzione e server"" (raw:22) — and never says a server was seized or shut down; the object of the 'sequestri' is left unspecified, and the operation page's frontmatter and missing_fields both record servers_seized as unknown/zero. BORDERLINE CALL — end-user-action NOT coded: the GdF command's quoted statement says the operation makes it possible ""di sanzionare penalmente e amministrativamente tutti i potenziali acquirenti in fase di identificazione"" (raw:28), and the digest lists forthcoming bank-flow and chat analysis to enumerate subscribers (raw:45). Both are PROSPECTIVE — purchasers are described as still in the identification phase, and no sanction against any end user is stated to have been imposed. The protocol's rule is to code what the record says happened, so this stays out; it is the single most likely cell to change if a follow-up release lands. Did NOT code intermediary-process: the cross-border step is authority-to-authority evidence acquisition (""le attività investigative stanno ora proseguendo per la ricostruzione dell'intera filiera e l'acquisizione di ulteriori fonti di prova"" with the involvement of US and Netherlands authorities, raw:24), not a subpoena or disclosure order served on a CDN, registrar or host. No domain, platform or brand name appears anywhere in the release, so no domain-seizure, blocking-order or content-delisting is available. JUDICIAL: arrests not-reported — the record uses indagati (persons under investigation) throughout and never states a detention; the operation page lists results.arrests in missing_fields for the same reason; the frontmatter seed arrests: 0 is not read as a source statement. indictments pending — the GdF preamble states the case is in the preliminary-investigation phase with judgment awaited: ""per quanto fino emerso nella fase delle indagini preliminari, salvo gli ulteriori approfondimenti e in attesa di giudizio"" (raw:18, the publisher's own wording reproduced including its 'fino emerso' typo), and the investigation is expressly continuing with foreign-authority evidence acquisition (raw:24). NOT coded n=10: the ANSA-derived figure of ""10 indagati"" (raw:36, reconstruction tier) counts persons under investigation, and an indagato under Italian procedure is not yet an imputato — the count belongs to the investigation stage, not to the charging stage, so it is recorded here rather than as a judicial value. This is the same call made on the Bulgaria pre-trial-proceedings row and the German Ermittlungsverfahren row: proceedings underway supports pending, and no count is asserted. convictions and imprisonments not-reported — no charge, trial, judgment or sentence appears; the operation page's own warning callout says the release 'does not announce arrests, indictments or convictions'. Right-censored at announcement, 2025-09-17. latest_record_date 2025-09-17 = GdF byline; the ANSA reproduction cited in the digest carries the same date (17:42 CEST). RECONSTITUTION not-reported: the target is described as a ramified transnational supply chain with no platform, domain or brand name that could be observed up or down, and no cited record speaks to its status after 17 September 2025. The operation page's Follow-Up Actions section confirms the corpus holds no later GdF or Procura di Cagliari release on this matter. CORPUS SEARCH ('Cagliari', 'Guardia di Finanza'/'gdf' filename sweep of wiki/sources/): the only same-operation source is the one cited. Other Cagliari hits are unrelated (the 2019 AAPA Premier League raids, the 2023 Italian anti-piracy law, Operazione Trust 2024, a 2025 CPS UK matter, Operazione Mad Hatter 2026); other GdF hits are different Italian operations (Aphrodite II 2019, Impero IPTV 2023, the Europol IP crime conferences). NO LINKAGE GAP. Noted for the coordinator: this row's entire cross-border content is one clause naming two jurisdictions with no agency, no instrument and no executed foreign act — unlike the Rosenheim row, where foreign seizures were actually carried out; the operation page's Legal Framework section names the 1982 Italy-US MLAT, the 2006 supplementary instrument and the EIO, none of which is in the record."
REG-2025-0030,de,DOM-2025-1002,Polizia di Stato (Polizia Postale),le,1,https://www.poliziadistato.it/articolo/operazione--gotha-2---arrestati-sette-pirati-dello-streaming-illegale,2025-09-26,,,"Operazione ""Gotha 2"": arrestati sette pirati dello streaming illegale",,iptv-service,,true,"operation 'Gotha 2': arrest of seven leaders of the Italian illegal-IPTV market (~70% of national illegal streaming, 900,000+ users)",independent,,italy,italy,Centro operativo per la sicurezza cibernetica di Catania; Servizio polizia postale e per la sicurezza cibernetica di Roma,domestic,,false,,false,none,arrest-search,true,,true,"QUEUE DEFECT: the queue's sources[0] for this row is degenerate (publisher None, tier None, raw None, url truncated to '.../operazione--gotha-2'). Rule 1 would make this a shell row; instead the DE action page (Cyber-crime-DE/wiki/actions/operation-gotha-2-catania-iptv-italy-2025.md) carries a real source (publisher 'Polizia di Stato (Polizia Postale)', tier 1, url as given here, raw raw/2025-09-26_poliziadistato-it_operazione-gotha-2-iptv-streaming.md) which exists locally, so it was copied to DOM-2025-1002.txt and coded from it; needs_review so the coordinator can accept or reject that departure — url/publisher/tier here come from the DE page, not the queue. Agrees with DE domestic: leaders 'sia all'estero' (unspecified) and servers rented from 'società di hosting estere' describe the crime. UNIT: the release calls Gotha 2 'il naturale proseguimento dell'indagine Gotha conclusa nel 2022' (= DOM-2022-1001); coded independent (a new named arrest operation three years later, as DE holds it with related_actions) but a coordinator may fold it as the arrest stage of DOM-2022-1001. Seized devices (computer, smartphone, server) are referred to as already seized and not attributed to this action — no hosting-takedown. IT 'arrestate' = pre-trial custody measures, counted as arrests; indagati accusati → pending. Sky, Dazn, Mediaset, Amazon prime, Netflix named as victims only. Older-format capture with site chrome; release body complete. Word count includes frontmatter and chrome."
REG-2025-0031,ic,thailand-dsi-ace-inwiptv-operation-dev-shutdown-2025,The Korea Herald,other,2,https://www.koreaherald.com/article/10589239,2025-10-02,,,"Thai Authorities, Supported by ACE, Raid and Shut Down Notorious Illegal IPTV Service",capture,iptv-service,pool-default,true,IC census row: pool tag illegal-iptv-ic; medium defaults to iptv-service (re-read as found),independent,,thailand,thailand,(wiki participating_agencies #1); (wiki participating_agencies #2); (wiki participating_agencies #3); (wiki participating_agencies #4),domestic,wiki-fields,false,,true,wiki-flag,arrest-search; hosting-takedown,false,publisher_type=other,false,"converted from paper2/coding/thailand-dsi-ace-inwiptv-operation-dev-shutdown-2025.json (coder agent-w2-1, 2026-08-13); date_source=raw-frontmatter; source_of_record=raw/news/2025-10-02_koreaherald_thai-dsi-inwiptv-operation-dev-shutdown.md; tier_basis=raw-dir:news; other_cited_captures=2; quotes are the cited lines as of the coding date; stratum from wiki fields (participating_countries=1, participating_agencies=4); official_release_sourced=True. CAPTURE TIERS: the ACE own-domain capture that the operation page lists FIRST is RECONSTRUCTION tier — raw/press-releases/2025-10-02_ace_thai-dsi-inwiptv-operation-dev-shutdown.md is a single agent-written paragraph (raw:11) summarising the release in the third person and appending cross-references to other 2025 ACE actions (Outer Limits, Streameast, Rare Breed TV) and to INTERPOL I-SOP geography; it contains no verbatim release text at all. Nothing is coded from it. The three news captures are USABLE (curl_cffi, fulltext): Korea Herald carries the PRNewswire distribution of the ACE release itself, i.e. the release text verbatim (raw:153-163); Advanced Television (raw:57-67) and Broadband TV News (raw:81-89) are independent rewrites carrying the same figures and the same two named quotes. Coding therefore rests on the wire text rather than on the digest. MODALITY: arrest-search — ""The DSI obtained search warrants and conducted coordinated search operations across six locations in Nonthaburi and Bangkok on September 21st. Twelve employees were brought in for questioning as part of the search operations."" (advanced-television raw:61; same text at koreaherald raw:157, and broadbandtvnews raw:85). hosting-takedown — 46 servers taken plus the service going down: ""Additionally, over 150 pieces of evidence were seized, including large-scale unauthorised signal transmission equipment, 46 servers, electronic storage devices, financial documents and records, and multiple IPTV devices."" (advanced-television raw:63) and the release's own lede that the DSI ""has shut down INWIPTV"" (koreaherald raw:153). BORDERLINE, resolved toward coding: the servers are framed as evidence, and on other rows I refused hosting-takedown where hardware was evidentiary (the Rosenheim receivers, the Awan Merah phones) — the difference here is that the 46 servers ARE the service's transmission infrastructure and the record states the service stopped as a result, which is the modality's second limb (""seized or shut down""). Did NOT code asset-seizure: the financial documents and records are evidence, and no freeze, forfeiture or seized value is stated anywhere (the operation page agrees: ""ACE materials do not separately report formal arrests, indictments, or asset-forfeiture orders""). Did NOT code domain-seizure, blocking-order, content-delisting, payment-disruption or end-user-action: no domain, no injunction, no delisting, no payment rail and no subscriber action appears in any record — the operation-page frontmatter also carries domains_seized: 0. JUDICIAL: all four stages not-reported, which is the honest reading of a record that stops at questioning. ""Twelve employees were questioned"" (broadbandtvnews raw:85) is explicitly NOT an arrest — the pilot's Mobdro row already fixed this boundary (Eurojust's '1 arrest + 3 questioned') — and no record says whether any of the twelve was arrested, released, or charged; the operation page lists exactly that as an open gap (""Whether any of the 12 employees were subsequently arrested, charged, or released without charge not reported""). indictments NOT coded pending, and the line is worth stating because I coded pending on three other rows in this batch: Huge Hit said six pre-trial proceedings were OPENED against suspects, Rosenheim said prosecutors had been investigating a named accused for a year, Cagliari said the case was in the preliminary-investigation phase awaiting judgment. This record says none of those things — it reports an executed search and questioning, with no statement that a case has been opened against anyone, no accused identified, no referral to a prosecutor. Treating a search warrant as proof of proceedings underway would make pending mean 'an investigation exists', which would empty the value of content. convictions and imprisonments not-reported: no charge, plea, verdict or sentence; the operation page confirms nothing further is documented through 2026-05. Right-censored twelve days after the action. latest_record_date 2025-10-03 = Advanced Television and Broadband TV News bylines. DATE CONFLICT recorded: the Korea Herald source page is dated 2025-10-02, but the PRNewswire dateline inside its own capture reads ""LOS ANGELES , Oct. 3, 2025 /PRNewswire/"" (raw:153); the later date is used, and it does not change any cell. RECONSTITUTION not-reported, by twelve days: an affirmative down-status for the target EXISTS and is stated by three records — the DSI ""has shut down INWIPTV"" (koreaherald raw:153, advanced-television raw:57) and ""Thai authorities have closed one of the country's most prominent pirate IPTV networks"" (broadbandtvnews raw:81) — but the raid was 2025-09-21 and the records are 2025-10-02/03, i.e. eleven and twelve days later, inside the protocol's 14-day exclusion window. A record dated 2025-10-05 or later carrying the same sentence would make this no-reconstitution-reported; none exists in the corpus. No successor, relaunch or new domain is named, and no record revisits the service. CORPUS DEFECT (unsourced claims on the operation page): the page's target_entity, results.other, Background, Challenges and a Contradictions callout all carry (a) an embedded-gambling advertising revenue stream (baccarat, sic bo, roulette, sports betting) and (b) a combined annual turnover ""in excess of THB 1 billion (~USD 28 million)"", and the callout attributes (a) and (b) directly to the release: ""ACE's release notes that INWIPTV used advertising space to hide links to gambling websites and that combined annual turnover exceeded THB 1 billion (~USD 28 million)."" Neither claim appears in ANY of the four captures — a grep for 'gambl', 'baccarat' and 'billion' across all four raws returns nothing. Nothing of that is coded here, and the frontmatter's Computer Crime Act / Penal Code gambling legal_basis rests on the same unsupported material. CORPUS SEARCH ('INWIPTV', 'FWIPTV', 'DEV Shutdown' across wiki/sources/ and raw/): the only other hit is a related-posts teaser for this same story inside the ACE Streameast capture (raw/press-releases/2025-09-03_ace_streameast-worlds-largest-live-sports-piracy-ring.md:468), which is site furniture, not a record. NO LINKAGE GAP."
REG-2025-0032,walk-2026-08-17,DPH-2,Intellectual Property Office of the Philippines (IPOPHL),ministry-regulator,1,https://www.ipophil.gov.ph/news/ipophl-requests-to-block-several-piracy-sites-calls-for-respect-of-creators-rights-this-national-anti-piracy-month/,2025-10-07,,,"IPOPHL requests to block several piracy sites, calls for respect of creators’ rights this National Anti-Piracy Month",,streaming-site,,true,administrative site-blocking of 13 FREECINE film-streaming sites/app and asyaminik.com,independent,,philippines,philippines,"Intellectual Property Office of the Philippines (IPOPHL); Viva Communications, Inc.; VIVAMAX",domestic,,false,,false,coder,blocking-order,true,,false,"[orgs-rule-only] Two site-blocking requests (13 FREECINE-related sites; ASYAMINIK) under Memorandum Circular 23-025 (Rules on Voluntary Administrative Site Blocking) bundled in one release — coded as one row; coordinator may split. Blocking is a request to ISPs under a voluntary administrative scheme — coded blocking-order (ISP blocking) with that caveat. Dates of the requests not given ('recent'). Viva Communications / VIVAMAX = named complainant -> cooperative on the orgs rule only, one state. [2026-08-17 coordinator: stratum cooperative->domestic by the states-only rule (DE CODEBOOK s.3 v1.11+); coder's value kept as stratum_as_coded]"
REG-2025-0033,ic,multichoice-irdeto-kenya-score808-waka-tv-sports-piracy-enforcement-2024-2025--wakatv-2025,Techish Kenya,other,2,https://tech-ish.com/2025/10/13/waka-tv-underground-network-exposed-eldoret-dci-raid-cuts-off-64-subscribers/,2025-10-13,,,"WAKA TV underground network exposed in Eldoret as DCI raid cuts off 64 subscribers, starts court prosecutions - • 𝐭𝐞𝐜𝐡-𝑖𝑠ℎ",capture,iptv-service,pool-default,true,IC census row: pool tag illegal-iptv-ic; medium defaults to iptv-service (re-read as found),independent,multichoice-irdeto-kenya-score808-waka-tv-sports-piracy-enforcement-2024-2025,kenya,kenya,,domestic,wiki-fields,false,,true,wiki-flag,arrest-search,false,publisher_type=other,false,"converted from paper2/coding/multichoice-irdeto-kenya-score808-waka-tv-sports-piracy-enforcement-2024-2025--wakatv-2025.json (coder agent-split-ke, 2026-08-13); date_source=source-page; source_of_record=raw/news/2025-10-13_tech-ish_waka-tv-eldoret-dci-raid-prosecution.md; tier_basis=raw-dir:news; other_cited_captures=0; quotes are the cited lines as of the coding date; stratum from wiki fields (participating_countries=1, participating_agencies=0); official_release_sourced=False; component_of=multichoice-irdeto-kenya-score808-waka-tv-sports-piracy-enforcement-2024-2025. COMPONENT B of a two-action page (COMPOSITE_SPLIT). Coded from the WAKA TV record ONLY. Nothing is carried over from the combined file paper2/coding/multichoice-irdeto-kenya-score808-waka-tv-sports-piracy-enforcement-2024-2025.json: its hosting-takedown code and its relaunch-reported durability both came from the 2024 score808 records and neither survives contact with this component (see MODALITY and RECONSTITUTION).

CAPTURE TIERS AND INPUT SCOPE. Techish Kenya, raw/news/2025-10-13_tech-ish_waka-tv-eldoret-dci-raid-prosecution.md — USABLE (curl_cffi, 1004 words); article body at raw:73-125 inside site navigation and related-post chrome. Two exclusions inside that body: the embedded tweet at raw:107-113 is a third-party commentator's post reproduced by the article ('— Dickson Otieno (@DicksonOtieno) October 13, 2025'), not the outlet's reporting, so its line 'Involvement: Multichoice.' (raw:109) is not cited; and raw:85-97 is a 'Make tech - ish your favourite news source' Google-News promo interrupting the article. The two 2024 records the parent page cites (MultiChoice press release, Piracy Monitor) are about score808, a different target and a different action eleven months earlier, and are NOT inputs to this row — the MultiChoice one is in any case CAPTURE-UNUSABLE (its entire extracted text is a cookie-consent banner; documented on the score808 component).

MODALITY. arrest-search, raw-level, and it is the ONLY code this component earns: 'a sting operation in Eldoret led to the arrest of a man allegedly behind the sale and distribution of pirated WAKA TV and other IPTV services.' (raw:73); 'Kelvin Kiplang’at Singoéi was nabbed in Kiplombe, Uasin Gishu County, following a joint operation led by the Kenya Copyright Board (KECOBO) in collaboration with the Directorate of Criminal Investigations (DCI) and other enforcement agencies.' (raw:75); 'A raid at the suspect’s premises uncovered two mobile phones, 135 printed marketing flyers, and a “WAKA TV pirate control panel” allegedly used to manage accounts.' (raw:81).

NO INFRASTRUCTURE CODE — stated explicitly because the combined file had one and it was score808's. hosting-takedown is the live borderline call and I rejected it: no record states that a server, host or the WAKA TV service was seized or shut down. What the record states is that the raid 'uncovered' a control panel on the suspect's premises — a seizure verb already carried by arrest-search — and that 'Using that panel, officers were able to instantly disconnect 64 unauthorized subscribers who had been accessing pirated IPTV streams.' (raw:81). Disconnecting subscriber accounts through a recovered management interface is not the seizure or shutdown of hosting infrastructure, and the article's own closing treats the service's continued existence as unsettled rather than ended (raw:125). Flagged for the coordinator: if the census elsewhere treats an operator's seized account-management panel as hosting-takedown, this row should move with the rest, but on the record's verbs alone it does not. end-user-action is NOT coded: CODING.md v3 restricted the code to measures applied to identified end users and names this very row as one of the two that lose it — the 64 disconnections are service interruption, i.e. the effect of the enforcement already coded, and no subscriber is identified, fined, written to or proceeded against. Also not coded, with no supporting verb anywhere: domain-seizure, blocking-order, content-delisting, payment-disruption, intermediary-process, voluntary-transfer, asset-seizure (the two phones, 135 flyers and control panel are evidence/instrumentalities; the KES 300,000 cash bail is a bail deposit paid BY the defendant, not a seizure).

JUDICIAL. Counting unit natural persons; one man, Kelvin Kiplang'at Singoéi, throughout. arrests n=1, raw-level (raw:73 'the arrest of a man', raw:75 'was nabbed', raw:117 'After his arrest'). indictments n=1, raw-level but DERIVED and flagged: no record uses the word 'charged'. The charging event is 'After his arrest, Singoéi appeared before the Chief Magistrate’s Court in Eldoret on October 7, 2025.' with 'He was released on a cash bail of KES 300,000 with a surety of the same amount.' and 'The case is scheduled for pre-trial on October 13, 2025, and prosecutors say they’ll present evidence and witness statements linking him to the elaborate piracy network.' (all raw:117), preceded by 'The DCI says Singoéi was processed by KECOBO after the bust and prepared for prosecution.' (raw:83); the article's own headline is 'starts court prosecutions' (raw:67). A named natural person before a magistrate, with bail terms imposed and a pre-trial date set, is past a pre-charge referral, so this is n=1 and not 'pending'. Kenya is a common-law jurisdiction, so no non-common-law term mapping applies. convictions pending: the same passage puts the matter at pre-trial on 13 October 2025 with prosecutors stating they will present evidence and witness statements — a proceeding underway, no verdict in any cited record. imprisonments not-reported: he was RELEASED on bail, which is the opposite of custody, and no sentence exists to have a custodial component; this is silence, not 'none-stated', because no record describes a completed outcome. (Pre-trial remand would not have counted here in any event.) latest_record_date 2025-10-13 = the Techish byline in the capture, 'Hillary Keverenge October 13, 2025' (raw:69), which is also the day the pre-trial was set for — the row is right-censored at the pre-trial threshold with nothing published after it in the corpus.

RECONSTITUTION — the task's KNOWN ISSUE, resolved against this component. The combined file coded relaunch-reported on the strength of 'However, the score808.us site was again active at the time of this article (early November, 2024) which may mean that a backup of the site had been implemented elsewhere.' That evidence attaches to the score808 component and CANNOT attach here on two independent grounds: it concerns a different target (score808.us, not WAKA TV), and it PREDATES this action by about eleven months, so CODING.md's rule that durability evidence must postdate the coded action excludes it outright. Coded open-question instead, record-raised (hence page_only false): the article closes 'For now, 64 disconnected subscribers somewhere in Eldoret are probably staring at blank screens, waiting to see if their next “fix” comes back or if this is the end of the WAKA TV era.' (raw:125) and hedges at raw:121, 'The days of casually buying WAKA TV from Telegram channels and rental shops may be numbered.' — the record posing, in its own words, the unresolved question whether the target survives the action. Calibrated against the corpus's existing treatment of the same shape: Laroza is open-question on TorrentFreak's 'How effective this message is, has yet to be seen.', and Streameast is open-question on a record-raised effectiveness question. The alternative reading, which I record because it is defensible: this is contemporaneous journalistic speculation published within a week of the arrest rather than an observation of post-action status, which would make the cell not-reported. I chose open-question because the code is defined by the presence of an unresolved effectiveness question about this target, not by an elapsed interval, and CODING.md deliberately declines to narrow it. no-reconstitution-reported is ruled out: no record affirms the service down, and even a down-status here would fall inside the 14-day announcement window.

PARTICIPATING COUNTRIES ESTABLISHED BY THE RECORD: ONE — Kenya. The executing bodies are KECOBO (lead), the DCI 'and other enforcement agencies' (raw:75), all Kenyan; the court is the Chief Magistrate's Court in Eldoret (raw:117). No foreign law-enforcement body appears. The only cross-border actor named is MultiChoice, and only as victim and general anti-piracy actor: 'MultiChoice, one of the biggest victims of illicit IPTV redistribution, has been an active player in anti-piracy enforcement. KECOBO credited collaboration with broadcasters and investigators for helping track down the operation.' (raw:119) — no country is attached to it in this record, and it is a private company either way. NOTE a page-level over-reach the split exposes: the operation page's participating_agencies list Irdeto and MultiChoice/SuperSport for the operation as a whole, and the page's own missing_fields concedes that 'Irdeto's and SuperSport's WAKA-TV-specific (2025) role is inferred from the score808 (2024) sources; source [3] names only MultiChoice generically for the WAKA TV matter.' Irdeto is named nowhere in the WAKA TV record.

CORPUS SEARCH (CODING.md input step 3): grep -i 'score808|score 808|WAKA TV|KECOBO|Kenya Copyright Board|Singo' over wiki/sources/ returns five files — the three the parent page cites, wiki/sources/_index.md (catalog), and wiki/sources/2024-03-07_justice-gov-za_doj-multichoice-mou-combatting-piracy.md, a South African DOJ–MultiChoice memorandum of understanding, a different matter. No source page about WAKA TV exists beyond the one cited. NO linkage gap.

DEFECTS FOUND (reported, not fixed — raw/ and wiki/ are read-only for this pass). (1) STRUCTURAL, and it is the reason for this split: the parent page presents two unrelated targets, two years apart, with two separate suspects, under one standalone operation heading, and its aggregate frontmatter (results.arrests: 2, enforcement_type, status: ongoing) blends them — the 'ongoing' status is true only of the WAKA TV prosecution, while score808 has no reported judicial step at all. (2) The parent page's Contradictions & Open Questions section reads 'No separate content recorded for this section.' although its own cited record leaves this component's outcome explicitly unresolved (raw:125) and reports the OTHER component's target back online (Piracy Monitor raw:125). (3) The parent page's source page for this record states 'Verified via web search (L2/L17)' and lists corroboration by 'Techweez, TechMoran, Music In Africa', none of which is in the corpus — so the WAKA TV component rests on exactly one captured record, and every judicial cell above is single-sourced. (4) Minor: the wiki source page and the parent page both render the defendant's name 'Kelvin Kiplang'at Singoéi' consistently with the capture, but the capture's 'Singoéi' spelling is the outlet's and is uncorroborated in-corpus."
REG-2025-0034,walk-2026-08-17,DTW-1,內政部警政署刑事警察局,le,1,https://www.cib.npa.gov.tw/ch/app/news/view?module=news&id=1885&serno=678ae8e8-da35-445a-9d67-8355f4b93c23,2025-10-20,,2023-08,刑事局破獲非法機上盒犯罪集團案 侵權市值高達新臺幣11億元,,isd-retail,,true,,independent,,taiwan,taiwan,臺灣桃園地方檢察署; 刑事警察局智慧財產權偵查大隊; 中華民國衛星廣播電視事業商業同業公會; 非凡傳播股份有限公司; 美國創意與娛樂聯盟（簡稱ACE）; 美國電影協會（簡稱MPA）; 日本一般社團法人內容產品海外流通促進機構（簡稱CODA）; 臺灣桃園地方法院,domestic,,false,,true,coder,arrest-search; blocking-order,true,,false,"date_source: '發布日期：114-10-20' (ROC 114 = 2025). action_date: three search dates '112年8月9日、113年8月7日、114年4月16日' (2023-08-09, 2024-08-07, 2025-04-16) -> coded 2023-08 (main raid; 11 persons brought in), the others in notes. Taiwan only executes; ACE/MPA (US) and CODA (Japan) are named private complainant bodies, not state authorities -> countries_named [taiwan]. Named organisations with roles: Taoyuan District Prosecutors (偵辦單位), CIB IPR Investigation Brigade, the satellite-TV trade association (complainant for 非凡傳播 + 15 TV companies), ACE, MPA, CODA (complainants), Taoyuan District Court (search warrant; DNS de-resolution order) -> cooperative. Judicial: '11人到案' (Aug 2023) + admin '何○○到案' (Aug 2024) = 12 suspects brought in (到案 = brought in/questioned, not necessarily formal arrest; coded arrests n=12 derived-from-enumeration with this caveat); referred to Taoyuan prosecutors under the Copyright Act -> indictments pending (referral-inferred). Modality: court-warrant searches (arrest-search); court-ordered 'stop DNS resolution' of the app's domains ('網域停止解析') -> blocking-order (DNS-level, court process; not a domain seizure); 455 illegal boxes + records seized as evidence. >8,000 boxes sold; rights-holders estimate NT$1.1bn. Dedup: candidate table flags the same network as the IC page coda-taiwan-xiongai-xiaoyun-isd-illegal-tv-app-takedown-2023 (Yilan prosecutors, 小雲機上盒, 7 arrests Aug 2023); that page itself lists 'CODA news/814 (2025): Taoyuan District Prosecutors charge 12 for ISD sales' as a separate, un-ingested matter -- this CIB release (Taoyuan, 12 suspects, Yougurt TV app) matches that 2025 Taoyuan matter, so likely a DIFFERENT action from the Yilan case; verdict possible-dup for the coordinator to settle against the CODA JP-2 candidate. [2026-08-17 coordinator: stratum cooperative->domestic by the states-only rule (DE CODEBOOK s.3 v1.11+); coder's value kept as stratum_as_coded] [2026-08-17 coordinator, codex IC reg1: possible-dup -> new. The IC page coda-taiwan-xiongai-xiaoyun-isd-illegal-tv-app-takedown-2023 records the Yilan/Taichung actions (熊愛影視 March 2023, 小雲機上盒 August 2023, 4+7 arrests) and itself lists the 2025 Taoyuan matter (CODA news/814, 12 charged) as separate and un-ingested; this CIB release is that Taoyuan case (Yougurt TV app, searches 2023-08-09/2024-08-07/2025-04-16, 12 suspects) -> distinct action] [2026-08-18 coordinator, re-read (4 verifiers, CODING v4): arrests quote re-anchored (value n=12 unchanged): the old quote ('共計查獲張○○等11人到案') is a brought-in count, which CODING v4 does not treat as arrest; the CIB release's own '查獲犯嫌' field enumerates 12 apprehended suspects (查獲 = apprehended, counted like KO 검거; 到案 alone is not) -- n=12 stands on that field]"
REG-2025-0035,walk-2026-08-17,DTH-18,กรมสอบสวนคดีพิเศษ (DSI) กระทรวงยุติธรรม,le,1,https://www.dsi.go.th/th/Detail/bc63c9f9d9240e93f934640aacd52911,2025-11-11,,,"DSI คุมตัวผู้ต้องหาเครือข่ายพนันออนไลน์และฟอกเงินพื้นที่ภาคเหนือส่งอัยการพร้อมสำนวน หลังพบบัญชีม้า เชื่อมโยงในคดีละเมิดลิขสิทธิ์ถ่ายทอดสดฟุตบอลพรีเมียร์ลีก มูลค่าความเสียหายกว่า 2,400 ล้านบาท",,live-sports-stream,,true,"free Premier League live-streaming websites monetised through nine online-gambling sites; the forwarded charges are gambling and money-laundering offences, but the release frames the case as the copyright/streaming network (special case 26/2568)",independent,,thailand,thailand,กรมสอบสวนคดีพิเศษ; สำนักงานป้องกันและปราบปรามการฟอกเงิน (สำนักงาน ปปง.),domestic,,false,,false,none,arrest-search; asset-seizure,true,,false,"date_source: 'เผยแพร่: 11 พ.ย. 2568' (BE 2568 = 2025). Case file 26/2568 and the detained suspect 'นายเอ' (pseudonym) delivered to the Special Case prosecutors on Monday 10 Nov 2025 with an opinion to prosecute (indictments pending, referral-inferred; local term ความเห็นสั่งฟ้อง); the search/arrest date is not given -> action_date null. Arrests n=1 (the suspect in custody, 'คุมตัว'); arrest warrants for 7 further network members at large (not counted). Asset freeze >THB 80 m jointly with AMLO (named -> counted -> cooperative under the org-count rule). Note the forwarded charges are gambling/money laundering; copyright is the linked case. Possibly related to DTH-12 (Premier League streaming + mule accounts, 2024) but a different special-case number and region (north) -- treated as a separate action. [STRATUM RECOMPUTED 2026-08-17: REGISTER.md was revised mid-slice to the states-only rule (organisation counts play no part); this row was first coded cooperative on the org-count reading described above and is now domestic because countries_executing=1.]"
REG-2025-0036,ic,portugal-spain-europol-euipo-iptv-crypto-cyber-patrol-2025,Europol,igo,1,https://www.europol.europa.eu/media-press/newsroom/news/eur-47-million-in-crypto-traced-to-disrupt-digital-piracy-services,2025-11-19,,,EUR 47 million in crypto traced to disrupt digital piracy services,capture,iptv-service,pool-default,true,IC census row: pool tag illegal-iptv-ic; medium defaults to iptv-service (re-read as found),independent,,portugal; spain,portugal; spain,(wiki participating_agencies #1); (wiki participating_agencies #2); (wiki participating_agencies #3),cooperative,wiki-fields,false,,true,wiki-flag,payment-disruption,true,,false,"converted from paper2/coding/portugal-spain-europol-euipo-iptv-crypto-cyber-patrol-2025.json (coder agent-w2-3, 2026-08-13); date_source=raw-frontmatter; source_of_record=raw/press-releases/2025-11-19_europol_eur-47-million-crypto-traced-disrupt-digital-piracy.md; tier_basis=raw-dir:press-releases; other_cited_captures=1; quotes are the cited lines as of the coding date; stratum from wiki fields (participating_countries=2, participating_agencies=3); official_release_sourced=True. CORPUS-SEARCH FIND (input rule 3) — THE OPERATION PAGE IS MISSING ITS BEST SOURCE. The page's frontmatter `sources` lists only two entries (the PJ Portugal capture and a 2024 EUIPO/Europol strategic report), and its References section names the Europol newsroom release by URL only. But the corpus HOLDS that release as a full source page and a usable capture: wiki/sources/2025-11-19_europol_eur-47-million-crypto-traced-disrupt-digital-piracy.md → raw/press-releases/2025-11-19_europol_eur-47-million-crypto-traced-disrupt-digital-piracy.md (jina, 674 words, http 200, full release body at raw:27-63). Its source page even lists this operation in pages_updated. Found with `ls wiki/sources/ | grep '^2025-11'` plus a content grep for '11.8 million|69 piracy|cyber-patrol week|crypto traced'. Coded as an input per rule 3; the linkage gap is reported for the coordinator to repair on the wiki side. It matters: without it this whole row would have been page-only. CAPTURE TIERS: (a) EUROPOL (corpus-search) is USABLE — verbatim own-domain release body raw:27-63 inside a small newsletter/metadata tail (raw:65-105). (b) PJ PORTUGAL (raw/press-releases/2025-11-19_pj-portugal_…) is RECONSTRUCTION tier: it is an agent-compiled dossier headed 'Source extract (verbatim and translated key passages)' (raw:24) with sections it wrote itself — a cross-source corroboration table (raw:69-81), an 'L24 cooperating-LE roster' (raw:83-91), an 'L25 tier-1 publisher justification' (raw:93-97) and 'Scope limits' (raw:99-102). It does carry genuine Portuguese verbatim fragments from the PJ release (raw:33, 36, 40), but its Europol section (B) is explicitly assembled at second hand — 'page is a Single-Page Application; full body confirmed via Infosecurity Magazine, OCCRP, Cybernews, EuroWeeklyNews, Piracy Monitor mirror reporting that reproduced Europol-supplied figures.' (raw:52) — which is the manual's WebSearch-summary tell. Cited only with the (reconstruction) marker. (c) The 2024-10-23 EUIPO/Europol 'Uncovering the ecosystem of IP crime' report predates this action by 13 months and is generic strategic analysis, not a record of this week; nothing coded from it. MODALITY: payment-disruption ONLY, and it is raw-level thanks to the Europol capture — '25 illicit IPTV services referred to the participating crypto service providers for disruption;' (europol raw:43) and, decisively for whether the disruption HAPPENED rather than was merely requested, 'By identifying, tracing, and successfully shutting down the crypto accounts of illicit services, the criminal revenue stream is disrupted.' (europol raw:53). The PJ dossier records the same outcome in its summary line on dismantled clandestine financial circuits and interrupted criminal funding flows (pj raw:46). NOT coded, and each omission is a deliberate call: asset-seizure — the EUR 47m/USD 55m is TRACED, not seized: 'Investigators traced cryptocurrency valued at around USD 55 million (over EUR 47 million) through various accounts associated with these services.' (europol raw:47); no freeze, forfeiture or judicial seizure appears in either record, and the operation page says so itself ('The figure traced is a tracing volume, not a court-ordered seizure or confiscation total'). This contradicts the page's own frontmatter seeds — enforcement_type includes `asset_freeze` and mechanisms_used includes `[[cryptocurrency-seizure]]` — which is exactly the frontmatter-seed caveat v2 warns about; the code follows the source verbs. intermediary-process — the operators were identified by OSINT and by investigators buying the services themselves (europol raw:51), not by compelled disclosure to a registrar/CDN/host; the exchange referrals are the disruption itself, already counted as payment-disruption. arrest-search, domain-seizure, hosting-takedown, blocking-order, content-delisting, end-user-action — none stated; '69 sites identified and targeted' (europol raw:41) is identification, and 'Investigations on 44 additional sites' (europol raw:45) is investigative opening. This row is one of the census's rare single-modality, no-judicial rows, and that is the substantive finding about it: a five-day co-located OSINT-and-payment-rails sprint whose only executed enforcement output is crypto-account closure by private exchanges. JUDICIAL: all four stages not-reported, empty cites. No cited record names a suspect, an arrest, a charge or a court. Europol's forward-looking line is about SERVICES, not persons — 'Several of the services remain under continued investigation by both public and private entities.' (europol raw:47) — and the PJ dossier's own scope note says 'No arrests are claimed in the tier-1 sources for this specific cyber-patrol week.' (pj raw:102). I considered `pending` for indictments on the strength of the 44 opened probes and rejected it: v2's pending needs proceedings underway against someone, and both records are explicit that no criminal organisation, operator identity or nationality was disclosed. latest_record_date 2025-11-19 = both same-day releases; the row is right-censored at announcement, with no follow-on record in the corpus. RECONSTITUTION: not-reported. I considered `open-question` because the operation page flags unresolved gaps ('closure status by named exchange not disclosed in tier-1 sources', Follow-Up Actions; the 'Disruption-vs-prosecution gap', Challenges) and rejected it: those gaps are about whether the disruption OUTPUT was executed and prosecuted, not about whether the targets reconstituted. Column 3 asks what happened to the targets after the action, and on that question every cited record is silent — no down-status, no relaunch, no successor, and the targeted services are not even named. Coding open-question here would fold 'we cannot verify the enforcement output' into a variable that measures target durability, which would pollute it; `not-reported` is the honest value. CONFLICTS/CORRECTIONS: (1) The operation page's Contradictions callout asserts a 'Currency discrepancy: PJ release says USD 55 million; Europol release says EUR 47 million.' That is wrong on the Europol side — the Europol release itself gives BOTH figures in one sentence, 'around USD 55 million (over EUR 47 million)' (europol raw:47) — so there is no inter-release discrepancy to reconcile. The uncited Europol capture settles a question the page left open. (2) Visitor figure: Europol's precise number is 11 821 006 (europol raw:47); the page's '~11.8 million' is a faithful rounding. (3) Attribution: the Europol release names only Europol, EUIPO and the Spanish National Police (europol raw:37) — Portugal and the Polícia Judiciária/UNC3T appear only in the PJ release (pj raw:33), and the seven private-sector partners (AAPA, Binance, Chainalysis, Coinbase, Irdeto, Maltego, Premier League) are named only in the PJ dossier (pj raw:44, 67), not in the Europol text. The page presents the partner list without that attribution split. (4) 'More than 15 countries and private sector organisations joined Europol in this collaborative effort' (europol raw:59) — the page's restriction of participating_countries to Portugal and Spain is correct and well-founded. CORPUS SEARCH: `ls wiki/sources/ | grep '^2025-11'` (89 files) plus `grep -rlie '11.8 million|69 piracy|cyber-patrol week|crypto traced|cryptocurrency traced' wiki/sources/` returned nine hits; only two are about this action — the cited PJ page and the UNCITED Europol page above. No source page exists in the corpus for any of the four tier-2 outlets the operation page lists in its References (Infosecurity Magazine, OCCRP, Cybernews, Piracy Monitor), so those references are unbacked by any capture. CORPUS DEFECTS FOUND (reported, not fixed): (1) NEW and material — the missing `sources` entry for the Europol own-domain release described above; the page cites it as a bare URL in References while the corpus holds both a source page and a usable full-text capture, and the source page's own Cross-references section already points back at this operation. (2) NEW — the 'Currency discrepancy' open question in Contradictions & Open Questions is resolved by that same capture and should be closed. (3) NEW — the frontmatter's `enforcement_type: asset_freeze` and `mechanisms_used: [[cryptocurrency-seizure]]` are not supported by either record (traced ≠ frozen ≠ seized); the page's own prose says so, so the structured fields and the prose disagree. (4) NEW — the References section lists four tier-2 outlets with no corresponding source pages or captures in the corpus, i.e. they are uncheckable citations."
REG-2025-0037,de,DOM-2025-1001,Hellenic Police (Ελληνική Αστυνομία) — Cyber Crime Prosecution Directorate,le,1,https://www.astynomia.gr/2025/11/21/21-11-2025-syllipsi-48chronou-kai-dikografia-se-varos-68-atomon-gia-paravasi-tis-nomothesias-gia-tis-syndromitikes-ypiresies-kai-tin-pnevmatiki-idioktisia/,2025-11-21,,2025-11-19,21-11-2025: Σύλληψη 48χρονου και δικογραφία σε βάρος 68 ατόμων για παράβαση της νομοθεσίας για τις συνδρομητικές υπηρεσίες και την πνευματική ιδιοκτησία,,hybrid,,true,"sold illegal viewing equipment and subscriptions (50 EUR/3 months, 100 EUR/6 months) with direct access to a subscription-management panel; 68 end users charged",independent,,greece,greece,Διεύθυνση Δίωξης Κυβερνοεγκλήματος του Αρχηγείου Ελληνικής Αστυνομίας,domestic,,false,,false,none,arrest-search; end-user-action,true,,false,"Agrees with DE domestic. Publisher string carries the queue's em dash; the capture frontmatter writes it with a hyphen. This capture (2026-07-28, scrapling) has no '## Extracted Text' section — the whole file after the frontmatter is the release; title_original is the headline as captured (with its '21-11-2025:' prefix). 4,820 EUR cash in the search inventory = evidence under CODING v4 (PRIOR CODE asset-seizure withdrawn 2026-08-18). end-user-action: ordinary-procedure case file against 68 end users; the release also recalls that criminal and administrative sanctions now apply to end users. indictments=pending referral-inferred. Word count includes capture frontmatter. [2026-08-18 coordinator, re-read (4 verifiers, CODING v4): asset-seizure REMOVED under CODING v4 (VALUE not THINGS): EUR 4,820 is the fourth bullet of the search list and the release calls the haul 'ψηφιακά πειστήρια' (evidence); no freeze/account/crypto]"
REG-2025-0038,walk-2026-08-17,DTH-19,กรมสอบสวนคดีพิเศษ (DSI),le,1,https://www.dsi.go.th/th/Detail/fd77ecbf123cfd04ee1d916b1b234cb7,2025-11-21,,2025-11-20,DSI ส่งตัวผู้ต้องหาเครือข่ายละเมิดลิขสิทธิ์ - พนันออนไลน์หมุนเงินกว่า 500 ล้านบาท ให้อัยการดำเนินการตามกฎหมาย,,live-sports-stream,,true,,follow-on:DTH-18,,thailand,thailand,กรมสอบสวนคดีพิเศษ (กองคดีเทคโนโลยีและสารสนเทศ),domestic,,false,,false,none,arrest-search,false,unit=follow-on:DTH-18,false,"publish_date 'เผยแพร่: 21 พ.ย. 2568' (2025-11-21); action: suspect no. 2 arrested 2025-11-18 and delivered to the Special Litigation prosecutor on Thursday 2025-11-20 -> action_date 2025-11-20 (arrest 2025-11-18). UNIT: this is the second referral in the Tvsod.com/Bee789.com/Ballzaa.com/7mscorethai EPL-streaming + gambling-advert network (damage >THB 2,000M); the first referral (suspect no. 1, case file 26/2568) is candidate TH-18 (2025-11-11), and the network's sites are those of special case 291/2565 (TH-16) -> follow-on:DTH-18. Domestic: only DSI's technology crime bureau acts; the prosecutor's office is the recipient (not counted). arrests n=1; indictments=pending: charges notified (gambling organisation/advertising, ML conspiracy, ML) and case sent to the prosecutor (referral); other members still at large. No infrastructure action stated in this release; no durability statement. [2026-08-18 coordinator, codex IC reg2: follow_on_distinct=['arrests']: suspect no. 2, arrested 2025-11-18, distinct from suspect no. 1 in DTH-18; parent arrests 1 + 1]"
REG-2025-0039,ic,brazil-mjsp-operacao-404-fase-8-2025,Ministerio da Justica e Seguranca Publica,ministry-regulator,1,https://www.gov.br/mj/pt-br/assuntos/noticias/forca-tarefa-internacional-contra-pirataria-tira-do-ar-535-sites-e-um-aplicativo-de-streaming,2025-11-27,,,Forca-tarefa internacional contra pirataria tira do ar 535 sites e um aplicativo de streaming,capture,iptv-service,pool-default,true,IC census row: pool tag illegal-iptv-ic; medium defaults to iptv-service (re-read as found),independent,,brazil; argentina; ecuador; paraguay; peru; united-kingdom,brazil; argentina; ecuador; paraguay; peru; united-kingdom,(wiki participating_agencies #1); (wiki participating_agencies #2); (wiki participating_agencies #3); (wiki participating_agencies #4); (wiki participating_agencies #5),cooperative,wiki-fields,false,,true,wiki-flag,blocking-order; content-delisting; arrest-search,true,,false,"converted from paper2/coding/brazil-mjsp-operacao-404-fase-8-2025.json (coder agent-w1-4, 2026-08-13); date_source=raw-frontmatter; source_of_record=raw/press-releases/2025-11-27_mj-gov-br_operacao-404-fase-8-535-sites-streaming-app.md; tier_basis=raw-dir:press-releases; other_cited_captures=1; quotes are the cited lines as of the coding date; stratum from wiki fields (participating_countries=6, participating_agencies=5); official_release_sourced=True. Capture tiers: MJSP 2025-11-27 capture is USABLE (verbatim Portuguese release body; unlike the fase-7 MJSP capture the pilot flagged, this one has no post-dated events and no third-person self-reference). The other three captures are RECONSTRUCTION tier: AL-INVEST/EUIPO (raw frontmatter 'extracted-with-verbatim-quote', agent-structured digest), Indecopi (fetch_method 'WebSearch summary (gob.pe returned HTTP 418 to WebFetch — bot protection)'), SENADI ('verbatim content reconstructed from WebSearch cache'). Modality: blocking-order — ""bloqueio e a suspensao de 535 sites e de um aplicativo de streaming ilegal"" (MJSP raw:19), executed with Anatel/Ancine which ""atuaram ativamente no bloqueio de sites e dominios"" (raw:27); did NOT code domain-seizure despite the operation-page frontmatter seed domains_seized: 535 and the [[domain-seizure]] mechanism link — the record's verbs are blocked/suspended, never seized or transferred (same call as the fase-7 pilot row). The 'suspensao' verb is aggregated with 'bloqueio' in one sentence and could cover registrar-level suspension, but no state/court transfer of domain control is stated. content-delisting (new v2 code) — ""retirada de milhares de materiais piratas de repositorios e redes sociais"" and removal of audio/video content incl. games and music (raw:19). arrest-search — ""44 mandados de busca e apreensao, entre os quais, quatro de prisao preventiva e tres prisoes em flagrante"" (raw:21); Ecuador-leg raids corroborate at page level: ~20 Guayaquil commercial establishments ""were raided under judicial orders"" by National Police + SENADI + SRI with 1,193 TV boxes and 1,240+ decoders seized (SENADI raw:23,29-33, reconstruction) — device seizures are merchandise/evidence in raids, not asset-seizure. Did NOT code payment-disruption: the financing/monetization targeting is a declared posture (""o foco se ampliou para alcancar as estruturas de financiamento e monetizacao"", raw:19; Diopi director quote ""ataca diretamente a infraestrutura e a cadeia de financiamento da pirataria"", raw:23) with no concrete payment-processor or advertising cutoff stated as having happened. Judicial: arrests n=3 (three prisoes em flagrante, MJSP raw:21); the 4 preventive arrest warrants are warrants issued, not arrests — execution status not reported. CONFLICT: the Indecopi reconstruction capture states ""44 search warrants, 7 arrests"" (raw/press-releases/2025-11-28_gob-pe-indecopi_participa-operativo-internacional-bloqueo-500-sitios.md:30), apparently summing warrants+arrests (4+3); MJSP's specific official breakdown wins. CONFLICT (apps): MJSP tier-1 states one app — ""um aplicativo de streaming ilegal"" (raw:19) — while the AL-INVEST reconstruction states ""22 illegal streaming applications removed"" (raw/press-releases/2025-12-04_internationalipcooperation-eu_operation-404-8-strengthening-regional-cooperation.md:28); the MJSP count is coded context (not a Column value) and is both the more authoritative capture tier and the operation page's adopted figure; conflict recorded here. Also noted: MJSP raw:21 phrasing counts the 4 preventive-arrest warrants ""entre os quais"" (among) the 44 search-and-seizure warrants — internally odd category mixing, reproduced as stated. Indictments not-reported: ""podem ser indiciados"" (raw:74) is possibility language and ""O intuito e identificar e responsabilizar os administradores"" (raw:21) is intent, not a statement of proceedings underway — consistent with the fase-7 pilot's not-reported call. Peru-leg corroborating blocks: 500+ sites blocked in Peru, cumulative 1,300 since 2022 (Indecopi raw:19,31, reconstruction). Event dates: partner records state 26-27 November 2025 while MJSP states the action on the 27th. latest_record_date 2025-12-04 = AL-INVEST release, the latest record cited in this row (notes-cited, following the fase-7 pilot precedent); all cited records are silent on charges/convictions/sentences — right-censored at 2025-12-04. Reconstitution: no cited record speaks to relaunch or re-registration after the action day; the operation page's 'blocks to be maintained against operator counter-measures' line is forward-looking wiki prose (same call as fase-7 pilot) — not-reported. Corpus search (404.8 / fase 8 / Tele Latino / MagisTV): all Phase-8 sources found are already cited; MagisTV hits (2025-07 Argentina raids) are a different operation."
REG-2025-0040,walk-2026-08-17,B36,Polícia Judiciária,le,1,https://www.policiajudiciaria.pt/operacao-sinal-aberto-detencoes-por-exploracao-ilicita-de-servicos-iptv/,2025-12-16,page-metadata,2025-12-11,Operação “Sinal Aberto” – Detenções por exploração ilícita de serviços IPTV,,iptv-service,,true,illicit exploitation of protected TV channels via IPTV services; hundreds of beneficiaries,independent,,portugal,portugal,Polícia Judiciária; Departamento de Investigação Criminal de Braga; Polícia Científica da Polícia Judiciária; Ministério Público de Valença,domestic,,false,,false,coder,arrest-search,true,,true,"[orgs-rule-only] date_source: HTML <time class='entry-date published' datetime='2025-12-16T09:56:25+00:00'> (fetch_text strips the header, so the date is not in the .txt; verified with --raw). action_date 2025-12-11 = 'na passada quinta-feira' relative to Tuesday 2025-12-16 (derived). Two legal persons 'constituídas arguidas' — counted in notes only. indictments:pending = prosecutor-led inquérito (referral-inferred); detainees released by MP order. >100.000 EUR cash 'apreendidos' at the searches = evidence under CODING v4 (PRIOR CODE asset-seizure, withdrawn 2026-08-18); coordinator may drop. Stratum cooperative on the orgs rule only (PJ/DIC Braga + Polícia Científica + Ministério Público de Valença, all Portuguese); single state. [2026-08-17 coordinator: stratum cooperative->domestic by the states-only rule (DE CODEBOOK s.3 v1.11+); coder's value kept as stratum_as_coded] [2026-08-18 coordinator, re-read (4 verifiers, CODING v4): asset-seizure REMOVED under CODING v4 (VALUE not THINGS): EUR 100k cash listed after the computer equipment 'apreendidos' in three searches; no arresto/perda/confisco, no account, no crypto (the coder flagged BORDERLINE)] [2026-08-18 coordinator, re-read (4 verifiers, CODING v4): date_basis=page-metadata: publish_date 2025-12-16 comes from the page's <time datetime> element, not a dateline in the saved text; action_date 2025-12-11 ('na passada quinta-feira') is derived from it. Year certain]"
REG-2026-0001,walk-2026-08-17,DTH-20,กรมสอบสวนคดีพิเศษ (DSI),le,1,https://www.dsi.go.th/th/Detail/63ad6f30ab238a97a2517c1a96dec9da,2026-01-26,,2026-01-26,DSI ปฏิบัติการตรวจค้นจับกุมเครือข่ายเว็บไซต์ละเมิดลิขสิทธิ์ภาพยนตร์ เชื่อมโยงฟอกเงินมูลค่าความเสียหายนับพันล้านบาท,,streaming-site,,true,money-laundering raids against the network behind the pirate movie site www.movie2free.com (avg 25.1 m visitors/month) — illegal film streaming,independent,,thailand,thailand,กรมสอบสวนคดีพิเศษ; กองคดีเทคโนโลยีและสารสนเทศ,domestic,,false,,false,none,arrest-search; asset-seizure,true,,false,"Money-laundering special case (approved 2024) derived from the 2020 movie2free.com copyright investigation; 7 arrest warrants issued by the Criminal Court 2026-01-23, 4 arrested on 2026-01-26 at 8 searched sites, 3 at large. indictments:pending refers to the underlying 2020 copyright case's two accused 'currently at the public prosecutor's consideration stage' (referral-inferred) — the laundering defendants themselves are at arrest stage only. Assets seized 'จำนวนมาก' and some premises frozen -> asset-seizure. Court warrants do not make the court a cooperating organisation; AMLO/MDES named only as future coordination -> domestic. Dateline 'เผยแพร่: 26 ม.ค. 2569' = 2026-01-26. Whether this row is a follow-on of the 2020 movie2free action depends on that action being a register row (not held in either repo; TH-2/TH-5 candidates may be related) — flagged. [2026-08-18 coordinator, re-read (4 verifiers, CODING v4): indictments quote re-anchored (value pending unchanged): the old quote ('อยู่ระหว่างกระบวนการพิจารณาคดีในชั้นอัยการ') describes the 2020 copyright case's two accused, not this action's seven; the Criminal Court's arrest warrants against all seven in the DSI special case are this action's proceeding] [2026-08-18 coordinator, re-read (4 verifiers, CODING v4): needs_review cleared: unit independent confirmed (2024 money-laundering special case with its own suspects and warrants, not a stage of the 2020 movie2free case; no parent row held); asset-seizure kept under CODING v4 (a)+(d): 'ตรวจยึดทรัพย์สินที่เกี่ยวข้องกับการกระทำความผิด' and 'อายัด' (attachment)] [2026-08-19 reverse pending screen] indictments quote re-anchored. The recorded quote was the Criminal Court's approval of arrest warrants -- a bare warrant, and it belongs to the arrest stage, which this row already codes n=4. The sentence that clears the floor states the case is currently in consideration at the prosecutorial stage. ⚠ CAVEAT the coordinator must settle: that sentence describes the 2020 movie2free copyright case, the predicate offence, not the 2026 laundering defendants, who are at arrest stage only. It stands while this row's unit keeps the 2020 lineage (that action is not a register row of its own); sever them and this cell becomes not-reported. Previous quote: ศาลอาญาได้อนุมัติออกหมายจับผู้ต้องหาทั้ง 7 ราย เมื่อวันที่ 23 มกราคม 2569"
REG-2026-0002,ic,operation-switch-off-illegal-iptv-2026,Polizia di Stato (Italy) — Servizio Polizia Postale per la Sicurezza Cibernetica,le,1,https://www.poliziadistato.it/articolo/166979f86bd0846335000880,2026-01-28,,,"Operazione ""Switch off"": spento lo streaming delle Iptv illegali | Polizia di Stato",capture,iptv-service,pool-default,true,IC census row: pool tag illegal-iptv-ic; medium defaults to iptv-service (re-read as found),independent,,italy; romania; spain; united-kingdom; canada; kosovo; south-korea; india; united-arab-emirates,italy; romania; spain; united-kingdom; canada; kosovo; south-korea; india; united-arab-emirates,(wiki participating_agencies #1); (wiki participating_agencies #2); (wiki participating_agencies #3); (wiki participating_agencies #4); (wiki participating_agencies #5),cooperative,wiki-fields,false,,true,wiki-flag,arrest-search; hosting-takedown; domain-seizure; content-delisting,true,,false,"converted from paper2/coding/operation-switch-off-illegal-iptv-2026.json (coder agent-w2-3, 2026-08-13); date_source=raw-frontmatter; source_of_record=raw/press-releases/2026-01-28_poliziadistato-it_operazione-switch-off-iptv-illegali.md; tier_basis=raw-dir:press-releases; other_cited_captures=2; quotes are the cited lines as of the coding date; stratum from wiki fields (participating_countries=9, participating_agencies=5); official_release_sourced=True. CAPTURE TIERS — eight sources, three tiers, and the two the operation page calls its anchors are the weakest captures. (a) POLIZIA DI STATO (raw/press-releases/2026-01-28_poliziadistato-it_…) is USABLE and is the tier-1 primary this row is built on: the full verbatim Italian release body sits at raw:117-145 inside heavy poliziadistato.it site navigation (raw:33-115, raw:151-299), curl_cffi, 950 words. (b) ACE (raw/press-releases/2026-01-29_ace_…) is USABLE — despite the agent-written '## Summary-Only Archive' preamble at raw:28-38 (which is reconstruction and is NOT cited), the '## Extracted Text' section carries the complete release including the bulleted key-results list (raw:76-102). (c) EUROJUST (raw/press-releases/2026-02-03_eurojust_…) is CAPTURE-UNUSABLE for its body: the '## Extracted Text' block is pure Wayback + eurojust.europa.eu navigation chrome (raw:43-141, ending in 'Art in the building' / '20 years of Eurojust: anniversary essays'), no release text at all, word_count 152; the only substance is the agent-authored summary at raw:31-35, which is RECONSTRUCTION tier and which the file itself labels 'This archive is summary-only.' (raw:39). Nothing is cited from it — everything it summarises (31 suspects, nine-country action day, three Italian platforms, Romanian servers) is available raw-level from the Italian release and ACE. (d) POLIȚIA ROMÂNĂ (raw/press-releases/2026-01-22_politiaromana-ro_…) is CAPTURE-UNUSABLE: http_status 403 and the body is the Romanian block page, 'Site-ul a blocat accesul dumneavoastra din motive de securitate (403 Forbidden).' (raw:31), with text_status still reading 'parsed'. Not cited. This confirms the operation page's own R78b audit note. (e) DOJ 'Cyber & IP Europe' (raw/press-releases/2026-04-18_justice-gov_…) is USABLE — a DOJ program page whose ICHIP activity list contains a Switch Off entry at raw:223. (f) The two EUIPO records (2024-06-13 Sport Week, 2024-11-28 Online Copyright Infringement) predate the operation by 14+ months and are generic IPTV background, not records of this action; nothing coded from them. MODALITY: arrest-search — 'Oltre cento operatori della Polizia postale hanno effettuato perquisizioni nei confronti di 31 indagati in 11 città del nostro Paese e 14 obiettivi situati all’estero, in collaborazione con le Forze di polizia di Regno Unito, Spagna, Romania, Kosovo.' (polizia raw:129), corroborated by ACE's '29 raids in 11 Italian cities' (ace raw:78) and by DOJ for the Romanian leg, 'ICHIP-mentored Romanian economic police officers conducted searches and issued a subpoena for interrogation in three Romanian cities' (doj raw:223). hosting-takedown — 'In Italia sono state sequestrate tre piattaforme Iptv illegali' (polizia raw:141), 'Illegal IPTV infrastructure serving millions of users taken offline' (ace raw:84), 'Six servers seized outside of Italy' (ace raw:94). domain-seizure — the same Italian sentence states judicial seizure banners were affixed to the front-end sites: 'con apposizione di pannelli di sequestro ai siti vetrina e gruppi Telegram utilizzati per la vendita' (polizia raw:141); a seizure panel served under a Catania prosecutorial order is transfer of site control under state process, which is exactly the v2 redirect-as-control case. content-delisting — the Telegram sales channels in that same clause, plus ACE's 'Removal of associated websites and Telegram-based sales channels' (ace raw:92): messaging-channel and associated-site removal is the v2 content-delisting scope. end-user-action is a BORDERLINE CALL, coded the same way as the Kenya row so the census stays internally consistent: 'L'operazione ha bloccato l'attività di un migliaio di rivenditori italiani con oscuramento di oltre 100mila utenti finali in Italia e milioni a livello mondiale.' (polizia raw:139) and 'More than 125,000 end users disconnected in Italy, and millions globally' (ace raw:88). Reading A (coded): the records report end users as a direct object of the action and both sides publish the count as a headline result. Reading B (rejected, recorded): disconnection is the downstream effect of shutting the service, and no end user faces any stated proceeding — under that reading end-user-action should be reserved for enforcement against users (the Italian/Greek fine tracks). Flagging so the coordinator can normalise this code across the census; it is the same judgement call as multichoice-irdeto-kenya-… NOT coded: asset-seizure — the release describes financial-flow ANALYSIS, not seizure ('tracciamento delle transazioni finanziarie, soprattutto in criptovalute', polizia raw:133) and describes the suspects' own crypto investment, fictitious asset registration and shell companies as offence conduct (raw:135); no freeze, forfeiture or confiscation is stated and the operation page's cryptocurrency_seized is empty. blocking-order, payment-disruption, intermediary-process, voluntary-transfer — no supporting verb. JUDICIAL: arrests not-reported. No cited record states a single arrest: the Italian release reports searches against 31 indagati (raw:129), ACE reports '31 suspects' identified (ace raw:78), and DOJ reports only that 'An international arrest warrant was issued for a Romanian target' (doj raw:223) — a warrant issued is not an arrest executed (same call as the Operação 404 fase-8 row on its four preventive-arrest warrants). The operation page's results.arrests: 0 is the repo's zero-for-unknown convention, and I read the record as silence, not as an affirmative 'no arrests'. indictments pending: the Catania prosecutor states it has obtained evidence of guilt against a defined 31-person group, 'acquisire indizi di colpevolezza nei confronti dei 31 componenti di un gruppo criminale organizzato a carattere transnazionale, accusati della diffusione di palinsesti televisivi ad accesso condizionato, accesso abusivo a un sistema informatico, frode informatica, intestazione fittizia di beni e riciclaggio.' (polizia raw:125), those 31 are formally indagati under search (raw:129), and an international arrest warrant has issued for one target (doj raw:223) — proceedings underway, but indizi di colpevolezza and indagato status are pre-trial investigative categories in Italian procedure, not rinvio a giudizio, so this is not n=31. The 31 figure is recorded here rather than in the value. convictions and imprisonments not-reported — no cited record reaches either stage. latest_record_date 2026-04-18, WITH A DATE CONFLICT recorded per the manual: the DOJ capture's frontmatter publish_date is 2022-02-22 (the program page's original creation date) while its collection_date and 'updated' fields are both 2026-04-18, and the page's own content is self-dating — the cited Switch Off paragraph is labelled 'January 2026' and sits in a list containing 'March 2026' entries (raw:219, 229), so the text was published no earlier than March 2026. The wiki source page uses 2026-04-18 and so do I. (The operation page's References table lists this same DOJ source twice with the two different dates, rows [3] 2026-04-18 and [6] 2022-02-22 — see corpus defects.) RECONSTITUTION: not-reported. No cited record speaks to what happened after. ACE's 'infrastructure … taken offline' (ace raw:84) is announcement-day status published 2026-01-29, within days of the 22-28 January action and far inside the 14-day window, so it is not durability evidence. The DOJ record, whose content postdates the action by roughly two months, recounts the action without any status statement about the platforms or the six servers. No successor is named and no relaunch is reported. CONFLICTS ACROSS RECORDS (none of these is a coded Column value; all recorded per the manual): (1) RESELLERS — the Italian tier-1 says roughly a thousand, 'un migliaio di rivenditori italiani' (polizia raw:139), while ACE says 'Approximately 250 Italian resellers dismantled' (ace raw:86); the operation page adopts ACE's 250. A four-fold divergence between the official release and the rights-holder coalition, unexplained in both. (2) END USERS — 'oltre 100mila utenti finali in Italia' (polizia raw:139) versus 'More than 125,000 end users disconnected in Italy' (ace raw:88); the page adopts ACE's figure. (3) 14 COUNTRIES vs 14 TARGETS — the Italian release says searches hit '11 città del nostro Paese e 14 obiettivi situati all’estero' (polizia raw:129), i.e. 14 TARGETS abroad; ACE renders this as '29 raids in 11 Italian cities and 14 countries worldwide' (ace raw:78) and the operation page repeats '14 countries worldwide' in results.other and Results and Impact — while naming only eight foreign jurisdictions anywhere. The tier-1 official wording is the more precise and should govern. (4) SIX SERVERS — ACE says 'Six servers seized outside of Italy' (ace raw:94) and DOJ says the Romanian target 'distributed illegal content through six servers operated out of Romania and an African country' (doj raw:223), while the Italian release says only that the operation IDENTIFIED the provider — 'In Romania è stata individuata una rilevante Iptv mondiale che distribuiva contenuti attraverso sei server, ubicati in Romania e in uno Stato africano.' (polizia raw:143), with no seizure verb. The hosting-takedown code above rests on ACE's seizure statement, not on the Italian sentence; flagged because the operation page's results.servers_seized: 6 reads the seizure into the Italian text. (5) DAMAGE FIGURE — DOJ reports '$3.5 billion USD' of rightsholder damage (doj raw:223) while the Italian release quantifies only 'un giro di affari di milioni di euro mensili' (polizia raw:137); the operation page carries neither as a structured field. CORPUS SEARCH (grep -rlie 'operation switch off|operazione switch off|switch-off' and grep -rli 'IPTVItalia|migliorIPTV|DarkTV|proEuropaTV' over wiki/sources/): every Switch-Off-specific source page is already cited — the five 2026 records plus the two 2024 EUIPO background reports. The broad 'switch-off' pattern also matches generic phrasing in ~30 unrelated IPTV source pages (Piracy Shield, IOCTA, Operation Gotha, etc.), none of which mentions this action. The platform names IPTVItalia/migliorIPTV/DarkTV appear nowhere in wiki/sources/ — they exist only in the ACE raw and in the operation page's target_entity, which also names a fourth service, proEuropaTV, that appears in NO cited record (see corpus defects). NO linkage gap. CORPUS DEFECTS FOUND (reported, not fixed): (1) NEW — the operation page's target_entity names four services, 'IPTVItalia, migliorIPTV, DarkTV, and proEuropaTV', but proEuropaTV appears in NO file anywhere under raw/ (verified 2026-08-13 with `grep -rli ""proEuropaTV\|proeuropa"" raw/`, zero hits); ACE names exactly three (ace raw:90). (2) NEW — 'ACE reports 29 raids in 11 Italian cities and 14 countries worldwide' in Results and Impact propagates ACE's rendering over the tier-1 Italian '14 obiettivi situati all’estero' (14 targets abroad); the page has no Contradictions entry for it, and its own Challenges field flags only the Eurojust country-tag discrepancy. (3) NEW — References rows [3] and [6] are the same DOJ source with conflicting dates (2026-04-18 vs 2022-02-22); the whole table double-lists each of the first three sources (URL row + wiki-source row), which inflates the apparent reference count. (4) NEW — the page's Results and Impact states the Romanian provider 'was taken down' and results.servers_seized: 6, but the Italian tier-1 verb is individuata (identified) and the seizure claim traces only to ACE and DOJ; worth an explicit attribution in the prose. (5) ALREADY FLAGGED and confirmed by me: the Eurojust anchor's capture holds no release text (nav chrome only) and the Romanian capture is a 403 block page — the operation page's Evidence Notes still call Eurojust 'the anchor source for judicial coordination, the Taken Down follow-on relationship, participating-country tags, and the Italian/Romanian disruption results', which is true of the Eurojust RELEASE but not of anything the corpus actually holds. [v3 harmonization 2026-08-13] v3: 'oscuramento di oltre 100mila utenti finali in Italia' is a blackout experienced by users, i.e. the effect of the infrastructure codes already on this row, not an enforcement measure applied to identified end users."
REG-2026-0003,de,DOM-2026-1004,"Alliance for Creativity and Entertainment (ACE), with the Premier League",coalition,2,https://www.alliance4creativity.com/news/fourth-sim-lim-square-retailer-imprisoned-for-selling-illegal-streaming-devices/,2026-01-28,,2026-01-28,Fourth Sim Lim Square Retailer Imprisoned for Selling Illegal Streaming Devices,,isd-retail,,true,"sentencing of Lin Da (Simder Trading and Business Pte Ltd) for selling illegal streaming devices, fourth Sim Lim Square sentencing",follow-on:DOM-2022-1003,,singapore,singapore,Intellectual Property Rights Branch (IPRB) of the Singapore Police Force; Attorney-General’s Chambers; Alliance for Creativity and Entertainment (ACE); Premier League,domestic,,true,,true,keywords,,false,coalition-only,false,"Agrees with DE domestic (Singapore only; IPRB and AGC are Singaporean, ACE and the Premier League are rights-holder bodies - organisations do not add a state). DISAGREES with DE on unit: this is one of four sentencings that the release itself ties to the 2022 Sim Lim Square raids (DOM-2022-1003); under REGISTER.md a follow-on judicial stage is coded onto the parent, so unit=follow-on:DOM-2022-1003. coalition_only=true: the only release for this sentencing is ACE's (tier 2); the DE capture notes record that a walk of the SPF media hub found no sentencing release; the parent action has a state release. publisher_type=coalition, so as a standalone row it would fall outside the main census. One ACE release documents four sentencings - four DE rows share this capture. No infrastructure action stated (empty modality); fines are not forfeiture. private_named: ACE and Premier League named with a role (Premier League 'ongoing collaboration' with IPRB/AGC). Lin Da: 4 charges, 4 months' imprisonment; his company (legal person) faced 4 charges and was fined SGD 40,000 - legal person not counted. Sentencing date = release date (Premier League quote: 'We welcome today's conviction'; ACE headline 'Fourth ... Imprisoned'). Word count is of the shared capture incl. frontmatter and DE extraction notes; quotes from Extracted Text only. [2026-08-18 coordinator, codex IC reg2: follow_on_distinct=['indictments', 'convictions', 'imprisonments']: Lin Da is a defendant distinct from Ge Xin (DOM-2026-1005), Wang Yue (DOM-2026-1006) and Yu Peng Hsueh-Shu (DOM-2026-1007); the four sentencings sum onto the parent DOM-2022-1003 (its own note says n=4)]"
REG-2026-0004,de,DOM-2026-1005,"Alliance for Creativity and Entertainment (ACE), with the Premier League",coalition,2,https://www.alliance4creativity.com/news/fourth-sim-lim-square-retailer-imprisoned-for-selling-illegal-streaming-devices/,2026-01-28,,2024-10-24,Fourth Sim Lim Square Retailer Imprisoned for Selling Illegal Streaming Devices,,isd-retail,,true,"sentencing of Ge Xin (MT Gadget+ Pte Ltd, Grandnew Pte Ltd), first prosecution under s.150 Copyright Act 2021, from the 2022 Sim Lim Square raids",follow-on:DOM-2022-1003,,singapore,singapore,Intellectual Property Rights Branch (IPRB) of the Singapore Police Force; Attorney-General’s Chambers; Alliance for Creativity and Entertainment (ACE); Premier League,domestic,,true,,true,keywords,,false,coalition-only,false,"Agrees with DE domestic (Singapore only; IPRB and AGC are Singaporean, ACE and the Premier League are rights-holder bodies - organisations do not add a state). DISAGREES with DE on unit: this is one of four sentencings that the release itself ties to the 2022 Sim Lim Square raids (DOM-2022-1003); under REGISTER.md a follow-on judicial stage is coded onto the parent, so unit=follow-on:DOM-2022-1003. coalition_only=true: the only release for this sentencing is ACE's (tier 2); the DE capture notes record that a walk of the SPF media hub found no sentencing release; the parent action has a state release. publisher_type=coalition, so as a standalone row it would fall outside the main census. One ACE release documents four sentencings - four DE rows share this capture. No infrastructure action stated (empty modality); fines are not forfeiture. private_named: ACE and Premier League named with a role (Premier League 'ongoing collaboration' with IPRB/AGC). Ge Xin: 8 charges, 10 months' imprisonment. The release states this case twice and inconsistently: the numbered list says he was 'fined SGD $300,000', the detailed section says his two companies were fined SGD 200,000 and SGD 100,000 (4 charges each) - the 300,000 is the sum of two corporate fines (DE capture notes flag this too). Likely the same person as the unnamed 36-year-old charged in DOM-2024-1013. Word count is of the shared capture incl. frontmatter and DE extraction notes; quotes from Extracted Text only. [2026-08-18 coordinator, codex IC reg2: follow_on_distinct=['indictments', 'convictions', 'imprisonments']: Ge Xin, distinct from the other three Sim Lim defendants; sums onto DOM-2022-1003]"
REG-2026-0005,de,DOM-2026-1006,"Alliance for Creativity and Entertainment (ACE), with the Premier League",coalition,2,https://www.alliance4creativity.com/news/fourth-sim-lim-square-retailer-imprisoned-for-selling-illegal-streaming-devices/,2026-01-28,,2025-05-30,Fourth Sim Lim Square Retailer Imprisoned for Selling Illegal Streaming Devices,,isd-retail,,true,sentencing of Wang Yue (Ace Technologies Pte Ltd) from the 2022 Sim Lim Square raids,follow-on:DOM-2022-1003,,singapore,singapore,Intellectual Property Rights Branch (IPRB) of the Singapore Police Force; Attorney-General’s Chambers; Alliance for Creativity and Entertainment (ACE); Premier League,domestic,,true,,true,keywords,,false,coalition-only,false,"Agrees with DE domestic (Singapore only; IPRB and AGC are Singaporean, ACE and the Premier League are rights-holder bodies - organisations do not add a state). DISAGREES with DE on unit: this is one of four sentencings that the release itself ties to the 2022 Sim Lim Square raids (DOM-2022-1003); under REGISTER.md a follow-on judicial stage is coded onto the parent, so unit=follow-on:DOM-2022-1003. coalition_only=true: the only release for this sentencing is ACE's (tier 2); the DE capture notes record that a walk of the SPF media hub found no sentencing release; the parent action has a state release. publisher_type=coalition, so as a standalone row it would fall outside the main census. One ACE release documents four sentencings - four DE rows share this capture. No infrastructure action stated (empty modality); fines are not forfeiture. private_named: ACE and Premier League named with a role (Premier League 'ongoing collaboration' with IPRB/AGC). Wang Yue: 17 charges, 6 months' imprisonment; his company fined SGD 181,000 (17 charges) - legal person not counted. 'Chinese national' is the defendant's nationality, not a state acting: China not added to countries. Numbered list attributes the SGD 181,000 fine to the person, detailed section to the company. Word count is of the shared capture incl. frontmatter and DE extraction notes; quotes from Extracted Text only. [2026-08-18 coordinator, codex IC reg2: follow_on_distinct=['indictments', 'convictions', 'imprisonments']: Wang Yue, distinct from the other three Sim Lim defendants; sums onto DOM-2022-1003]"
REG-2026-0006,de,DOM-2026-1007,"Alliance for Creativity and Entertainment (ACE), with the Premier League",coalition,2,https://www.alliance4creativity.com/news/fourth-sim-lim-square-retailer-imprisoned-for-selling-illegal-streaming-devices/,2026-01-28,,2025-11-18,Fourth Sim Lim Square Retailer Imprisoned for Selling Illegal Streaming Devices,,hybrid,,true,sentencing of Yu Peng Hsueh-Shu (Amconics Technology Pte Ltd) from the 2022 Sim Lim Square raids; the only one also covering online sale of illegal streaming subscriptions,follow-on:DOM-2022-1003,,singapore,singapore,Intellectual Property Rights Branch (IPRB) of the Singapore Police Force; Attorney-General’s Chambers; Alliance for Creativity and Entertainment (ACE); Premier League,domestic,,true,,true,keywords,,false,coalition-only,false,"Agrees with DE domestic (Singapore only; IPRB and AGC are Singaporean, ACE and the Premier League are rights-holder bodies - organisations do not add a state). DISAGREES with DE on unit: this is one of four sentencings that the release itself ties to the 2022 Sim Lim Square raids (DOM-2022-1003); under REGISTER.md a follow-on judicial stage is coded onto the parent, so unit=follow-on:DOM-2022-1003. coalition_only=true: the only release for this sentencing is ACE's (tier 2); the DE capture notes record that a walk of the SPF media hub found no sentencing release; the parent action has a state release. publisher_type=coalition, so as a standalone row it would fall outside the main census. One ACE release documents four sentencings - four DE rows share this capture. No infrastructure action stated (empty modality); fines are not forfeiture. private_named: ACE and Premier League named with a role (Premier League 'ongoing collaboration' with IPRB/AGC). Yu Peng Hsueh-Shu: 14 charges, 22 months' imprisonment; her company fined SGD 384,000 (14 charges) - legal person not counted. Numbered list attributes the fine to the person, detailed section to the company. Word count is of the shared capture incl. frontmatter and DE extraction notes; quotes from Extracted Text only. [2026-08-18 coordinator, codex IC reg2: follow_on_distinct=['indictments', 'convictions', 'imprisonments']: Yu Peng Hsueh-Shu, distinct from the other three Sim Lim defendants; sums onto DOM-2022-1003]"
REG-2026-0007,walk-2026-08-17,DTH-21,กรมสอบสวนคดีพิเศษ (DSI) กระทรวงยุติธรรม,le,1,https://www.dsi.go.th/th/Detail/c3266de388a5db321dc29c63f41dffc8,2026-01-29,,,DSI คุมตัว 4 ผู้ต้องหาเครือข่ายเว็บหนังเถื่อน ฟอกเงิน ฝากขังศาลอาญา คัดค้านประกัน,,streaming-site,,true,pirate film-streaming website www.movie2free.com (illegal streaming site; charges are money laundering),follow-on:DTH-20,,thailand,thailand,กรมสอบสวนคดีพิเศษ,domestic,,false,,false,none,arrest-search,false,unit=follow-on:DTH-20,false,"date_source: 'เผยแพร่: 29 ม.ค. 2569' (BE 2569 = 2026). Criminal Court issued arrest warrants for 7 on 23 Jan 2026 (money laundering / conspiracy to launder, in the movie2free.com network); 4 arrested and remanded on 27 Jan 2026 with bail denied; 3 at large. Exact arrest dates not given -> action_date null. Suspects are ผู้ต้องหา under warrants -- no charge filing/referral stated -> indictments not-reported. No site seizure/blocking stated. Court (ศาลอาญา) is the issuing/remanding court, not counted as a cooperating org. FOLLOW-ON (2026-08-19, codex IC reg3 + duplicate screen): the four remanded here are the four DTH-20 reports arrested -- both releases cite the Criminal Court's arrest warrants for all 7 suspects issued 23 Jan 2026, the same 4-arrested/3-at-large arithmetic and the same www.movie2free.com network. This release adds the 27 Jan remand application and the refusal of bail, which the schema has no cell for. `follow_on_distinct` is deliberately NOT set: these are the same persons, so summing would report eight arrests where there were four."
REG-2026-0008,walk-2026-08-17,B37,An Garda Síochána,le,1,https://www.garda.ie/en/about-us/our-departments/office-of-corporate-communications/press-releases/2026/february/seizure-of-electronic-devices-and-closure-of-iptv-streaming-service-galway-6th-february-2026.html,2026-02-06,,2026-02-06,"Seizure of Electronic Devices and Closure of IPTV Streaming Service, Galway, 6th February 2026",,iptv-service,,true,,independent,,ireland,ireland,Garda,domestic,,false,,false,none,arrest-search; hosting-takedown,true,,false,"date_source: 'Issue Date: 06/02/2026'. Publisher on the page is 'Garda' (An Garda Síochána); three Garda units named (Galway County West Crime Unit, GNBCI, GNCCB) = one organisation. Office of the DPP named only as future recipient of a file -> not counted as operational org. indictments=pending is referral-inferred from 'A file will be prepared for the Office of the Director of Public Prosecutions' (future tense; drop to not-reported if the coordinator reads the pending floor strictly). hosting-takedown is borderline: the release says ~200 accounts linked to the IPTV service 'were shut down' and titles the action 'Closure of IPTV Streaming Service' -- no server seizure verb; the exact object shut down (accounts) is ambiguous."
REG-2026-0009,walk-2026-08-17,DVN-6,Bộ Công an (Cổng thông tin điện tử),le,1,https://bocongan.gov.vn/bai-viet/khoi-to-30-bi-can-trong-duong-day-web-lau-xoi-lac-1772683363,2026-03-05,,2026-02-02,Khởi tố 30 bị can trong đường dây web lậu Xôi Lạc,,live-sports-stream,,true,"'Xôi Lạc TV' website system restreaming rights-holders' sports content without authorisation, with embedded gambling advertising/redirects; charged as copyright infringement + gambling organisation",independent,,vietnam,vietnam,"Công an (Cục An ninh mạng và phòng, chống tội phạm sử dụng công nghệ cao - Bộ Công an, phối hợp Công an tỉnh Hưng Yên)",domestic,,false,,false,none,arrest-search,true,,false,"date_source: 'Sáng 05/3/2026' / '05/03/2026' dateline. Takedown 2 Feb 2026 (action_date); press conference 5 Mar 2026. indictments n=30 (khởi tố 30 bị can = filed charges per the CODING VN mapping; charges: copyright infringement Art. 225-type + gambling). Arrests: 'bắt giữ được toàn bộ đường dây' (arrested the whole network incl. leaders, admins, commentators) -- uncounted; the 30 charged are natural persons but the release does not equate arrested with charged, so arrests=yes-uncounted rather than n=30. A05 (MPS cyber-security department) and Hưng Yên provincial police are two units of one national force -> one org -> domestic (literal two-names reading would be cooperative; flagged as in DVN-2). Rights holders unnamed ('các chủ thể quyền'). No server/domain seizure verb (servers moved constantly). The candidate table notes a same-day twin article (Hưng Yên police) with a truncated URL -- not fetched. Only corpus mention: a deferral note in the bestbuyiptv 2024 page and the 2026-05-25 expansion-candidates analysis."
REG-2026-0010,walk-2026-08-17,DTH-22,กรมสอบสวนคดีพิเศษ (DSI),le,1,https://www.dsi.go.th/th/Detail/d7b7d561b6c9744d884408dfac77b4e9,2026-03-30,,,"DSI ส่งตัวผู้ต้องหาคดีเว็บพนัน - ละเมิดลิขสิทธิ์ออนไลน์ เงินหมุนเวียน 500 ล้านบาท มูลค่าความเสียหาย 2,000 ล้านบาท",,live-sports-stream,,true,,follow-on:DTH-18,,thailand,thailand,กรมสอบสวนคดีพิเศษ (กองคดีเทคโนโลยีและสารสนเทศ),domestic,,false,,false,none,arrest-search,false,unit=follow-on:DTH-18,false,"publish_date 'เผยแพร่: 30 มี.ค. 2569' (2026-03-30); the arrest/referral date is not stated (mule-account activity 2024-10-07 to 2025-02-04). UNIT: third referral in the same EPL-streaming/gambling-advert network (damage THB 2,000M; 3-month turnover >THB 500M; 8 suspects in total, 4 arrested before, now 5, 3 at large) -> follow-on:DTH-18 (root referral row; DTH-19 is the intermediate one). Domestic: DSI only (prosecutor is the recipient). arrests n=1 = this action's increment (4 -> 5; cumulative 5 across the cluster, notes only); indictments=pending on the referral to the Special Litigation prosecutor with charges (gambling, ML conspiracy, ML). Suspect = mule-account holder for >20 gambling sites. No infrastructure action; no durability statement. [2026-08-18 coordinator, codex IC reg2: follow_on_distinct=['arrests']: a further suspect referred (the release counts 8 suspects in total, 4 arrested before, 5 now, 3 at large -- the cumulative 5 is not derivable from our three releases, so the parent carries 1 + 1 + 1 = 3 by our records with this caveat)]"
REG-2026-0011,ic,us-jetflicks-edva-trial-rcmp-illegal-streaming-2025,"Magyar Rendőrség — Országos Rendőr-főkapitányság (Hungarian National Police, ORFK) / Police.hu newsroom",le,1,https://www.police.hu/hu/hirek-es-informaciok/legfrissebb-hireink/bunugyek/netflix-helyett-jetflicks,2026-04-15,,,Netflix helyett Jetflicks,capture,iptv-service,pool-default,true,IC census row: pool tag illegal-iptv-ic; medium defaults to iptv-service (re-read as found),independent,,united-states; canada,united-states; canada,(wiki participating_agencies #1); (wiki participating_agencies #2); (wiki participating_agencies #3); (wiki participating_agencies #4),cooperative,wiki-fields,false,,false,none,arrest-search,true,,false,"converted from paper2/coding/us-jetflicks-edva-trial-rcmp-illegal-streaming-2025.json (coder agent-pilot-A, 2026-08-13); date_source=raw-frontmatter; source_of_record=raw/press-releases/2026-04-15_police-hu_netflix-helyett-jetflicks-hungarian-extradition.md; tier_basis=raw-dir:press-releases; other_cited_captures=2; quotes are the cited lines as of the coding date; stratum from wiki fields (participating_countries=2, participating_agencies=4); official_release_sourced=True. CAPTURE-UNUSABLE: raw/press-releases/2024-06-14_justice-gov-usao-nv_five-men-convicted-major-illegal-streaming-jetflicks.md is a Wayback/Archive-Team banner plus DOJ site navigation with no press-release body (lines 35-171 are boilerplate) despite text_status: parsed — not cited; the June 2024 verdict facts are instead cited to the 2025-07-22 OPA capture, which restates them. The other three captures are usable (police.hu carries ~460 lines of nav boilerplate but the full release body is present at lines 491-509). Modality: the only Column-1 action any cited record states is the Hungarian fugitive arrest — ""Mohácson, egy lakóházban fogták el április 11-én."" (police.hu raw:507); no seizure of servers, domains, or assets is stated in any cited record (the service ceased before indictment), so without the Hungarian follow-on the modality list would be empty — the manual does not say whether an empty modality list is legal for prosecution-only operations. Judicial: arrests n=1 — the sole arrest stated anywhere in the cited records is the 2026-04-11 Mohács arrest of ""H. Péter"", a 68-year-old German-Hungarian dual citizen, Jetflicks programmer May 2012–Dec 2015, sentenced to 18 months, who fled before reporting to prison (police.hu raw:499, 505, 507); his profile matches Peter H. Huber (67 at sentencing, German citizen, 18 months, conspiracy conviction — OPA raw:35, 37) — highly likely the same person, and per the follow-on rule his arrest is coded onto this parent row; US-side arrests at the 2018 indictment are nowhere stated. Indictments n=8: ""A federal grand jury returned an indictment today charging eight Las Vegas residents"" (EDVA raw:35); OPA raw:45 confirms ""eight defendants originally indicted in the Eastern District of Virginia"". Convictions n=8 is assembled from two sentences of the same record: 5 jury convictions June 2024 (OPA raw:35) + Vaillant jury conviction November 2024 + Polo and Villarino prior guilty pleas (OPA raw:45) — guilty pleas counted as convictions per CODING.md v2 (convictions include court-accepted pleas); derived-from-enumeration; cell converted 2026-08-13 to the v2 cites list so both supporting lines are carried. Imprisonments n=7: every defendant sentenced so far received a custodial component — Dallmann 84 mo; Huber 18 mo; Jaurequi time served (almost 5 months in prison); Garcia 49 days in prison within 3 years probation; Courson 48 days in prison within 3 years probation (OPA raw:37); Polo 57 months and Villarino 12 months and a day (OPA raw:45). The count is derived-from-enumeration (v2) — the record states no aggregate; CODING.md v2's custodial definition (any immediate imprisonment or jail confinement however short, incl. time served and jail days inside a probation sentence) confirms n=7; the wiki frontmatter seed imprisonments: 4 reflects a narrower prison-term-only convention. Cell converted 2026-08-13 to the v2 cites list to carry the plea defendants' custody line (OPA raw:45: Polo 57 months, Villarino 12 months and a day). Vaillant's sentence was pending at the OPA record date (""Vaillant is scheduled to be sentenced on Sept. 4."" OPA raw:45) and no later record in the corpus states it — single-value-per-stage cannot express 7-imposed-1-pending. Contradictions: police.hu raw:505 states the Hungarian defendant was found guilty in 2025 (""Majd 2025-ben megállapították bűnösségét szerzői jogi bűncselekményre irányuló összeesküvés okán"") vs the jury conviction in June 2024 per OPA raw:35; police.hu raw:505 also dates the EDVA charge to 2019 vs the 2018-08-29 EDVA release (the EDVA release itself points to Case No. 1:19-cr-253, EDVA raw:51). latest_record_date 2026-04-15 = police.hu release date (body line 495: ""2026. 04. 15., sze - 07:30""). Reconstitution: no cited record speaks to any relaunch or continuation of Jetflicks/iStreamItAll after cessation — not-reported."
REG-2026-0012,walk-2026-08-17,DTH-23,กรมสอบสวนคดีพิเศษ (DSI),le,1,https://www.dsi.go.th/th/Detail/d4e15a645f5a1f39f1a615eb9ba47c1d,2026-04-20,,2026-04-09,DSI ส่งสำนวนฟ้อง 11 ผู้ต้องหาต่ออัยการเครือข่ายฟอกเงินพนันออนไลน์กลุ่มแทนไทผ่านเว็บละเมิดลิขสิทธิ์,,hybrid,,true,"BORDERLINE: money-laundering prosecution (special case 64/2567) of the 'Thanthai' network that ran free-to-view sites streaming films, TV programmes and live foreign football with gambling banners/redirects and paid VIP tiers; the predicate copyright case was prosecuted earlier (not in this record). Coded in scope on the streaming-network target with medium hybrid; coordinator may exclude as an ML record.",independent,,thailand,thailand,กรมสอบสวนคดีพิเศษ; กองคดีเทคโนโลยีและสารสนเทศ,domestic,,false,,false,none,arrest-search,true,,false,"date_source: 'เผยแพร่: 20 เม.ย. 2569' (BE 2569 = 2026); action_date 9 April 2026 (file 64/2567 sent to the Special Litigation Office prosecutors). Thailand only; only DSI named with a role -- the prosecutors merely receive the file to consider indictment (post-hoc recipient) -> domestic. Judicial: 4 of 11 suspects arrested, 7 at large -> arrests n=4; file sent for prosecutors to consider indicting 11 on money-laundering/conspiracy -> indictments pending (referral-inferred). Damage > THB 4.5bn; > THB 10bn flowed through mule accounts; laundering via digital assets. Modality: no infrastructure action in this record. Suspects abroad mentioned without a state named. Reconstitution not addressed. [2026-08-18 coordinator, manuscript pass: arrest-search ADDED: the row codes arrests (n>=1) with an empty modality list; CODING.md Column 1 defines arrest-search as 'arrests, raids, search-and-seizure against persons/premises', so a recorded arrest is the code by definition (found while writing the manuscript's 'no modality coded' sentence)]"
REG-2026-0013,walk-2026-08-17,CC1-6,Polizeipräsidium Stuttgart,le,1,https://www.presseportal.de/blaulicht/pm/110977/6265971,2026-04-30,,2026-04-24,POL-S: Staatsanwaltschaft und Polizei Stuttgart geben bekannt: Mutmaßlichen Betreiber eines illegalen Streamingportals festgenommen,,iptv-service,,true,,independent,,germany; turkey,germany,Polizeipräsidium Stuttgart; Staatsanwaltschaft Stuttgart; Bundespolizei; Amtsgericht Stuttgart,domestic,,false,,false,none,arrest-search; asset-seizure,true,,false,"publish_date from the presseportal dateline '30.04.2026 – 10:15'; action_date = arrest 'am Freitag (24.04.2026)'. PUBLISHER/TIER: presseportal.de Blaulicht channel, 'Original-Content von: Polizeipräsidium Stuttgart' - tier 1 on that basis (flag as for CC1-2). Türkiye is named only as the country the suspect flew in from (no Turkish authority) -> countries_named only. Named organisations with a role in THIS action: Polizeipräsidium Stuttgart (investigating/searching), Staatsanwaltschaft Stuttgart (applied for the warrant), Bundespolizei (made the arrest at Stuttgart airport), Amtsgericht Stuttgart (issued the Haftbefehl that was executed) -> cooperative on orgs. arrests n=1 (the 39-year-old; committed to a JVA after the Haftrichter hearing = Untersuchungshaft, arrest stage, NOT imprisonment). indictments=pending on the ongoing Ermittlungen (DE Ermittlungsverfahren; the Haftbefehl names 'gewerbsmäßiger unerlaubter Verwertung in zwei tatmehrheitlichen Fällen' but no charge is stated; referral-inferred). asset-seizure: >EUR 800,000 in assets secured plus further assets of unknown value at Düsseldorf/Nürnberg/Borkum. No infrastructure takedown stated (no server/domain verb). No durability statement. [STRATUM recomputed under REGISTER.md as revised 2026-08-17 (states only; organisation counts play no part): countries_executing=['germany'] -> domestic; first-pass value under the old orgs clause was 'cooperative' - the org-count/'complainant-counted'/'same-force-units' remarks above are now descriptive only (private_named covariate).] [2026-08-18 coordinator, re-read (4 verifiers, CODING v4): asset-seizure KEPT under CODING v4 (d): 'Beweismittel und Vermögenswerte in Höhe von über 800.000 Euro sichergestellt' -- the release itself separates assets from evidence and states a lump asset sum; Sicherstellung of Vermögenswerte is asset recovery (§111b ff. StPO), so DE sichergestellt is not evidence-only (verifier proposed removal on the verb reading)] [2026-08-18 coordinator, re-read (4 verifiers, CODING v4): indictments quote re-anchored (value pending unchanged): the old quote ('Die Ermittlungen zu weiteren Mittätern dauern an.') is about other persons; the prosecutor-applied, court-issued arrest warrant naming the offences is the proceeding against the accused]"
REG-2026-0014,walk-2026-08-17,CC1-13,Patent- och marknadsöverdomstolen vid Svea hovrätt,court,1,https://www.domstol.se/nyheter/2026/05/fallande-dom-for-illegal-iptv-verksamhet/,2026-05-11,,2026-05-08,Fällande dom för illegal IPTV-verksamhet,,iptv-service,,true,,independent,,sweden,sweden,Patent- och marknadsöverdomstolen,domestic,,false,,false,none,asset-seizure,true,,false,"date_source: 'Publicerad : 2026-05-11 14.40'; action_date = judgment date from the attachment label 'PMB 4826-25 Dom 2026-05-08'. Appellate (PMÖD) judgment record: the court confirmed the lower court's conviction of ONE defendant ('Den tilltalade') for providing an IPTV service (own infringement of film works + aiding unlawful retransmission of signal-right protected TV broadcasts); a former co-defendant had been ACQUITTED at first instance ('frikänts från åtal i underrätten') -> two persons were charged (derived-from-enumeration: the tilltalade + the tidigare medtilltalad), one convicted. Sentence not stated -> imprisonments not-reported (the judgment PDF is attached but not fetched). Independent forfeiture ('självständigt förverkande') against the acquitted co-defendant granted for 'visst kapital och två personbilar' -> asset-seizure (sentencing-stage forfeiture tied to this action). Sweden only; only the court named with a role (the prosecutor is generic 'Åklagarens', the lower court unnamed) -> domestic. Not linked to any held Swedish IPTV action in either repository (grep 0) -- the underlying police action is unknown to the register, so unit=independent rather than follow-on. 'Domen får överklagas' -> judgment appealable (further stage possible), noted only. Named service not given; the release does not name the IPTV service."
REG-2026-0015,walk-2026-08-17,DKR-7,문화체육관광부,ministry-regulator,1,https://www.mcst.go.kr/kor/s_notice/press/pressView.jsp?pSeq=22417,2026-05-11,,2026-05-11,저작권침해 사이트 34개에 대한 최초 긴급차단 명령 통지,,other,,false,"the release does not identify the media of the 34 sites; the only named example is '뉴토끼' (a webtoon piracy site) - no IPTV/streaming/pay-TV target is established, so the row is out of the census predicate unless the site list is obtained",independent,,south-korea,south-korea,문화체육관광부,domestic,,false,,false,none,blocking-order,false,out-of-scope: the release does not identify the media of the 34 sites; the,false,"FETCH: as DKR-3 - HTML carries only title/date; the release body is the attached PDF (2 pages), appended to DKR-7.txt below a marker; PDF lines are hard-wrapped, quotes are single physical lines. publish_date '게시일/보도시점 2026. 5. 11.(월) 13:00'; action = the first emergency-blocking order notified to ISPs on 5 May 11, 2026 (2026-05-11), the day the amended Copyright Act's 긴급차단/접속차단 regime took effect. Administrative blocking of 34 copyright-infringing sites; ISPs unnamed (compelled intermediaries, not counted); 한국저작권보호원 is mentioned only as the office the minister visited (no operational role stated) -> not counted; domestic. IN_SCOPE FALSE (medium unknown; only 뉴토끼, a webtoon site, is named) - the coordinator may flip if the 34-site list shows streaming/IPTV targets. Reconstitution: the release says MCST will monitor '대체 사이트 재생성' (future) and that 뉴토끼 has repeatedly closed and reopened (pre-action history) -> not-reported."
REG-2026-0016,ic,italy-france-germany-tutto-chiaro-cinemagoal-iptv-takedown-2026,Guardia di Finanza — Comando Provinciale di Ravenna,le,1,https://www.gdf.gov.it/it/gdf-comunica/notizie-ed-eventi/comunicati-stampa/anno-2026/maggio/operazione-tutto-chiaro,2026-05-22,,,"Operazione ""Tutto chiaro"" — Contrasto alla pirateria audiovisiva con perquisizioni e sequestri in Italia, Francia e Germania",capture-h1,iptv-service,pool-default,true,IC census row: pool tag illegal-iptv-ic; medium defaults to iptv-service (re-read as found),independent,,italy; france; germany,italy; france; germany,(wiki participating_agencies #1),cooperative,wiki-fields,false,,false,none,arrest-search; hosting-takedown; end-user-action,true,,false,"converted from paper2/coding/italy-france-germany-tutto-chiaro-cinemagoal-iptv-takedown-2026.json (coder agent-w1-4, 2026-08-13); date_source=raw-frontmatter; source_of_record=raw/press-releases/2026-05-22_gdf-gov-it_operazione-tutto-chiaro-cinemagoal-iptv-takedown.md; tier_basis=raw-dir:press-releases; other_cited_captures=1; quotes are the cited lines as of the coding date; stratum from wiki fields (participating_countries=3, participating_agencies=1); official_release_sourced=True. Capture tiers: BOTH action-day captures are RECONSTRUCTION, so every coded cell here is page_only. The GdF own-domain capture (text_status: full) is an agent-structured digest — labeled bold fields ('Piattaforme vittime:', 'Danno stimato:', 'Distributori identificati:') rather than the release's prose — with verbatim Italian fragments embedded; the ANSA capture is explicitly self-described as agent-structured ('Operation summary (per ANSA, paraphrasing the GdF and Procura statement)', ansa raw:28) — exactly the paraphrase/structured-extract class v2's reconstruction tier was created for. The two other cited sources (EUIPO ecosystem 2024-10-23 and EUIPO Online Copyright Infringement 2024-11-28) carry no operation-specific facts; the ecosystem raw is itself reconstruction-tier — its 2024-dated text parenthetically cites this 2026 operation (raw/government-reports/2024-10-23_euipo-europol_uncovering-ecosystem-ip-crime.md:22), an event postdating its date: corpus defect flagged. Modality: arrest-search — ""oltre 100 perquisizioni e sequestri"" across Italy and, via Eurojust coordination, in France and Germany, ~200 finanzieri deployed (gdf raw:13; ansa raw:30); searches-and-seizures only, NO arrests stated anywhere in the record. hosting-takedown — the judicial authority ""ha disposto il sequestro di sistemi informatici esteri contenenti i dati necessari per decodificare i segnali audiovisivi protetti ed il codice sorgente del programma"" (gdf raw:29; ansa raw:66) — foreign IT systems (decryption servers + source code) seized. end-user-action — first 1,000 identified subscribers hit with administrative sanctions: ""primi 1.000 — sanzioni amministrative da 154 a 5.000 euro"" (gdf raw:23; ansa raw:62). Did NOT code asset-seizure: crypto wallets and fictitious bank accounts are described as the payment channel (ansa raw:39,44) but no freeze/forfeiture of proceeds is stated. Judicial: arrests not-reported — the record is silent on arrests (operation page frontmatter arrests: 0 is a seed; its Legal-status callout confirms no arrests announced at the 2026-05-22 release). Indictments pending — the record lists charge heads under an ongoing Procura di Bologna-directed investigation: ""associazione per delinquere finalizzata alla diffusione illecita di palinsesti televisivi ad accesso condizionato (pay-TV), accesso abusivo a sistemi informatici, frode informatica"" (gdf raw:31); these are investigation-stage 'capi d'accusa' (ANSA capture frames them as 'Crime statutes hypothesised', ansa raw:52-58) against indagati incl. ""oltre 70"" identified distributors (gdf raw:21), not a formal indictment of named defendants — borderline pending call flagged (proceedings underway + charge heads stated; no indictment count derivable, so pending rather than yes-uncounted, which is reserved for stage events that occurred). Convictions/imprisonments not-reported. latest_record_date 2026-05-22 (both action-day records; the two EUIPO strategic reports are earlier and not operation-specific). Reconstitution open-question per the v2 rule ('the page OR the record flags an unresolved succession/effectiveness question') — the page's Results line 144 poses the reconstitution question explicitly; note this diverges from the fase-7 pilot's treatment of forward-looking wiki prose as not-reported, because that page merely said blocks must be maintained while this page states the reconstitution question itself; protocol-boundary observation reported to the coordinator. Distributor count: ""oltre 70"" is a lower bound (gdf raw:21); the ANSA capture's English gloss 'Approximately 70 distributors' (ansa raw:43) contradicts its own parenthetical Italian 'oltre 70 soggetti distributori' — the wiki corrected this 2026-08-05 (op page line 102). Corpus search (Tutto Chiaro / CINEMAGOAL): 20+ source pages mention the operation incidentally as a cross-reference exemplar; none is an uncited source ABOUT the operation — no linkage gap. [2026-08-19 reverse pending screen] The indictments cite was line 31, `**Capi d'accusa:**` -- a BOLDED FIELD LABEL in the agent-structured digest, sitting in a run of labels (Piattaforme vittime:, Danno stimato:, ...), not Guardia di Finanza prose. Read literally it would argue for counted charges, which is worse than a weak quote. Line 13 is added ahead of it: the operation ran ""sotto la direzione della Procura della Repubblica di Bologna"", which is the direction language the pending floor asks for. ⚠ Both captures for this row are reconstruction tier and the row is page_only; ACQUISITION_LOG records that the 2026-08-17 gdf.gov.it walk REACHED this release and dropped it as a duplicate, so no first-party capture was ever made. The repair for that is a re-fetch, not a re-code."
REG-2026-0017,de,DOM-2026-1002,Hellenic Police (Ελληνική Αστυνομία),le,1,https://www.astynomia.gr/2026/05/22/22-05-2026-apo-ti-diefthynsi-dioxis-kyvernoegklimatos-synelifthi-imedapos-se-periochi-tis-attikis-gia-paravasi-tis-nomothesias-peri-pnevmatikis-idioktisias-kai-peri-prostasias-syndromitikon-ypiresion/,2026-05-22,,2026-05-20,Από τη Διεύθυνση Δίωξης Κυβερνοεγκλήματος συνελήφθη ημεδαπός σε περιοχή της Αττικής για παράβαση της νομοθεσίας περί πνευματικής ιδιοκτησίας και περί προστασίας συνδρομητικών υπηρεσιών,,other,,false,"borderline: complaint concerns illegal viewing AND sharing (διαμοιρασμό) of pay-TV signal, but the only device found is a Smart TV with an app connecting to illegal IPTV servers — reads as an end-user/sharer rather than a service or seller | 2026-08-18: OUT -- the only target is an end user (a viewer whose Smart TV was the only device found; the sharing allegation is the complainant's); REGISTER.md scope = a service or its sellers, and end-user measures count as a modality only inside an action against a service",independent,,greece,greece,Διεύθυνση Δίωξης Κυβερνοεγκλήματος; Εισαγγελίας Πρωτοδικών Αθηνών,domestic,,false,,false,none,arrest-search; intermediary-process; end-user-action,false,out-of-scope: borderline: complaint concerns illegal viewing AND sharing (,false,"Agrees with DE domestic. needs_review for SCOPE, not stratum: the DE repo holds this as an action, but the release supports only one person with a Smart TV app; the 'sharing' allegation is the complaint's, and no customers, panel, sales or retransmission equipment are reported. Medium coded 'other' for that reason. intermediary-process coded on data supplied by ISP/telephony/fintech companies to identify the suspect (unnamed). indictments=pending referral-inferred (δικογραφία to be submitted to the prosecutor). Word count includes capture frontmatter and DE extraction notes; quotes from Extracted Text only. [2026-08-18 coordinator, re-read (4 verifiers, CODING v4): end-user-action ADDED for consistency with DOM-2024-1010: the arrestee is an identified viewer reached by an enforcement measure (arrest + prosecution); a Smart TV was the only device found. Scope stays open (needs_review): an end-user-only action is arguably outside 'a service or its sellers'] [2026-08-18 coordinator, codex IC reg2: in_scope true -> false (end-user-only action; codex IC reg2 read the row against REGISTER.md's scope text). Row stays in the register, out of the census]"
REG-2026-0018,walk-2026-08-17,DVN-5,Bộ Công an,le,1,https://bocongan.gov.vn/bai-viet/cong-an-hung-yen-khoi-to-23-doi-tuong-co-hanh-vi-su-dung-cong-nghe-cao-de-xam-pham-ban-quyen-lien-quan-den-quyen-tac-gia-to-chuc-danh-bac-va-danh-bac-1779412106,2026-05-22,,2026-05,Khởi tố 23 đối tượng có hành vi sử dụng công nghệ cao để xâm phạm bản quyền liên quan đến quyền tác giả,,live-sports-stream,,true,"CakhiaTV / RakhoiTV / CaheoTV live-football pirate streaming with commentators, tied to online betting; 23 charged",independent,,vietnam,vietnam,"Phòng Cảnh sát hình sự Công an tỉnh Hưng Yên; Cục An ninh mạng và phòng, chống tội phạm công nghệ cao",domestic,,false,,false,coder,arrest-search; asset-seizure,true,,false,"[orgs-rule-only] Title on the page reads 'Khởi tố 23 đối tượng có hành vi sử dụng công nghệ cao để xâm phạm bản quyền liên quan đến quyền tác giả' (the candidate table's longer title is the URL slug). VN 'khởi tố bị can' -> indictments n=23. Arrests yes-uncounted: the release lists 'triệu tập, bắt giữ, khám xét khẩn cấp và khởi tố bị can' jointly over the 23, so the number actually detained is not separable. Asset-seizure: 27 bank accounts frozen, >10 bn VND cash/accounts, luxury cars. Action window 15/5/2026–21/5/2026 -> action_date 2026-05. Rights-holders (EPL, UCL, La Liga...) named only as infringed competitions. Stratum cooperative on the orgs rule only (Hưng Yên provincial police + A05, one state). [2026-08-17 coordinator: stratum cooperative->domestic by the states-only rule (DE CODEBOOK s.3 v1.11+); coder's value kept as stratum_as_coded]"
REG-2026-0019,walk-2026-08-17,DVN-4,Bộ Công an (Cổng thông tin điện tử),le,1,https://www.bocongan.gov.vn/bai-viet/cong-an-bac-ninh-triet-pha-duong-day-phat-song-bong-da-lau-quy-mo-lon-1779881357,2026-05-27,,2026-05-15,Công an tỉnh Bắc Ninh triệt phá đường dây phát sóng bóng đá lậu quy mô lớn,,live-sports-stream,,true,,independent,,vietnam,vietnam,Công an tỉnh Bắc Ninh; Cơ quan Cảnh sát điều tra Công an tỉnh Bắc Ninh,domestic,,false,,false,none,arrest-search,true,,false,"date_source: dateline 'Ngày 27/5/2026' / '27/05/2026'. action_date 2026-05-15 (searches and summonses on 15/5; case prosecution decision 18/5). Publisher is the Ministry of Public Security portal relaying the Bắc Ninh provincial police announcement (tier-1 state domain). Vietnam only; the only named organisation with a role is Công an tỉnh Bắc Ninh (its investigation agency); 'Công an nhiều tỉnh, thành phố' and 'các đơn vị nghiệp vụ của Bộ Công an' are unnamed -> domestic. Target: 'Bún Chả TV' website network streaming Premier League/Champions League etc. with Vietnamese commentary, monetised by ads and redirection to illegal betting sites; domains registered abroad, crypto payments to staff, frequent domain changes (evasion during operation -- history, not durability). Judicial: VN 'khởi tố bị can' = formal charging of accused persons -> indictments n=10 (CODING Column 2 mapping); no arrests stated (suspects 'triệu tập, làm việc' = summoned/questioned) -> arrests not-reported; police call on others to surrender (case being expanded). Modality: searches of homes/workplaces with seizure of 38 computers, 42 phones, recording gear, bank accounts and streaming software -> arrest-search (equipment as evidence; bank accounts 'thu giữ' listed among seized items -- not coded as asset-seizure since no freeze/forfeiture framing). No domain/hosting action stated. Reconstitution not addressed."
REG-2026-0020,ic,operation-awan-merah-myiptv4k-thailand-malaysia-isop-iptv-takedown-2026,The Online Citizen,other,2,https://theonlinecitizen.com/2026/05/28/thai-man-and-malaysian-couple-charged-over-my-iptv-4-k-streaming-piracy,2026-05-28,,,Thai man and Malaysian couple charged over MyIPTV4K streaming piracy,capture,iptv-service,pool-default,true,IC census row: pool tag illegal-iptv-ic; medium defaults to iptv-service (re-read as found),independent,,thailand; malaysia; south-korea; united-states,thailand; malaysia; south-korea; united-states,(wiki participating_agencies #1); (wiki participating_agencies #2); (wiki participating_agencies #3); (wiki participating_agencies #4); (wiki participating_agencies #5); (wiki participating_agencies #6); (wiki participating_agencies #7); (wiki participating_agencies #8),cooperative,wiki-fields,false,,true,wiki-flag,arrest-search,false,publisher_type=other,false,"converted from paper2/coding/operation-awan-merah-myiptv4k-thailand-malaysia-isop-iptv-takedown-2026.json (coder agent-w2-1, 2026-08-13); date_source=source-page; source_of_record=raw/news/2026-05-28_the-online-citizen_thai-man-malaysian-couple-charged-myiptv4k.md; tier_basis=raw-dir:news; other_cited_captures=2; quotes are the cited lines as of the coding date; stratum from wiki fields (participating_countries=4, participating_agencies=8); official_release_sourced=True. CAPTURE TIERS: the three news captures are USABLE (curl_cffi, http_status 200, fulltext) — The Online Citizen body at raw:67-105, Bangkok Post body at raw:193-211 inside very heavy site nav, Thai Examiner body at raw:85-155. The BERNAMA capture is RECONSTRUCTION tier: an agent-authored digest with bolded field labels and bullet rosters, and its own frontmatter records why — ""bernama.com own page returned HTTP 503 (rate-limit); content recovered from the BERNAMA-bylined republication on thestar.com.my (L11)"" (bernama raw:15). Nothing is coded from it; it is used only for latest_record_date and noted below. CAPTURE HYGIENE: The Online Citizen capture embeds the outlet's own machine-written block, headed ""AI-Generated Summary"" (toc raw:57-63), whose bullets include ""Operation Awan Merah involved six countries and Interpol in a coordinated anti-piracy action."" — not cited anywhere here; the reporter text below it is what is coded. MODALITY: arrest-search only, in both jurisdictions — Thailand: ""The Thai suspect, identified only as Akkharawat, 33, was arrested at a house in tambon Mae Hia, Muang district, Chiang Mai, on Wednesday."" (toc raw:75) with a subsequent company-office search; Malaysia: ""A Malaysian couple were charged in connection with the same operation following simultaneous raids on three premises in Selangor state. Officers seized computers, laptops and mobile phones used to administer the application."" (toc raw:85), corroborated at bangkok-post raw:201 and thai-examiner raw:125. NO other modality is available in any record: nothing is stated about the MyIPTV4K domain, app listing, servers, hosting, payment rails or subscriber base being seized, blocked, delisted or cut off — the operation-page frontmatter agrees (servers_seized: 0, domains_seized: 0, cryptocurrency_seized empty). The seized items on both legs are documents and devices taken as evidence (19 pages of accounting records, 4 pages of payment receipts, 22 pages of email correspondence, a credit-card photocopy, three mobile phones, one laptop, one desktop — toc raw:79, thai-examiner raw:105-109; computers/laptops/phones in Selangor — toc raw:85), so no asset-seizure. Did NOT code content-delisting despite the service being sold through Lazada Malaysia and Lazada Singapore listings (toc raw:97): no record says any listing or account was removed — the marketplace is described as the distribution channel, not as a party that acted. JUDICIAL: arrests n=3, derived-from-enumeration (1 Thailand + 2 Malaysia) — the Thai operator arrested per toc raw:75 and thai-examiner raw:101; the Malaysian couple per ""A Malaysian couple were arrested in Selangor state in connection with the same offences, said Pol Col Puwadet Chulakasevi, an economic crime superintendent."" (bangkok-post raw:201) and ""Both denied the charges following arrest."" (toc raw:89). The operation page flags a wording distinction in its own audit note (Thai suspect explicitly arrested; Malaysian couple charged following raids) — resolved here in favour of n=3 because two independent records state the couple were arrested, not merely charged. indictments n=3, derived-from-enumeration — ""Authorities arrested Mr. Akkarawat in Mae Hia Subdistrict, Mueang District, Chiang Mai. He was charged with commercial copyright infringement."" (thai-examiner raw:101), ""Following the raids, Malaysian authorities charged two individuals."" (thai-examiner raw:131), and the lede ""A Thai man and a Malaysian couple have been charged with copyright infringement as part of a coordinated multinational crackdown on MyIPTV4K"" (toc raw:67). This is the charging stage on the face of the records (unlike the Cagliari, Rosenheim and Huge Hit rows, which stop at investigation), so a count is coded rather than pending. convictions pending — all three contest: ""The Thai and Malaysian suspects reportedly denied all charges."" (bangkok-post raw:205), ""The couple pleaded not guilty to all charges."" and ""Meanwhile, prosecution processes continued in Malaysia."" (thai-examiner raw:143), ""The investigation is ongoing."" (toc raw:105) — proceedings underway with judgment awaited. imprisonments not-reported: no sentence is imposed or stated anywhere; the only custodial language in the corpus is the BERNAMA wire's abstract statutory range (""commercial offences carrying up to four years' imprisonment plus 100,000-800,000 baht fines"", bernama raw:35), which is a penalty range, not an imposed outcome — the Singapore-row rule that penalty ranges are not outcomes. NAME CONFLICT recorded, not resolved: the Thai defendant is ""Akkharawat"" in The Online Citizen (raw:75) and Bangkok Post (raw:195) but ""Akkarawat"" in Thai Examiner (raw:101) and on the operation page; likewise CIB commissioner Nathasak Chaonasai (bangkok-post raw:195) vs Nattasak Chaowanasai (thai-examiner raw:95) and ECD commander Thatpoom Jaruprat (toc raw:77) vs Tatsaphum Charupraj (thai-examiner raw:95) — transliteration variants of the same people, not different individuals. ROSTER CONFLICT recorded: Bangkok Post states the collaboration ""involved Thailand, Singapore, Malaysia, South Korea, the United States and Interpol"" (raw:199) — six parties including Singapore — while the operation page deliberately excludes Singapore from participating_countries on the ground that its documented role is as the IGCI venue for the Awan Merah meeting (thai-examiner raw:111). Not a Column value; recorded because the record and the wiki page differ. latest_record_date 2026-06-09 = BERNAMA wire byline (reporting a Thai DIP announcement dated 2026-06-08); the three usable captures are 2026-05-28/29. RECONSTITUTION not-reported, with the closest candidate examined and rejected: the DIP Director-General is quoted saying the operation resulted in the ""dismantling of the network, which distributed copyrighted films without authorisation to paying subscribers in Thailand and Malaysia."" (bernama raw:31). That is (a) a characterisation of the action's effect rather than an observed down-status of MyIPTV4K, (b) dated 2026-06-08/09, eleven days after the 2026-05-28 action and so inside the protocol's 14-day exclusion window, and (c) reconstruction-tier. No record states the MyIPTV4K box, app, Lazada listings or Unimax Pro reseller accounts stopped working, and no successor is named. Also considered and rejected: open-question — the operation page's third friction point (""Conviction not yet secured"") is about judicial deterrence pending trial, not about succession or the takedown's durability, so it does not meet the Column 3 trigger. CORPUS SEARCH ('MyIPTV'/'myiptv', 'Awan Merah', 'Unimax' across wiki/sources/ and raw/): hits are exactly the four cited source pages and their four raws. NO LINKAGE GAP. [codex audit correction 2026-08-13] convictions=pending re-cited. The registered cite was line 143, which describes the MYIPTV4K service and its market and supports nothing about proceedings. The support is line 135: 'The couple pleaded not guilty to all charges... Meanwhile, prosecution processes continued in Malaysia.' Value unchanged; one false cite replaced. (previous: raw/news/2026-05-29_thai-examiner_chiang-mai-cross-border-myiptv4k-piracy-takedown.md:143; raw/news/2026-05-28_the-online-citizen_thai-man-malaysian-couple-charged-myiptv4k.md:105; raw/news/2026-05-28_bangkok-post_arrests-pirated-movie-streaming-crackdown-myiptv4k.md:205)"
REG-2026-0021,ic,operation-kratos-2-bulgaria-europol-illegal-iptv-streaming-takedown-2026,"Europol (European Financial and Economic Crime Centre, EFECC)",igo,1,https://www.europol.europa.eu/media-press/newsroom/news/29-arrested-law-enforcement-strikes-criminal-networks-behind-illegal-streaming,2026-06-03,,,29 arrested as law enforcement strikes criminal networks behind illegal streaming - Nine criminal networks dismantled after seven-month operation | Europol,capture-h1,iptv-service,pool-default,true,IC census row: pool tag illegal-iptv-ic; medium defaults to iptv-service (re-read as found),independent,,belgium; bulgaria; croatia; france; greece; ireland; italy; netherlands; poland; romania; spain; united-kingdom; united-states,belgium; bulgaria; croatia; france; greece; ireland; italy; netherlands; poland; romania; spain; united-kingdom; united-states,(wiki participating_agencies #1); (wiki participating_agencies #2),cooperative,wiki-fields,false,,false,none,arrest-search; content-delisting,true,,false,"converted from paper2/coding/operation-kratos-2-bulgaria-europol-illegal-iptv-streaming-takedown-2026.json (coder agent-pilot-B, 2026-08-13); date_source=raw-frontmatter; source_of_record=raw/press-releases/2026-06-03_europol_operation-kratos-2-illegal-streaming-29-arrests.md; tier_basis=raw-dir:press-releases; other_cited_captures=0; quotes are the cited lines as of the coding date; stratum from wiki fields (participating_countries=13, participating_agencies=2); official_release_sourced=True. RE-CODED UNDER v2 (2026-08-13): content-delisting added (new v2 code), cites->lists, page_only flags. Capture usable: the Europol newsroom is a JS-rendered SPA and the capture came via Jina rendering (raw frontmatter fetcher note); the file carries a long cookie-banner/menu preamble but the full release body IS present at raw lines 244-295, so L57 does not bite. Single-source operation (source_count 1). MODALITY: arrest-search — raw:244 'The seven-month operation resulted in 29 arrests, the dismantling of nine organised crime groups and the removal of over 27 000 illegal streaming URLs.' plus '*   148 house searches' (raw:262). content-delisting (v2) — '*   27 332 URLs removed' (raw:267) and '*   169 domains reported' (raw:266): notice-and-takedown-style URL removal and domain reporting; under v1 this, the operation's dominant quantified output, was uncodable (pilot defect, fixed in v2). domain-seizure NOT coded: the record's verbs are 'removed' and 'reported' — no registrar seizure, redirect, court-ordered transfer, server seizure/shutdown, or DNS/ISP blocking is stated anywhere in the release, and per v2 the SOURCE TEXT's verbs beat the op page's '[[domain-seizure]]' mechanism seed (frontmatter seeds carry the repo's loose verb conventions). Also not coded: the private-partner supplementary identification figures (raw:274-277 — 4 370 new domains, 18 331 IP addresses, 397 384 URLs reported for suspension or removal, 126 979 additional infringing objects) — these describe identification and reporting-for-suspension through private-sector cooperation, not removals the record states were executed, so they were kept out of content-delisting and cited only here; '9 organised crime groups dismantled' is an outcome, not a modality. JUDICIAL: arrests n=29 (raw:244; itemised at raw:260 '*   29 arrests'). indictments 'pending', referral-inferred (v2 rule: a judicial-referral statement supports pending for the next stage) — raw:264 '*   59 cases referred to judicial authorities' read with raw:265 '*   72 ongoing criminal investigations'. convictions/imprisonments not-reported — the record is silent; 'none-stated' was NOT used because the record never explicitly says those stages were not reached (the op page's 'no convictions are reported' callout at its line 106 is the page's observation of silence, not a record statement). latest_record_date 2026-06-03 (Europol release; publish date confirmed at raw:240 'Publish date 03 Jun 2026'). RECONSTITUTION not-reported: no cited record speaks to post-operation status — the announcement (2026-06-03) is the latest record and the operational window ended 2026-04; the op page's remark that durable impact depends on 'whether the separated host-server infrastructure is reconstituted' (op page line 164) is maintainer speculation, not a record- or page-flagged succession question, so open-question was not used."
REG-2026-0022,walk-2026-08-17,CC1-19,Sør-Øst politidistrikt,le,1,https://www.politiet.no/nyheter-og-presse/sor-ost/nyhet/2026-06-04/tilstar-a-ha-solgt-flere-hundre-ulovlige-iptv-abonnementer,2026-06-04,,2026-05,Tilstår å ha solgt flere hundre ulovlige IPTV-abonnementer,,iptv-service,,true,reseller of illegal IPTV subscriptions (~280 buyers over five years),independent,,norway,norway,Sør-Øst politidistrikt,domestic,,false,,false,none,end-user-action,true,,false,"date_source: 'Publisert 4. juni 2026 kl. 10:03 av Sør-Øst politidistrikt'. action_date 2026-05 = conviction in Buskerud tingrett 'i starten av mai' (the seller confessed; he has appealed the sentence). indictments n=1 derived from the conviction (a convicted person was charged; derived-from-enumeration). Sentence not described -> imprisonments not-reported. Buskerud tingrett named as the sentencing court, not counted as a cooperating organisation (judicial stage, not operational partner). end-user-action: police have begun issuing forelegg (penalty notices) with inndragning (confiscation of savings) to the ~280 identified buyers. No infrastructure action stated."
REG-2026-0023,walk-2026-08-17,B41,"UNPJ - Unité nationale de police judiciaire, Gendarmerie nationale",le,1,https://www.gendarmerie.interieur.gouv.fr/unpj/nos-publications2/sur-le-terrain/piratage-de-flux-iptv-noos-demantelement-d-une-structure-criminelle-par-l-uncyber,2026-06-05,,2026-06-02,Piratage de flux IPTV Noos+ : démantèlement d’une structure criminelle par l’UNCyber,,iptv-service,,true,,independent,,france; belgium,france; belgium,"Unité nationale cyber (UNCyber, service de l'Unité nationale de police judiciaire); section de lutte contre la cybercriminalité J3 du parquet de Paris",cooperative,,false,,false,none,arrest-search; hosting-takedown; asset-seizure,true,,false,"publish_date 'Publié le 05 juin 2026'; action 'Le 2 juin 2026'. This session the page came back directly via curl_cffi (611 words); the candidate walk needed Jina. Cooperative: two executing states - 'coordonnée en France et en Belgique' and photo credit 'coopération entre les forces de l'ordre belges et françaises' (Belgian authority unnamed) - plus two named French bodies (UNCyber executing; parquet de Paris J3 directing). Service 'Noos+' (pay-TV + VOD; >EUR 12M over five years). Modality: interpellations (arrest-search), 20 servers seized in France and Europe + streams stopped (hosting-takedown), ~EUR 1.4M crypto/bank/cash/valuables seized (asset-seizure). Reconstitution: 'La plateforme est désormais inopérante' is announcement-time down-status (3 days after the action, <14 days) -> not-reported per CODING.md. Tier-2 figures (250,000 subscribers / 11 arrests / founder arrested in Belgium) are NOT in this release and not coded. No charging/court statements. [2026-08-18 coordinator, re-read (4 verifiers, CODING v4): indictments not-reported -> pending (referral-inferred; prosecutor/court-led investigation stated): investigation directed by the Paris prosecutor's cybercrime section (consistency screen)]"
REG-2026-0024,walk-2026-08-17,CC2-3,Policie České republiky – KŘP Jihočeského kraje,le,1,https://policie.gov.cz/clanek/neopravnene-vysilal-sportovni-prenos.aspx,2026-06-09,,,Neoprávněně vysílal sportovní přenos,,live-sports-stream,,true,"BORDERLINE: a 19-year-old restreamed a paid live sport broadcast on his public Facebook page to >=1 900 viewers — individual restreamer, not a service; kept in scope under the live-sports-stream medium",independent,,czech-republic,czech-republic,oddělení hospodářské kriminality v Českém Krumlově,domestic,,false,,false,none,,true,,false,Czech 'zahájení trestního stíhání' + 'obvinili' = formal charging of the accused -> indictments n=1; 'Trestní stíhání probíhá na svobodě' (not in custody) -> arrests not-reported. No infrastructure action stated (modality empty). Dateline '9. června 2026' at the foot of the article; the offence is dated 'v noci z 26. na 27. května 2025' — the one-year gap is as printed (candidate table notes lupa.cz suspects a typo); not resolved here. Rights-holder ('společnosti oprávněné k vysílání') unnamed. Archived-site banner ('archivní verzi webu') present.
REG-2026-0025,walk-2026-08-17,B3,Guardia di Finanza,le,1,https://www.gdf.gov.it/it/gdf-comunica/notizie-ed-eventi/comunicati-stampa/anno-2026/giugno/contrasto-allo-streaming-illegale-ed-alla-pirateria-audiovisiva,2026-06-12,,,Contrasto allo streaming illegale ed alla pirateria audiovisiva,,iptv-service,,true,,independent,,italy,italy,Guardia di Finanza; Procura della Repubblica di Crotone,domestic,,false,,false,none,asset-seizure; end-user-action,true,,false,"date_source: 'Data di pubblicazione : 12 giugno 2026'. Action date not stated. IT 'denunciati' (4 persons reported to the prosecutor; case 'attualmente nella fase delle indagini preliminari') -> indictments pending, referral-inferred; local term denunciati/indagini preliminari. Arrests: silence -> not-reported. end-user-action: 2,769 identified end users, administrative fines 'saranno notificate' (identified + sanctions announced as imminent -- coded as a measure applied to identified users; note the future tense). No explicit server seizure/shutdown verb -> no hosting-takedown (the '3 centrali' are 'individuate' and the system 'disarticolato'). Rights-holders (Sky, Dazn, NowTv, Netflix, Disney+, Spotify) named as victims only -> not orgs. Procura di Crotone counted as a named organisation with an operational role (coordination, seizure decree) -> 2 orgs -> cooperative under the REGISTER rule; on the DE country rule this is domestic. '2.769' grep hits are unrelated US sources. [STRATUM RECOMPUTED 2026-08-17: REGISTER.md was revised mid-slice to the states-only rule (organisation counts play no part); this row was first coded cooperative on the org-count reading described above and is now domestic because countries_executing=1.]"
REG-2026-0026,walk-2026-08-17,CC4-18,Instituto Mexicano de la Propiedad Industrial (IMPI),ministry-regulator,1,https://www.gob.mx/impi/prensa/el-impi-impulsa-acciones-contra-la-pirateria-y-el-streaming-ilegal-en-el-marco-de-la-copa-mundial-fifa-2026,2026-06-14,,2026-06,El IMPI impulsa acciones contra la piratería y el streaming ilegal en el marco de la Copa Mundial FIFA 2026,,live-sports-stream,,true,57 URLs retransmitting protected World Cup content suspended/blocked/removed with ISPs; the physical stadium brigades are out of scope and not coded,independent,,mexico,mexico,Instituto Mexicano de la Propiedad Industrial (IMPI); Dirección Divisional de Protección a la Propiedad Intelectual,domestic,,false,,false,none,blocking-order; content-delisting,true,,false,"Verb is 'se promovieron acciones para la suspensión, bloqueo y remoción' — IMPI promoted the measures, ISPs executed; coded blocking-order (bloqueo with ISPs) + content-delisting (remoción/suspensión of URLs). Secretaría de Economía named only as instructing authority (secretary Marcelo Ebrard); ISPs and rights-holders unnamed -> domestic. Dateline '14 de junio de 2026 | Comunicado'; action date within June 2026 (operativo during the tournament)."
REG-2026-0027,de,DOM-2026-1003,Hellenic Police (Ελληνική Αστυνομία),le,1,https://www.astynomia.gr/2026/06/17/17-06-2026-exarthrothike-egklimatiki-organosi-ta-meli-tis-opoias-drastiriopoiountan-sti-systimatiki-kai-kat-epangelma-paranomi-parochi-ypiresion-syndromitikis-tileorasis/,2026-06-17,,2026-06-16,"Εξαρθρώθηκε εγκληματική οργάνωση, τα μέλη της οποίας δραστηριοποιούνταν στη συστηματική και κατ’ επάγγελμα παράνομη παροχή υπηρεσιών συνδρομητικής τηλεόρασης",,iptv-service,,true,"IPTV retransmission organisation with 86,000+ end users in its database, subscriber-management system, servers in Greece and abroad",independent,,greece,greece,"Τμήμα Αντιμετώπισης Οργανωμένου Εγκλήματος Κρήτης της Διεύθυνσης Αντιμετώπισης Οργανωμένου Εγκλήματος; Υποδιεύθυνσης Δίωξης Οικονομικών Εγκλημάτων της Διεύθυνσης Αντιμετώπισης Οργανωμένου Εγκλήματος; Υποδιεύθυνσης Δίωξης και Εξιχνίασης Εγκλημάτων Κέρκυρας, Σάμου και Αγρινίου; Υποδιεύθυνσης Ψηφιακής Εγκληματολογικής Έρευνας και Ανάλυσης της Διεύθυνσης Εγκληματολογικών Ερευνών; Εταιρείας Προστασίας Οπτικοακουστικών Έργων (ΕΠΟΕ)",domestic,,false,,true,keywords,arrest-search; asset-seizure; end-user-action,true,,false,"Agrees with DE domestic: servers abroad, customers in many countries, foreign bank accounts and 'πολυεθνική τεχνολογική υποδομή' describe the crime; no foreign authority, request or cooperation is named. EPOE (rights-holder body) supplied a specialised team = named private participant (private_named), operational role. asset-seizure rests on 7 prosecutor asset-freeze orders (also cash >18,885 EUR and 4 vehicles + motorcycle seized). end-user-action: 71 end users in the δικογραφία and administrative fines announced for subscribers. hosting-takedown NOT coded: the satellite/iptv-box programming equipment seized in homes is transmission equipment, but the release does not state any server or hosting was seized or shut down (servers 'σε ξένες υπηρεσίες' — only purchase records seized). indictments=pending referral-inferred (7+5+71=83 persons in the case file; the headline's 76 = 5 accomplices + 71 users). Cannabis 25.5 g also seized (unrelated). Word count includes capture frontmatter and DE extraction notes; quotes from Extracted Text only."
REG-2026-0028,ic,operation-offsides-world-cup-streaming-piracy-2026,U.S. Department of Justice (Office of Public Affairs; Criminal Division — CCIPS; USAO Eastern District of Virginia),le,1,https://www.justice.gov/opa/pr/united-states-seizes-hundreds-internet-domains-used-illegally-stream-world-cup-matches,2026-06-26,,,United States Seizes Hundreds of Internet Domains Used to Illegally Stream World Cup Matches,capture-h1,iptv-service,pool-default,true,IC census row: pool tag illegal-iptv-ic; medium defaults to iptv-service (re-read as found),independent,,united-states|united states; peru|peru; bulgaria|bulgaria; croatia|croatia; romania|romania; poland|poland; colombia|colombia,united-states|united states; peru|peru; bulgaria|bulgaria; croatia|croatia; romania|romania; poland|poland; colombia|colombia,(wiki participating_agencies #1); (wiki participating_agencies #2),cooperative,wiki-fields,false,,false,none,domain-seizure; arrest-search; asset-seizure,true,,false,"converted from paper2/coding/operation-offsides-world-cup-streaming-piracy-2026.json (coder agent-w1-4, 2026-08-13); date_source=source-page; source_of_record=raw/press-releases/2026-06-26_justice-gov_operation-offsides-world-cup-domain-seizures.md; tier_basis=raw-dir:press-releases; other_cited_captures=0; quotes are the cited lines as of the coding date; stratum from wiki fields (participating_countries=7, participating_agencies=2); official_release_sourced=True. Capture tier: the single DOJ capture is USABLE (release body reproduced as captured with nav chrome removed, per its own provenance note raw:10). UNIT/AGGREGATION PROBLEM: this census row aggregates two legs the page itself says are only 'likely' the same enforcement wave — the US-led Offsides domain seizures (tier-1 DOJ) and Ecuador's 'Operación Sprint' reseller case (folded in as a section; the Sprint-Offsides linkage is NOT tier-1-confirmed, op page line 88). The judicial column is entirely Sprint-leg; the domain column is entirely US-leg. Second gap: the Sprint leg's records (Ecuador Fiscalía Boletín FGE Nº 774-DC-2026, 2026-06-25; Primicias, 2026-06-24) have NO source page and NO raw capture in the corpus — References rows [2]/[3] state the URLs were not preserved — so the citation ladder bottoms out at operation-page prose (page_only) for every Sprint-leg cell. Modality: domain-seizure — ""the seizure of nearly 400 sites"" (raw:14) under an EDVA seizure warrant/affidavit (raw:22); AAG quote ""We have seized hundreds of domains"" (raw:16). No exact integer is disclosed (""nearly 400"" / ""hundreds""; the frontmatter 400 is the page's own ceiling approximation, op page line 53). Foreign actions are NOT separately coded: ""Servers and domains linked to illegal streaming of World Cup games were targeted in Peru and Bulgaria"" and ""Additional ICHIP-supported disruptions took place in Croatia, Romania, Poland and Colombia"" (raw:28) — 'targeted'/'disruptions' are too vague to establish seizure or shutdown, and ""U.S. authorities provided leads to assist in identifying domains"" (raw:30); no foreign agency named. arrest-search (Sprint leg, page_only) — Luis Gabriel F. C. detained 2026-06-23 in Pedro Moncayo canton, Pichincha, with a rural property searched and devices seized (four internal hard drives, two cell phones, one laptop per the Fiscalía account; op page:131, 151-152). asset-seizure (Sprint leg, page_only, borderline) — court-ordered precautionary measures include ""retention of up to USD 1,000 in bank funds"" and a prohibition on disposing of assets (op page:133, 153): an individual-scale judicial asset freeze; coded per the asset-freeze definition with this smallness caveat. Judicial: arrests n=1 (Sprint leg; the US leg is an infrastructure seizure with no arrests stated — DOJ says it will ""where appropriate, seek to prosecute"", raw:16, future intent). Indictments n=1 — the defendant was formally charged 2026-06-25 with 'actos lesivos a los derechos de autor' (COIP art. 208B.h) and a 90-day fiscal instruction period began (op page:133, 151). Convictions not-reported: the claimed Colombian conviction of two brothers (70-million-peso fine) is explicitly excluded by the page as unverifiable in this project's caches (op page:197) and is not coded. latest_record_date 2026-06-26 = DOJ release (Fiscalía 2026-06-25 and Primicias 2026-06-24 are the page-only records behind the Sprint cells). Reconstitution: no cited record speaks to post-seizure status of the ~400 domains or the Ecuadorian reseller service — not-reported. CORPUS-SEARCH FIND (corpus-search): the PRO-IP Act FY2023 report extract documents the PREDECESSOR 2022 World Cup edition of Offsides — ""CCIPS/HSI/IPR Center/ICHIP-led international disruption of ~70 online sports-piracy sites during the 2022 FIFA World Cup, with parallel actions in Peru, Bulgaria, Brazil, Argentina"" and, separately, ""D. Md.'s 78 World Cup streaming domain seizures"" (raw/government-reports/2024-07-26_us-doj_pro-ip-act-annual-report-fy2023-ic-extract.md:36, 31; source page wiki/sources/2026-07-07_us-doj_pro-ip-act-annual-reports-fy2014-fy2023-series.md:35,64 warns 'distinct editions, do not conflate'). This is a different edition, not coded into this row — but it partially resolves the op page's Contradictions item (3): the 'claimed 2022 Qatar edition ... seized 78 domains' the page could not verify appears to conflate the FY2023 report's two adjacent items (~70 Offsides sites vs 78 D.Md. domain seizures). Reported to the coordinator as a wiki-side repair candidate, not a coding input."
REG-2026-0029,walk-2026-08-17,DVN-1,Bộ Công an,le,1,https://bocongan.gov.vn/bai-viet/khoi-to-vu-an-xam-pham-quyen-tac-gia-quyen-lien-quan-rua-tien-xay-ra-tai-ha-noi-tp-ho-chi-minh-va-cac-dia-phuong-lien-quan-1782920550,2026-07-01,,2026-07-01,"Khởi tố vụ án ""Xâm phạm quyền tác giả, quyền liên quan"", ""Rửa tiền"" xảy ra tại Hà Nội, TP Hồ Chí Minh và các địa phương liên quan",,streaming-site,,true,">100 pirate movie websites (>26,000 films, 2020 to 04/2026) monetised by advertising (~12.85 m USDT) plus money laundering",independent,,vietnam; united-states,vietnam; united-states,"Cục Cảnh sát điều tra tội phạm về tham nhũng, kinh tế, buôn lậu; Cục An ninh mạng và phòng, chống tội phạm sử dụng công nghệ cao; Cơ quan điều tra, Bộ An ninh nội địa Hoa Kỳ; Liên minh sáng tạo, giải trí Hiệp hội điện ảnh Hoa Kỳ; Viện kiểm sát nhân dân tối cao (Vụ 3)",cooperative,,false,,false,none,arrest-search,true,,false,"VN 'khởi tố bị can' = filed charge -> indictments n=7 (4 for copyright + laundering under Arts. 225/324, 3 for copyright under Art. 225); 4 detained pending investigation (arrests n=4), 3 under residence bans. Cooperative on both rules: US HSI ('Cơ quan điều tra, Bộ An ninh nội địa Hoa Kỳ') and ACE/MPA are named as having supplied the information — US counted as a cooperating state; ACE = named coalition. Asset measures ('kê biên, phong tỏa') are stated as ongoing/prospective -> not coded. No site takedown/blocking verb in the release. Prosecutorial approval by VKSND tối cao (Vụ 3). Dateline 01/07/2026."
REG-2026-0030,walk-2026-08-17,CC4-2,Ministerio Público Fiscal de la Nación (fiscales.gob.ar) — Unidad Fiscal Especializada en Ciberdelincuencia (UFECI),prosecutor,1,https://www.fiscales.gob.ar/ciberdelincuencia/operacion-tarjeta-roja-bloquearon-14-sitios-web-que-transmitian-ilegalmente-senales-televisivas-y-partidos-de-la-copa-mundial-de-futbol-2026/,2026-07-02,,,“Operación Tarjeta Roja”: bloquearon 14 sitios web que transmitían ilegalmente señales televisivas y partidos de la Copa Mundial de Fútbol 2026,,hybrid,,true,IPTV platforms 'Stella TV' and 'Tele Latino' plus the live-sports streaming sites of 'Futbol Libre' (14 sites/platforms re-transmitting TV signals and 2026 World Cup matches),independent,,argentina; united-states; colombia,argentina; united-states; colombia,"Unidad Fiscal Especializada en Ciberdelincuencia (UFECI); Fiscalías Nacionales en lo Criminal y Correccionales N°29, N°31 y N°52; Ente Nacional de Comunicaciones (ENACOM); Dirección Nacional del Registro de Dominios de Internet (NIC Argentina); Juzgados Nacionales en lo Criminal y Correccional N°1, N°47 y N°58; Departamento de Justicia de los Estados Unidos; Unidad de Cibercrimen de la Fiscalía General de la Nación de Colombia; Abogados-Asesores de Piratería Informática Internacional y Propiedad Intelectual (ICHIP); Cuerpo de Investigadores Judiciales (CIJ) del Ministerio Público Fiscal de la CABA; Personal Flow; DirecTV",cooperative,,false,,false,none,blocking-order; domain-seizure,true,,false,"publish_date: not present in the stripped text (the <time> element sits in the page header that strip_html drops); taken from the page HTML meta 'article:published_time 2026-07-02T15:15:33-03:00' / '<time class=article-date>Jueves 2 de julio de 2026' - date_source: page meta. Argentine national action within 'Operación Tarjeta Roja', a multilateral World Cup anti-piracy initiative organised by the US DOJ together with Colombia's FGN cyber unit 'con la participación de varios países de la región' (unnamed) - US and Colombia are coded as cooperating states (organisers of the joint operation; UFECI took part in the Bogotá operational meeting via the ICHIP-sponsored DPWG), so cooperative on both axes. Modality: by order of three national judges, ENACOM blocks transmissions (blocking-order) and NIC Argentina de-registers domains ('baja del registro' - coded domain-seizure as a state-registry takedown of domain control under court process; flag if the coordinator prefers to fold it into blocking-order). Verbs are future ('impedirán', 'imposibilitarán') but the title says 'bloquearon' - coded as done. Complainants Personal Flow and DirecTV named (flag 'complainant-counted'; row is cooperative regardless). No persons charged; 'Futbol Libre' was previously investigated by UFECI in 2022 (history). Relation to IC's operation-offsides-world-cup-streaming-piracy-2026: likely the same US-led umbrella, but that page credits Peru/Bulgaria/Croatia/Romania/Poland/Colombia and not Argentina, and this is a distinct national blocking action -> new, not dup; coordinator may link. [2026-08-18 coordinator, re-read (4 verifiers, CODING v4): indictments not-reported -> pending (referral-inferred; prosecutor/court-led investigation stated): three criminal cases processed in national prosecutors' offices (consistency screen)]"
REG-2026-0031,de,DOM-2026-1001,Hong Kong Customs and Excise Department,le,1,https://www.customs.gov.hk/en/customs-announcement/press-release/index_id_5430.html,2026-07-04,,2026-07-03,Hong Kong Customs detects suspected infringing case involving unauthorised communication of copyright works to public (with photo),,isd-retail,,true,online shop offering illicit streaming devices (set-top boxes and designated apps); two devices seized,independent,,hong-kong,hong-kong,Hong Kong Customs,domestic,,false,,false,none,arrest-search,true,,false,"Agrees with DE domestic. Very small seizure (2 devices, ~HKD 1,300). Copyright owner unnamed. The capture's first body paragraph starts with a zero-width space; not quoted from that position. Word count includes capture frontmatter and DE extraction notes; quotes from Extracted Text only."
REG-2026-0032,walk-2026-08-17,DVN-3,Bộ Công an (bocongan.gov.vn),le,1,https://bocongan.gov.vn/bai-viet/lao-cai-triet-pha-nhom-doi-tuong-xam-pham-quyen-tac-gia-quyen-lien-quan-va-to-chuc-danh-bac-duoi-hinh-thuc-ca-do-bong-da-quy-mo-lon-len-toi-850-ty-dong-1783738452,2026-07-11,,2026-06-26,"Triệt phá nhóm đối tượng xâm phạm quyền tác giả, quyền liên quan, tổ chức đánh bạc, đánh bạc dưới hình thức cá độ bóng đá quy mô lớn lên tới 850 tỷ đồng",,live-sports-stream,,true,websites 'phát lậu' (pirate-streaming) live football matches worldwide combined with large-scale football betting (VND 850bn turnover) - streaming + gambling,independent,,vietnam,vietnam,"Cơ quan Cảnh sát điều tra Công an tỉnh Lào Cai; Cục Cảnh sát hình sự; Cục An ninh mạng và phòng, chống tội phạm sử dụng công nghệ cao, Bộ Công an",domestic,,false,,false,none,arrest-search; asset-seizure,true,,false,publish_date from the article dateline '11/07/2026'; action_date = the coordinated raids 'Đến ngày 26/6/2026' (charges on 10/7/2026). Vietnam only; cooperative on orgs: Lào Cai provincial police (lead) with two MPS departments (Criminal Police Dept; Dept A05 cyber security) - all named with a role. Target: group using websites to pirate-stream live football matches (World Cup 2026 period) and run football betting; 20 persons summoned. arrests yes-uncounted: the text says the subjects operated 'until being arrested' (bị bắt giữ) without a count - flag; downgrade to not-reported if 'bị bắt giữ' is read as generic. indictments n=9: VN 'khởi tố bị can' against 09 subjects = filed charges (counted per CODING.md). asset-seizure: transactions suspended on 28 bank accounts totalling VND 7.5bn; VND 30M cash and devices seized (evidence). No site takedown verb; no durability statement. Rights-holders unnamed. [STRATUM recomputed under REGISTER.md as revised 2026-08-17 (states only; organisation counts play no part): countries_executing=['vietnam'] -> domestic; first-pass value under the old orgs clause was 'cooperative' - the org-count/'complainant-counted'/'same-force-units' remarks above are now descriptive only (private_named covariate).]
REG-2026-0033,walk-2026-08-17,CC4-13,Instituto Nacional de Defensa de la Competencia y de la Protección de la Propiedad Intelectual (Indecopi),ministry-regulator,1,https://www.gob.pe/institucion/indecopi/noticias/1417863-indecopi-ordena-bloquear-238-webs-piratas-que-difundian-ilegalmente-partidos-del-mundial-2026,2026-07-13,,2026-06-10,Indecopi ordena bloquear 238 webs piratas que difundían ilegalmente partidos del Mundial 2026,,live-sports-stream,,true,administrative blocking of 238 sites streaming or linking to World Cup 2026 matches,independent,,peru,peru,Comisión de Derecho de Autor (CDA) del Indecopi,domestic,,false,,false,none,blocking-order,true,,false,"Ex officio precautionary measures (medidas cautelares de oficio) by Indecopi's CDA; ISPs unnamed. Possibly the Peruvian 'ICHIP-supported disruption' credited without agency name in the DOJ Operation Offsides release (operation-offsides-world-cup-streaming-piracy-2026) — the Indecopi release names no foreign body, so not linked. Dateline '13 de julio de 2026 - 9:50 a. m.'; blocking executed 2026-06-10."
REG-2026-0034,walk-2026-08-17,CC4-1,Ministério da Justiça e Segurança Pública (MJSP),ministry-regulator,1,https://www.gov.br/mj/pt-br/assuntos/noticias-1/operacao-cartao-vermelho-contra-a-pirataria-na-copa-do-mundo-2026-e-realizada-em-nove-paises,2026-07-20,,,Operação Cartão Vermelho contra a pirataria na Copa do Mundo 2026 é realizada em nove países,,live-sports-stream,,true,Brazilian digital leg: 309 domains + 109 IPs used to transmit World Cup 2026 matches / TV signals blocked; 348 Telegram channels dismantled; other countries' legs were mainly physical counterfeit seizures,independent,,argentina; brazil; colombia; united-states; dominican-republic; ecuador; paraguay; chile; peru,argentina; brazil; colombia; united-states; dominican-republic; ecuador; paraguay; chile; peru,Ministério da Justiça e Segurança Pública (MJSP); U.S. Department of Justice – DOJ; Homeland Security Investigations – HSI; Laboratório de Operações Cibernéticas (Ciberlab); Polícia Civil de Pernambuco (PCPE); Associação Brasileira de Televisão por Assinatura (ABTA); Agência Nacional de Telecomunicações (Anatel); Agência Nacional do Cinema (Ancine); Judicial Investigation Agency; Cybercrime Unit of the Federal Prosecutor's Office; Fiscalía General de la Nación – Unidad de Ciberdelincuencia; Departamento de Investigaciones de Crímenes y Delitos de Alta Tecnología (DICAT); Ministerio Público de la República Dominicana; Policía Nacional del Perú; Ciberpol; Servicio Nacional de Derechos Intelectuales (Senadi); Unidad Especializada en Delitos Informáticos del Ministério Público de Paraguay; Centro Nacional de Computación de la Universidad Nacional de Asunción; Ministerio Público de Chile – Fiscalía Supraterritorial,cooperative,,false,,false,none,blocking-order; content-delisting,true,,false,"Brazil's national leg of a DOJ/HSI-coordinated nine-country World Cup 2026 action. The held IC page operation-offsides-world-cup-streaming-piracy-2026 (DOJ 2026-06-26, 'nearly 400' domains, ICHIP disruptions in Peru/Bulgaria/Croatia/Romania/Poland/Colombia) does NOT mention Brazil, 'Cartão Vermelho', or the 309/109/348 figures, and its country roster differs (no Argentina/DR/Paraguay/Chile/Brazil) — so this is either a second DOJ/HSI-coordinated wave or a distinct Latin-American operation; coded independent with possible-dup to make the relation visible. Blocking verbs 'bloqueio' (not seizure) -> blocking-order; Telegram channel takedown + court-ordered search de-indexing -> content-delisting. No judicial stage stated. Modality quotes are the release's Brazil-leg sentences; the release's Portuguese renders the Paraguayan MP as 'Ministério Público' (kept as printed in orgs_named). Publisher MJSP is a ministry (Ciberlab is its lab) -> ministry-regulator; candidate table said le. 'Publicado em 20/07/2026 15h14' dateline; action date within the tournament, not stated. [2026-08-17 coordinator, codex IC reg1: possible-dup -> new. The held IC row operation-offsides-world-cup-streaming-piracy-2026 is the DOJ/HSI release of 2026-06-26 (nearly 400 domains; Peru/Bulgaria/Croatia/Romania/Poland/Colombia); this MJSP release of 2026-07-20 (Operação Cartão Vermelho, 309/109/348 figures, Argentina/DR/Paraguay/Chile/Brazil) names none of those figures or countries and follows the tournament's end -> a distinct action; the relation is recorded here, not smoothed]"
REG-2026-0035,walk-2026-08-17,CC4-19,Instituto Mexicano de la Propiedad Industrial (IMPI),ministry-regulator,1,https://www.gob.mx/impi/prensa/el-impi-mete-gol-a-la-pirateria-durante-la-copa-mundial-de-la-fifa-2026,2026-07-22,,,El IMPI mete gol a la piratería durante la Copa Mundial de la FIFA 2026,,live-sports-stream,,true,tournament-wide IMPI balance: 325 URLs restreaming World Cup matches taken down via ISP suspension/blocking/removal orders (in scope) bundled with counterfeit-merchandise seizures and 550 shop inspections (out of scope),umbrella,,mexico,mexico,Instituto Mexicano de la Propiedad Industrial; Secretaría de Economía; Secretaría de Seguridad Ciudadana de la Ciudad de México; Secretaría de Marina; Agencia Nacional de Aduanas de México,domestic,,false,,false,none,blocking-order; content-delisting,false,unit=umbrella,false,"date_source: '22 de julio de 2026 | Comunicado'. UMBRELLA: a wrap-up of IMPI's World Cup 2026 IP-enforcement programme, not one action -> excluded from census by unit rule. Streaming component: 325 URLs taken down (170 pending) on procedures brought by the unnamed exclusive Mexican broadcast-rights holder ('el titular de los derechos exclusivos de transmisión del torneo en México' -> not counted). The four other government bodies named cooperated on the counterfeit-goods operations, not on the streaming measures; listed as named orgs with operational roles in the release (org-count -> cooperative), flag for the coordinator. Existing corpus IMPI hits are the SCJN amparo source and unrelated pages. [STRATUM RECOMPUTED 2026-08-17: REGISTER.md was revised mid-slice to the states-only rule (organisation counts play no part); this row was first coded cooperative on the org-count reading described above and is now domestic because countries_executing=1.]"
REG-2026-0036,walk-2026-08-17,DVN-2,Bộ Công an (Cổng thông tin điện tử),le,1,https://bocongan.gov.vn/bai-viet/quang-tri-triet-pha-duong-day-to-chuc-danh-bac-truc-tuyen-quy-mo-lon-nup-bong-phat-song-bong-da-trai-phep-1785816629,2026-08-04,,2026-07-06,Quảng Trị: Triệt phá đường dây tổ chức đánh bạc trực tuyến quy mô lớn núp bóng phát sóng bóng đá trái phép,,live-sports-stream,,true,"'Lương Sơn TV' -- free unauthorised live streaming of copyrighted football/sports (OTT and satellite signals captured and restreamed on multiple domains) used to funnel viewers into the OK9 online gambling platform; charges are gambling offences, copyright (Art. 225) noted as indicated",independent,,vietnam; cambodia,vietnam,Công an (Công an tỉnh Quảng Trị phối hợp Cục Cảnh sát hình sự Bộ Công an),domestic,,false,,false,none,arrest-search,true,,false,"date_source: dateline 'Ngày 04/8/2026' / '04/08/2026' in the article. Action day 6 July 2026 (six task teams, summonses); case and 16 defendants prosecuted (khởi tố vụ án / khởi tố bị can) on 24 July 2026 -> indictments n=16 per the CODING VN mapping (khởi tố bị can = filed charge); 'bắt giữ' 16 -> arrests n=16 (same sentence). Charges are gambling organisation/gambling; copyright infringement (BLHS Art. 225) is stated as 'có dấu hiệu' (indicated), not yet charged. Cambodia named only as the group's former base (Bavet), no Cambodian authority acted. Provincial police and the MPS Criminal Police Department are two named units of the single Công an nhân dân force -> counted as ONE organisation (rule applied throughout this slice: sub-units of one national police force = one org); under a literal two-names reading this would be cooperative -- flagged. No server/domain seizure stated (servers abroad, domains rotated)."
